kernel,group,nodes,tier,a_cost,a_cost_rep2,a_stop,a_applications,a_iterations,b_cost,b_cost_rep2,b_stop,b_applications,b_iterations,cost_ratio_a_over_b,a_elapsed_ms,b_elapsed_ms,lifted_a_cost,lifted_a_stop,lifted_b_cost,lifted_b_stop,lifted_cost_ratio_a_over_b
cellgrid:80x24_d1,cellgrid,623,classical,427,427,ClassCap,6946,3,427,427,Timeout,29364,18,1.0,19.183,200.002,427,ClassCap,427,ClassCap,1.0
glyph16:U+0020,glyph16,1,blitz,0,0,Quiesced,0,1,0,0,Quiesced,0,1,1.0,0.009,0.009,0,Quiesced,0,Quiesced,1.0
glyph16:U+0021,glyph16,1927,classical,3125,3125,ClassCap,6357,2,3063,3063,Timeout,23575,13,1.020242,23.6,200.009,3125,ClassCap,3063,ClassCap,1.020242
glyph16:U+0022,glyph16,199,classical,310,310,ClassCap,12044,4,290,290,Timeout,18218,5,1.068966,87.974,200.037,310,ClassCap,214,Timeout,1.448598
glyph16:U+0023,glyph16,615,classical,1014,1014,ClassCap,9842,3,965,965,Timeout,13623,4,1.050777,81.688,200.354,1014,ClassCap,739,Timeout,1.372124
glyph16:U+0024,glyph16,7185,classical,13131,13131,ClassCap,1886,1,13115,13115,Timeout,2066,8,1.00122,16.577,218.747,13131,ClassCap,13115,ClassCap,1.00122
glyph16:U+0025,glyph16,7327,classical,12640,12640,ClassCap,1990,1,12619,12619,Timeout,2273,10,1.001664,16.532,200.004,12640,ClassCap,12619,ClassCap,1.001664
glyph16:U+0026,glyph16,9420,classical,17979,17979,ClassCap,693,1,17979,17979,Timeout,728,8,1.0,16.493,200.001,17979,ClassCap,17979,ClassCap,1.0
glyph16:U+0027,glyph16,127,classical,171,171,ClassCap,16399,5,171,137,Timeout,15238,5,1.0,151.07,205.195,171,ClassCap,133,Timeout,1.285714
glyph16:U+0028,glyph16,1855,classical,3039,3039,ClassCap,6310,2,3051,3051,Timeout,16058,9,0.996067,23.201,200.001,3039,ClassCap,3051,ClassCap,0.996067
glyph16:U+0029,glyph16,1855,classical,3039,3039,ClassCap,6310,2,3051,3051,Timeout,13418,7,0.996067,23.136,200.016,3039,ClassCap,3051,ClassCap,0.996067
glyph16:U+002A,glyph16,559,classical,1143,1143,ClassCap,9666,3,1073,1003,Timeout,12815,4,1.065238,59.577,200.042,1143,ClassCap,931,Timeout,1.227712
glyph16:U+002B,glyph16,247,classical,319,319,ClassCap,11436,4,319,319,Timeout,31311,8,1.0,34.181,200.001,319,ClassCap,319,ClassCap,1.0
glyph16:U+002C,glyph16,1694,classical,2779,2779,ClassCap,6361,2,2785,2770,Timeout,10441,5,0.997846,23.032,200.001,2779,ClassCap,2770,ClassCap,1.003249
glyph16:U+002D,glyph16,119,classical,133,133,Quiesced,15080,7,133,133,Quiesced,15080,7,1.0,35.898,63.312,133,Quiesced,133,Quiesced,1.0
glyph16:U+002E,glyph16,1855,classical,2881,2881,ClassCap,6411,2,2877,2877,Timeout,11505,6,1.00139,22.685,210.038,2881,ClassCap,2877,ClassCap,1.00139
glyph16:U+002F,glyph16,127,classical,166,166,Timeout,17350,5,166,166,Timeout,17350,5,1.0,200.571,207.373,166,ClassCap,134,Timeout,1.238806
glyph16:U+0030,glyph16,5402,classical,9970,9970,ClassCap,2586,1,9922,9922,Timeout,3130,8,1.004838,15.924,200.179,9970,ClassCap,9922,ClassCap,1.004838
glyph16:U+0031,glyph16,1452,classical,2520,2520,ClassCap,6800,2,2424,2420,Timeout,14502,6,1.039604,22.435,200.003,2520,ClassCap,2420,ClassCap,1.041322
glyph16:U+0032,glyph16,3891,classical,6980,6980,ClassCap,3078,1,6961,6961,Timeout,4866,9,1.002729,14.781,200.001,6980,ClassCap,6961,ClassCap,1.002729
glyph16:U+0033,glyph16,6993,classical,12797,12797,ClassCap,1948,1,12785,12785,Timeout,2268,15,1.000939,16.476,200.001,12797,ClassCap,12785,ClassCap,1.000939
glyph16:U+0034,glyph16,1637,classical,2751,2751,ClassCap,6666,2,2698,2698,Timeout,20653,10,1.019644,23.492,200.001,2751,ClassCap,2698,ClassCap,1.019644
glyph16:U+0035,glyph16,4546,classical,8145,8145,ClassCap,2926,1,8102,8102,Timeout,4360,16,1.005307,15.303,200.007,8145,ClassCap,8102,ClassCap,1.005307
glyph16:U+0036,glyph16,8067,classical,15249,15249,ClassCap,1387,1,15249,15249,Timeout,1478,14,1.0,18.469,200.008,15249,ClassCap,15249,ClassCap,1.0
glyph16:U+0037,glyph16,191,classical,288,288,ClassCap,12362,4,278,278,Timeout,18864,5,1.035971,87.316,200.223,288,ClassCap,240,Timeout,1.2
glyph16:U+0038,glyph16,9774,classical,18500,18500,ClassCap,581,1,18500,18500,Timeout,629,13,1.0,16.724,200.001,18500,ClassCap,18500,ClassCap,1.0
glyph16:U+0039,glyph16,8267,classical,15698,15698,ClassCap,1260,1,15698,15698,Timeout,1278,10,1.0,16.257,200.001,15698,ClassCap,15698,ClassCap,1.0
glyph16:U+003A,glyph16,3655,classical,6228,6228,ClassCap,3374,1,6131,6131,Timeout,4294,3,1.015821,14.0,200.004,6228,ClassCap,6131,ClassCap,1.015821
glyph16:U+003B,glyph16,3494,classical,6080,6080,ClassCap,3371,1,5957,5957,Timeout,5179,6,1.020648,13.889,200.004,6080,ClassCap,5957,ClassCap,1.020648
glyph16:U+003C,glyph16,295,classical,514,514,ClassCap,7887,3,470,394,Timeout,19370,5,1.093617,31.228,200.111,514,ClassCap,394,ClassCap,1.304569
glyph16:U+003D,glyph16,183,classical,231,231,Quiesced,21429,7,231,231,Quiesced,21429,7,1.0,49.022,171.083,231,Quiesced,231,Quiesced,1.0
glyph16:U+003E,glyph16,295,classical,519,519,ClassCap,7897,3,415,399,Timeout,26064,6,1.250602,33.083,200.124,519,ClassCap,399,ClassCap,1.300752
glyph16:U+003F,glyph16,6716,classical,12176,12176,ClassCap,2009,1,12160,12160,Timeout,2065,3,1.001316,16.343,200.003,12176,ClassCap,12160,ClassCap,1.001316
glyph16:U+0040,glyph16,12056,classical,23527,23527,ClassCap,0,0,23527,23527,ClassCap,0,0,1.0,0.001,0.001,23527,ClassCap,23527,ClassCap,1.0
glyph16:U+0041,glyph16,1605,classical,2672,2672,ClassCap,6637,2,2645,2588,Timeout,12594,5,1.010208,23.201,200.002,2672,ClassCap,2588,ClassCap,1.032457
glyph16:U+0042,glyph16,4470,classical,7970,7970,ClassCap,2973,1,7956,7956,Timeout,4495,13,1.00176,15.295,200.003,7970,ClassCap,7956,ClassCap,1.00176
glyph16:U+0043,glyph16,5129,classical,9459,9459,ClassCap,2718,1,9423,9423,Timeout,3495,9,1.00382,15.56,200.001,9459,ClassCap,9423,ClassCap,1.00382
glyph16:U+0044,glyph16,2606,classical,4506,4506,ClassCap,3265,1,4559,4559,Timeout,11884,12,0.988375,12.149,200.002,4506,ClassCap,4559,ClassCap,0.988375
glyph16:U+0045,glyph16,247,classical,335,335,ClassCap,12806,4,335,335,Timeout,26083,6,1.0,58.702,204.912,335,ClassCap,335,Timeout,1.0
glyph16:U+0046,glyph16,215,classical,285,285,ClassCap,11996,4,285,285,Timeout,25694,6,1.0,54.921,213.977,285,ClassCap,285,Timeout,1.0
glyph16:U+0047,glyph16,4563,classical,8262,8262,ClassCap,2915,1,8219,8219,Timeout,4343,16,1.005232,15.372,200.002,8262,ClassCap,8219,ClassCap,1.005232
glyph16:U+0048,glyph16,247,classical,314,314,ClassCap,12700,4,328,328,Timeout,26063,6,0.957317,65.093,201.04,314,ClassCap,328,Timeout,0.957317
glyph16:U+0049,glyph16,391,classical,626,626,ClassCap,8929,3,582,582,Timeout,20353,5,1.075601,48.806,205.236,626,ClassCap,506,Timeout,1.237154
glyph16:U+004A,glyph16,2425,classical,4339,4339,ClassCap,3220,1,4052,4052,Timeout,17752,16,1.070829,11.532,200.002,4339,ClassCap,4052,ClassCap,1.070829
glyph16:U+004B,glyph16,617,classical,1047,1047,ClassCap,10063,3,910,910,Timeout,18249,6,1.150549,56.239,200.696,1047,ClassCap,890,Timeout,1.176404
glyph16:U+004C,glyph16,151,classical,185,185,ClassCap,17318,5,185,185,Timeout,23521,6,1.0,140.281,201.456,185,ClassCap,185,Timeout,1.0
glyph16:U+004D,glyph16,2345,classical,4133,4133,ClassCap,5331,2,4118,4118,Timeout,15857,14,1.003643,27.552,200.024,4133,ClassCap,4118,ClassCap,1.003643
glyph16:U+004E,glyph16,1399,classical,2457,2457,ClassCap,6421,2,2379,2379,Timeout,17784,10,1.032787,23.684,200.002,2457,ClassCap,2379,ClassCap,1.032787
glyph16:U+004F,glyph16,5945,classical,10769,10769,ClassCap,2421,1,10741,10741,Timeout,3259,16,1.002607,16.316,200.001,10769,ClassCap,10741,ClassCap,1.002607
glyph16:U+0050,glyph16,2409,classical,3990,3990,ClassCap,5418,2,3971,3971,Timeout,16862,14,1.004785,27.015,200.001,3990,ClassCap,3971,ClassCap,1.004785
glyph16:U+0051,glyph16,6053,classical,10749,10749,ClassCap,2388,1,10729,10729,Timeout,3169,16,1.001864,16.246,200.001,10749,ClassCap,10729,ClassCap,1.001864
glyph16:U+0052,glyph16,2710,classical,4725,4725,ClassCap,3337,1,4771,4771,Timeout,12670,15,0.990358,12.256,200.003,4725,ClassCap,4771,ClassCap,0.990358
glyph16:U+0053,glyph16,7616,classical,14066,14066,ClassCap,1682,1,14050,14050,Timeout,1892,15,1.001139,16.599,200.001,14066,ClassCap,14050,ClassCap,1.001139
glyph16:U+0054,glyph16,183,classical,227,227,ClassCap,18538,5,227,227,Timeout,24640,6,1.0,158.308,210.067,227,ClassCap,227,Timeout,1.0
glyph16:U+0055,glyph16,2899,classical,5170,5170,ClassCap,3440,1,5080,5080,Timeout,13732,16,1.017717,12.719,200.001,5170,ClassCap,5080,ClassCap,1.017717
glyph16:U+0056,glyph16,1573,classical,2647,2647,ClassCap,6581,2,2586,2586,Timeout,19505,10,1.023589,23.254,200.164,2647,ClassCap,2586,ClassCap,1.023589
glyph16:U+0057,glyph16,7232,classical,13499,13499,ClassCap,1842,1,13478,13478,Timeout,2303,15,1.001558,16.228,200.002,13499,ClassCap,13478,ClassCap,1.001558
glyph16:U+0058,glyph16,343,classical,652,652,ClassCap,9017,3,612,612,Timeout,14406,4,1.065359,62.443,200.072,652,ClassCap,420,Timeout,1.552381
glyph16:U+0059,glyph16,263,classical,437,437,ClassCap,7570,3,393,393,Timeout,20560,5,1.111959,38.168,206.314,437,ClassCap,317,Timeout,1.378549
glyph16:U+005A,glyph16,255,classical,393,393,ClassCap,14056,4,383,383,Timeout,20143,5,1.02611,105.407,200.551,393,ClassCap,345,Timeout,1.13913
glyph16:U+005B,glyph16,183,classical,234,234,Quiesced,21494,7,234,234,Quiesced,21494,7,1.0,49.622,48.587,234,Quiesced,234,Quiesced,1.0
glyph16:U+005C,glyph16,127,classical,166,166,Timeout,17350,5,166,166,Timeout,17350,5,1.0,200.745,200.247,166,ClassCap,134,Timeout,1.238806
glyph16:U+005D,glyph16,183,classical,244,244,Quiesced,21364,7,244,244,Quiesced,21364,7,1.0,49.757,49.109,244,Quiesced,244,Quiesced,1.0
glyph16:U+005E,glyph16,199,classical,319,319,ClassCap,12176,4,299,299,Timeout,18351,5,1.06689,89.224,200.22,319,ClassCap,223,Timeout,1.430493
glyph16:U+005F,glyph16,119,classical,129,129,Timeout,22600,6,129,129,Timeout,22600,6,1.0,200.64,201.119,129,ClassCap,129,Timeout,1.0
glyph16:U+0060,glyph16,1722,classical,2827,2827,ClassCap,6355,2,2834,2834,Timeout,26038,15,0.99753,22.73,200.002,2827,ClassCap,2834,ClassCap,0.99753
glyph16:U+0061,glyph16,5743,classical,10612,10612,ClassCap,2411,1,10588,10588,Timeout,3309,16,1.002267,16.092,200.001,10612,ClassCap,10588,ClassCap,1.002267
glyph16:U+0062,glyph16,5129,classical,9434,9434,ClassCap,2720,1,9394,9394,Timeout,4236,16,1.004258,15.826,200.001,9434,ClassCap,9394,ClassCap,1.004258
glyph16:U+0063,glyph16,4671,classical,8419,8419,ClassCap,2923,1,8385,8385,Timeout,4320,16,1.004055,15.363,200.001,8419,ClassCap,8385,ClassCap,1.004055
glyph16:U+0064,glyph16,5864,classical,10763,10763,ClassCap,2388,1,10743,10743,Timeout,3166,16,1.001862,16.196,200.001,10763,ClassCap,10743,ClassCap,1.001862
glyph16:U+0065,glyph16,4872,classical,8766,8766,ClassCap,2865,1,8737,8737,Timeout,4338,16,1.003319,15.583,200.001,8766,ClassCap,8737,ClassCap,1.003319
glyph16:U+0066,glyph16,2364,classical,3955,3955,ClassCap,5469,2,3925,3925,Timeout,16498,14,1.007643,26.982,200.001,3955,ClassCap,3925,ClassCap,1.007643
glyph16:U+0067,glyph16,7009,classical,12799,12799,ClassCap,1951,1,12787,12787,Timeout,2229,16,1.000938,16.372,200.002,12799,ClassCap,12787,ClassCap,1.000938
glyph16:U+0068,glyph16,2931,classical,5045,5045,ClassCap,3472,1,5114,5114,Timeout,10199,15,0.986508,12.856,200.002,5045,ClassCap,5114,ClassCap,0.986508
glyph16:U+0069,glyph16,2123,classical,3510,3510,ClassCap,6347,2,3395,3395,Timeout,20715,13,1.033873,25.803,200.005,3510,ClassCap,3395,ClassCap,1.033873
glyph16:U+006A,glyph16,4293,classical,7523,7523,ClassCap,3014,1,7463,7463,Timeout,4829,17,1.00804,15.221,200.001,7523,ClassCap,7463,ClassCap,1.00804
glyph16:U+006B,glyph16,1460,classical,2517,2517,ClassCap,6789,2,2430,2430,Timeout,19715,9,1.035802,22.847,200.002,2517,ClassCap,2430,ClassCap,1.035802
glyph16:U+006C,glyph16,323,classical,522,522,ClassCap,8304,3,488,488,Timeout,20597,5,1.069672,43.545,200.104,522,ClassCap,421,Timeout,1.239905
glyph16:U+006D,glyph16,5289,classical,9624,9624,ClassCap,2654,1,9615,9615,Timeout,4216,16,1.000936,15.883,200.001,9624,ClassCap,9615,ClassCap,1.000936
glyph16:U+006E,glyph16,2264,classical,3759,3759,ClassCap,5722,2,3708,3708,Timeout,17055,13,1.013754,26.331,200.062,3759,ClassCap,3708,ClassCap,1.013754
glyph16:U+006F,glyph16,5716,classical,10262,10262,ClassCap,2515,1,10218,10218,Timeout,3458,16,1.004306,16.056,200.001,10262,ClassCap,10218,ClassCap,1.004306
glyph16:U+0070,glyph16,5406,classical,9922,9922,ClassCap,2589,1,9879,9879,Timeout,3860,16,1.004353,15.932,200.001,9922,ClassCap,9879,ClassCap,1.004353
glyph16:U+0071,glyph16,5046,classical,9172,9172,ClassCap,2777,1,9156,9156,Timeout,4362,16,1.001747,15.797,200.001,9172,ClassCap,9156,ClassCap,1.001747
glyph16:U+0072,glyph16,2456,classical,4180,4180,ClassCap,5113,2,4152,4152,Timeout,15019,15,1.006744,27.474,200.001,4180,ClassCap,4152,ClassCap,1.006744
glyph16:U+0073,glyph16,6929,classical,12680,12680,ClassCap,1968,1,12668,12668,Timeout,2316,15,1.000947,16.489,200.001,12680,ClassCap,12668,ClassCap,1.000947
glyph16:U+0074,glyph16,2421,classical,4109,4109,ClassCap,5091,2,4088,4088,Timeout,17852,16,1.005137,25.827,200.002,4109,ClassCap,4088,ClassCap,1.005137
glyph16:U+0075,glyph16,2493,classical,4153,4153,ClassCap,5123,2,4135,4135,Timeout,17757,16,1.004353,25.796,200.003,4153,ClassCap,4135,ClassCap,1.004353
glyph16:U+0076,glyph16,1115,classical,1760,1760,ClassCap,6760,2,1625,1625,Timeout,19266,8,1.083077,19.351,203.076,1760,ClassCap,1625,ClassCap,1.083077
glyph16:U+0077,glyph16,3663,classical,6602,6602,ClassCap,3133,1,6577,6577,Timeout,6601,17,1.003801,14.599,200.008,6602,ClassCap,6577,ClassCap,1.003801
glyph16:U+0078,glyph16,343,classical,639,639,ClassCap,8967,3,599,599,Timeout,14396,4,1.066778,62.258,200.197,639,ClassCap,407,Timeout,1.570025
glyph16:U+0079,glyph16,3530,classical,6403,6403,ClassCap,3229,1,6260,6260,Timeout,7425,17,1.022843,14.314,200.001,6403,ClassCap,6260,ClassCap,1.022843
glyph16:U+007A,glyph16,255,classical,393,393,ClassCap,14056,4,383,383,Timeout,20143,5,1.02611,105.381,200.751,393,ClassCap,345,Timeout,1.13913
glyph16:U+007B,glyph16,4598,classical,8205,8205,ClassCap,2918,1,8171,8171,Timeout,4543,17,1.004161,15.382,200.001,8205,ClassCap,8171,ClassCap,1.004161
glyph16:U+007C,glyph16,119,classical,133,133,Quiesced,15325,7,133,133,Quiesced,15325,7,1.0,39.845,39.694,133,Quiesced,133,Quiesced,1.0
glyph16:U+007D,glyph16,4598,classical,8215,8215,ClassCap,2918,1,8172,8172,Timeout,4554,16,1.005262,15.375,200.001,8215,ClassCap,8172,ClassCap,1.005262
glyph16:U+007E,glyph16,5093,classical,9370,9370,ClassCap,2750,1,9338,9338,Timeout,3950,16,1.003427,15.779,200.001,9370,ClassCap,9338,ClassCap,1.003427
glyph32:U+0020,glyph32,1,blitz,0,0,Quiesced,0,1,0,0,Quiesced,0,1,1.0,0.009,0.007,0,Quiesced,0,Quiesced,1.0
glyph32:U+0021,glyph32,1927,classical,3125,3125,ClassCap,6357,2,3063,3063,Timeout,24178,14,1.020242,23.34,200.003,3125,ClassCap,3063,ClassCap,1.020242
glyph32:U+0022,glyph32,199,classical,310,310,ClassCap,12044,4,290,290,Timeout,18218,5,1.068966,88.344,200.048,310,ClassCap,214,Timeout,1.448598
glyph32:U+0023,glyph32,615,classical,1014,1014,ClassCap,9842,3,965,965,Timeout,13625,4,1.050777,81.723,200.025,1014,ClassCap,739,Timeout,1.372124
glyph32:U+0024,glyph32,7185,classical,13131,13131,ClassCap,1886,1,13115,13115,Timeout,2248,15,1.00122,16.535,200.002,13131,ClassCap,13115,ClassCap,1.00122
glyph32:U+0025,glyph32,7327,classical,12640,12640,ClassCap,1990,1,12619,12619,Timeout,2465,16,1.001664,16.515,200.002,12640,ClassCap,12619,ClassCap,1.001664
glyph32:U+0026,glyph32,9420,classical,17979,17979,ClassCap,693,1,17979,17979,Timeout,758,14,1.0,16.514,200.001,17979,ClassCap,17979,ClassCap,1.0
glyph32:U+0027,glyph32,127,classical,171,171,ClassCap,16399,5,137,137,Timeout,22050,6,1.248175,151.14,226.853,171,ClassCap,133,Timeout,1.285714
glyph32:U+0028,glyph32,1855,classical,3039,3039,ClassCap,6310,2,3051,3051,Timeout,21350,13,0.996067,23.156,200.007,3039,ClassCap,3051,ClassCap,0.996067
glyph32:U+0029,glyph32,1855,classical,3039,3039,ClassCap,6310,2,3051,3051,Timeout,20033,12,0.996067,23.164,200.037,3039,ClassCap,3051,ClassCap,0.996067
glyph32:U+002A,glyph32,559,classical,1143,1143,ClassCap,9666,3,1003,1003,Timeout,15357,5,1.139581,59.718,200.074,1143,ClassCap,931,Timeout,1.227712
glyph32:U+002B,glyph32,247,classical,319,319,ClassCap,11436,4,319,319,Timeout,76217,16,1.0,32.896,200.002,319,ClassCap,319,ClassCap,1.0
glyph32:U+002C,glyph32,1694,classical,2779,2779,ClassCap,6361,2,2770,2770,Timeout,16449,11,1.003249,22.69,200.001,2779,ClassCap,2770,Timeout,1.003249
glyph32:U+002D,glyph32,119,classical,133,133,Quiesced,15080,7,133,133,Quiesced,15080,7,1.0,35.825,35.238,133,Quiesced,133,Quiesced,1.0
glyph32:U+002E,glyph32,1855,classical,2881,2881,ClassCap,6411,2,2877,2877,Timeout,16060,11,1.00139,22.716,200.003,2881,ClassCap,2877,ClassCap,1.00139
glyph32:U+002F,glyph32,127,classical,166,166,Timeout,17350,5,166,166,Timeout,17350,5,1.0,200.139,200.195,166,ClassCap,134,Timeout,1.238806
glyph32:U+0030,glyph32,5402,classical,9970,9970,ClassCap,2586,1,9922,9922,Timeout,3522,14,1.004838,16.085,200.001,9970,ClassCap,9922,ClassCap,1.004838
glyph32:U+0031,glyph32,1452,classical,2520,2520,ClassCap,6800,2,2439,2420,Timeout,13518,5,1.03321,22.473,200.004,2520,ClassCap,2420,ClassCap,1.041322
glyph32:U+0032,glyph32,3891,classical,6980,6980,ClassCap,3078,1,6961,6961,Timeout,5274,11,1.002729,14.805,200.001,6980,ClassCap,6961,ClassCap,1.002729
glyph32:U+0033,glyph32,6993,classical,12797,12797,ClassCap,1948,1,12785,12785,Timeout,2222,13,1.000939,16.505,200.001,12797,ClassCap,12785,ClassCap,1.000939
glyph32:U+0034,glyph32,1637,classical,2751,2751,ClassCap,6666,2,2698,2698,Timeout,19062,9,1.019644,23.633,200.001,2751,ClassCap,2698,ClassCap,1.019644
glyph32:U+0035,glyph32,4546,classical,8145,8145,ClassCap,2926,1,8102,8102,Timeout,4360,16,1.005307,15.281,200.001,8145,ClassCap,8102,ClassCap,1.005307
glyph32:U+0036,glyph32,8067,classical,15249,15249,ClassCap,1387,1,15249,15249,Timeout,1471,13,1.0,16.293,200.001,15249,ClassCap,15249,ClassCap,1.0
glyph32:U+0037,glyph32,191,classical,288,288,ClassCap,12363,4,278,278,Timeout,18863,5,1.035971,87.013,200.449,288,ClassCap,240,Timeout,1.2
glyph32:U+0038,glyph32,9774,classical,18500,18500,ClassCap,581,1,18500,18500,Timeout,629,13,1.0,16.897,200.001,18500,ClassCap,18500,ClassCap,1.0
glyph32:U+0039,glyph32,8267,classical,15698,15698,ClassCap,1260,1,15698,15698,Timeout,1286,14,1.0,16.185,200.001,15698,ClassCap,15698,ClassCap,1.0
glyph32:U+003A,glyph32,3655,classical,6228,6228,ClassCap,3374,1,6131,6131,Timeout,8246,16,1.015821,14.001,200.001,6228,ClassCap,6131,ClassCap,1.015821
glyph32:U+003B,glyph32,3494,classical,6080,6080,ClassCap,3371,1,5957,5957,Timeout,7897,15,1.020648,13.836,200.001,6080,ClassCap,5957,ClassCap,1.020648
glyph32:U+003C,glyph32,295,classical,514,514,ClassCap,7887,3,394,394,Timeout,32651,7,1.304569,31.261,200.001,514,ClassCap,394,ClassCap,1.304569
glyph32:U+003D,glyph32,183,classical,231,231,Quiesced,21429,7,231,231,Quiesced,21429,7,1.0,49.074,59.629,231,Quiesced,231,Quiesced,1.0
glyph32:U+003E,glyph32,295,classical,519,519,ClassCap,7897,3,399,399,Timeout,32726,7,1.300752,33.009,200.003,519,ClassCap,399,ClassCap,1.300752
glyph32:U+003F,glyph32,6716,classical,12176,12176,ClassCap,2009,1,12160,12160,Timeout,2384,14,1.001316,16.314,200.001,12176,ClassCap,12160,ClassCap,1.001316
glyph32:U+0040,glyph32,12056,classical,23527,23527,ClassCap,0,0,23527,23527,ClassCap,0,0,1.0,0.0,0.0,23527,ClassCap,23527,ClassCap,1.0
glyph32:U+0041,glyph32,1605,classical,2672,2672,ClassCap,6637,2,2588,2588,Timeout,17950,9,1.032457,22.891,200.003,2672,ClassCap,2588,ClassCap,1.032457
glyph32:U+0042,glyph32,4470,classical,7970,7970,ClassCap,2973,1,7956,7956,Timeout,4735,15,1.00176,15.307,200.001,7970,ClassCap,7956,ClassCap,1.00176
glyph32:U+0043,glyph32,5129,classical,9459,9459,ClassCap,2718,1,9423,9423,Timeout,3790,13,1.00382,15.729,200.002,9459,ClassCap,9423,ClassCap,1.00382
glyph32:U+0044,glyph32,2606,classical,4506,4506,ClassCap,3265,1,4559,4559,Timeout,14754,15,0.988375,11.839,200.001,4506,ClassCap,4559,ClassCap,0.988375
glyph32:U+0045,glyph32,247,classical,335,335,ClassCap,12807,4,335,335,Timeout,26087,6,1.0,58.15,202.701,335,ClassCap,335,Timeout,1.0
glyph32:U+0046,glyph32,215,classical,285,285,ClassCap,11996,4,285,285,Timeout,25696,6,1.0,54.502,202.065,285,ClassCap,285,Timeout,1.0
glyph32:U+0047,glyph32,4563,classical,8262,8262,ClassCap,2915,1,8219,8219,Timeout,4343,16,1.005232,15.327,200.003,8262,ClassCap,8219,ClassCap,1.005232
glyph32:U+0048,glyph32,247,classical,314,314,ClassCap,12701,4,314,328,Timeout,18969,5,1.0,64.723,200.027,314,ClassCap,328,Timeout,0.957317
glyph32:U+0049,glyph32,391,classical,626,626,ClassCap,8929,3,582,582,Timeout,20358,5,1.075601,48.777,206.818,626,ClassCap,506,Timeout,1.237154
glyph32:U+004A,glyph32,2425,classical,4339,4339,ClassCap,3220,1,4052,4052,Timeout,17752,16,1.070829,11.578,200.001,4339,ClassCap,4052,ClassCap,1.070829
glyph32:U+004B,glyph32,617,classical,1047,1047,ClassCap,10063,3,910,910,Timeout,18267,6,1.150549,56.793,200.371,1047,ClassCap,890,Timeout,1.176404
glyph32:U+004C,glyph32,151,classical,185,185,ClassCap,17319,5,185,185,Timeout,23522,6,1.0,140.498,200.494,185,ClassCap,185,Timeout,1.0
glyph32:U+004D,glyph32,2345,classical,4133,4133,ClassCap,5331,2,4118,4118,Timeout,15857,14,1.003643,27.501,200.001,4133,ClassCap,4118,ClassCap,1.003643
glyph32:U+004E,glyph32,1399,classical,2457,2457,ClassCap,6421,2,2379,2379,Timeout,17832,10,1.032787,23.582,200.001,2457,ClassCap,2379,ClassCap,1.032787
glyph32:U+004F,glyph32,5945,classical,10769,10769,ClassCap,2421,1,10741,10741,Timeout,3259,16,1.002607,16.133,200.002,10769,ClassCap,10741,ClassCap,1.002607
glyph32:U+0050,glyph32,2409,classical,3990,3990,ClassCap,5418,2,3971,3971,Timeout,16816,14,1.004785,27.223,200.001,3990,ClassCap,3971,ClassCap,1.004785
glyph32:U+0051,glyph32,6053,classical,10749,10749,ClassCap,2388,1,10729,10729,Timeout,3169,15,1.001864,16.114,200.001,10749,ClassCap,10729,ClassCap,1.001864
glyph32:U+0052,glyph32,2710,classical,4725,4725,ClassCap,3337,1,4771,4771,Timeout,12073,14,0.990358,12.466,200.001,4725,ClassCap,4771,ClassCap,0.990358
glyph32:U+0053,glyph32,7616,classical,14066,14066,ClassCap,1682,1,14050,14050,Timeout,1877,15,1.001139,16.69,200.001,14066,ClassCap,14050,ClassCap,1.001139
glyph32:U+0054,glyph32,183,classical,227,227,ClassCap,18538,5,227,227,Timeout,24645,6,1.0,158.099,203.392,227,ClassCap,227,Timeout,1.0
glyph32:U+0055,glyph32,2899,classical,5170,5170,ClassCap,3440,1,5080,5080,Timeout,13077,15,1.017717,12.757,200.002,5170,ClassCap,5080,ClassCap,1.017717
glyph32:U+0056,glyph32,1573,classical,2647,2647,ClassCap,6581,2,2586,2586,Timeout,19411,10,1.023589,23.677,200.001,2647,ClassCap,2586,ClassCap,1.023589
glyph32:U+0057,glyph32,7232,classical,13499,13499,ClassCap,1842,1,13478,13478,Timeout,2303,15,1.001558,16.465,200.001,13499,ClassCap,13478,ClassCap,1.001558
glyph32:U+0058,glyph32,343,classical,652,652,ClassCap,9017,3,612,612,Timeout,14406,4,1.065359,62.912,200.258,652,ClassCap,420,Timeout,1.552381
glyph32:U+0059,glyph32,263,classical,437,437,ClassCap,7570,3,393,393,Timeout,20563,5,1.111959,38.379,201.274,437,ClassCap,317,Timeout,1.378549
glyph32:U+005A,glyph32,255,classical,393,393,ClassCap,14056,4,383,383,Timeout,20145,5,1.02611,106.534,200.517,393,ClassCap,345,Timeout,1.13913
glyph32:U+005B,glyph32,183,classical,234,234,Quiesced,21494,7,234,234,Quiesced,21494,7,1.0,49.888,49.669,234,Quiesced,234,Quiesced,1.0
glyph32:U+005C,glyph32,127,classical,166,166,Timeout,17350,5,166,166,Timeout,17350,5,1.0,200.243,200.207,166,ClassCap,134,Timeout,1.238806
glyph32:U+005D,glyph32,183,classical,244,244,Quiesced,21364,7,244,244,Quiesced,21364,7,1.0,50.428,49.04,244,Quiesced,244,Quiesced,1.0
glyph32:U+005E,glyph32,199,classical,319,319,ClassCap,12176,4,299,299,Timeout,18351,5,1.06689,89.78,200.41,319,ClassCap,223,Timeout,1.430493
glyph32:U+005F,glyph32,119,classical,129,129,Timeout,22600,6,129,129,Timeout,22600,6,1.0,200.4,200.866,129,ClassCap,129,Timeout,1.0
glyph32:U+0060,glyph32,1722,classical,2827,2827,ClassCap,6355,2,2834,2834,Timeout,26129,15,0.99753,23.015,200.005,2827,ClassCap,2834,ClassCap,0.99753
glyph32:U+0061,glyph32,5743,classical,10612,10612,ClassCap,2411,1,10588,10588,Timeout,3309,16,1.002267,16.025,200.001,10612,ClassCap,10588,ClassCap,1.002267
glyph32:U+0062,glyph32,5129,classical,9434,9434,ClassCap,2720,1,9394,9394,Timeout,4236,16,1.004258,16.017,200.001,9434,ClassCap,9394,ClassCap,1.004258
glyph32:U+0063,glyph32,4671,classical,8419,8419,ClassCap,2923,1,8385,8385,Timeout,4322,17,1.004055,15.501,200.001,8419,ClassCap,8385,ClassCap,1.004055
glyph32:U+0064,glyph32,5864,classical,10763,10763,ClassCap,2388,1,10743,10743,Timeout,3166,16,1.001862,16.193,200.001,10763,ClassCap,10743,ClassCap,1.001862
glyph32:U+0065,glyph32,4872,classical,8766,8766,ClassCap,2865,1,8737,8737,Timeout,4338,16,1.003319,15.343,200.001,8766,ClassCap,8737,ClassCap,1.003319
glyph32:U+0066,glyph32,2364,classical,3955,3955,ClassCap,5469,2,3925,3925,Timeout,16944,14,1.007643,27.244,200.002,3955,ClassCap,3925,ClassCap,1.007643
glyph32:U+0067,glyph32,7009,classical,12799,12799,ClassCap,1951,1,12787,12787,Timeout,2229,16,1.000938,16.654,200.001,12799,ClassCap,12787,ClassCap,1.000938
glyph32:U+0068,glyph32,2931,classical,5045,5045,ClassCap,3472,1,5114,5114,Timeout,10199,15,0.986508,13.048,200.001,5045,ClassCap,5114,ClassCap,0.986508
glyph32:U+0069,glyph32,2123,classical,3510,3510,ClassCap,6347,2,3395,3395,Timeout,20715,13,1.033873,26.259,200.008,3510,ClassCap,3395,ClassCap,1.033873
glyph32:U+006A,glyph32,4293,classical,7523,7523,ClassCap,3014,1,7463,7463,Timeout,4829,17,1.00804,15.093,200.001,7523,ClassCap,7463,ClassCap,1.00804
glyph32:U+006B,glyph32,1460,classical,2517,2517,ClassCap,6789,2,2445,2445,Timeout,19706,9,1.029448,23.034,200.075,2517,ClassCap,2445,ClassCap,1.029448
glyph32:U+006C,glyph32,323,classical,522,522,ClassCap,8304,3,488,488,Timeout,20594,5,1.069672,43.928,200.027,522,ClassCap,421,Timeout,1.239905
glyph32:U+006D,glyph32,5289,classical,9624,9624,ClassCap,2654,1,9615,9615,Timeout,4215,16,1.000936,16.091,200.001,9624,ClassCap,9615,ClassCap,1.000936
glyph32:U+006E,glyph32,2264,classical,3759,3759,ClassCap,5722,2,3708,3708,Timeout,17055,13,1.013754,26.539,200.001,3759,ClassCap,3708,ClassCap,1.013754
glyph32:U+006F,glyph32,5716,classical,10262,10262,ClassCap,2515,1,10218,10218,Timeout,3458,16,1.004306,16.109,200.001,10262,ClassCap,10218,ClassCap,1.004306
glyph32:U+0070,glyph32,5406,classical,9922,9922,ClassCap,2589,1,9879,9879,Timeout,3860,16,1.004353,16.131,200.002,9922,ClassCap,9879,ClassCap,1.004353
glyph32:U+0071,glyph32,5046,classical,9172,9172,ClassCap,2777,1,9156,9156,Timeout,4362,16,1.001747,15.849,200.001,9172,ClassCap,9156,ClassCap,1.001747
glyph32:U+0072,glyph32,2456,classical,4180,4180,ClassCap,5113,2,4152,4152,Timeout,14983,15,1.006744,27.581,200.001,4180,ClassCap,4152,ClassCap,1.006744
glyph32:U+0073,glyph32,6929,classical,12680,12680,ClassCap,1968,1,12668,12668,Timeout,2320,16,1.000947,16.965,200.001,12680,ClassCap,12668,ClassCap,1.000947
glyph32:U+0074,glyph32,2421,classical,4109,4109,ClassCap,5091,2,4088,4088,Timeout,17708,16,1.005137,26.161,200.002,4109,ClassCap,4088,ClassCap,1.005137
glyph32:U+0075,glyph32,2493,classical,4153,4153,ClassCap,5123,2,4135,4135,Timeout,17757,16,1.004353,26.211,200.002,4153,ClassCap,4135,ClassCap,1.004353
glyph32:U+0076,glyph32,1115,classical,1760,1760,ClassCap,6760,2,1625,1625,Timeout,19266,8,1.083077,19.937,200.601,1760,ClassCap,1625,ClassCap,1.083077
glyph32:U+0077,glyph32,3663,classical,6602,6602,ClassCap,3133,1,6577,6577,Timeout,6565,16,1.003801,14.732,200.002,6602,ClassCap,6577,ClassCap,1.003801
glyph32:U+0078,glyph32,343,classical,639,639,ClassCap,8967,3,599,599,Timeout,14396,4,1.066778,62.917,200.048,639,ClassCap,407,Timeout,1.570025
glyph32:U+0079,glyph32,3530,classical,6403,6403,ClassCap,3229,1,6260,6260,Timeout,7206,17,1.022843,14.41,200.001,6403,ClassCap,6260,ClassCap,1.022843
glyph32:U+007A,glyph32,255,classical,393,393,ClassCap,14056,4,383,383,Timeout,20143,5,1.02611,105.999,200.226,393,ClassCap,345,Timeout,1.13913
glyph32:U+007B,glyph32,4598,classical,8205,8205,ClassCap,2918,1,8171,8171,Timeout,4543,17,1.004161,15.458,200.001,8205,ClassCap,8171,ClassCap,1.004161
glyph32:U+007C,glyph32,119,classical,133,133,Quiesced,15325,7,133,133,Quiesced,15325,7,1.0,39.911,38.99,133,Quiesced,133,Quiesced,1.0
glyph32:U+007D,glyph32,4598,classical,8215,8215,ClassCap,2918,1,8172,8172,Timeout,4556,17,1.005262,15.618,200.002,8215,ClassCap,8172,ClassCap,1.005262
glyph32:U+007E,glyph32,5093,classical,9370,9370,ClassCap,2750,1,9338,9338,Timeout,3950,16,1.003427,16.118,200.002,9370,ClassCap,9338,ClassCap,1.003427
psychedelic,psychedelic,102,classical,766,766,ClassCap,7843,3,766,766,Timeout,17050,20,1.0,23.2,200.001,766,ClassCap,766,ClassCap,1.0
shader:cosine_palette,shader,40,rapid,296,296,ClassCap,2614,3,292,292,Timeout,6480,13,1.013699,6.095,50.001,296,ClassCap,292,ClassCap,1.013699
shader:domain_warp_fbm,shader,84,classical,444,444,ClassCap,6976,3,441,441,Timeout,9937,21,1.006803,19.633,200.002,444,ClassCap,441,ClassCap,1.006803
shader:gyroid_slice,shader,44,rapid,938,938,Quiesced,8652,9,938,938,Quiesced,8652,9,1.0,14.953,14.9,938,Quiesced,938,Quiesced,1.0
shader:julia_set,shader,122,classical,716,716,ClassCap,14866,5,694,694,Timeout,24368,19,1.0317,31.571,200.002,716,ClassCap,694,ClassCap,1.0317
shader:kaleidoscope_fold,shader,46,rapid,554,554,Quiesced,601,5,554,554,Quiesced,601,5,1.0,2.142,2.167,554,Quiesced,554,Quiesced,1.0
shader:mandelbrot_distance,shader,152,classical,576,576,ClassCap,15291,4,585,585,Timeout,27658,6,0.984615,30.308,200.169,576,ClassCap,582,Timeout,0.989691
shader:metaballs,shader,62,classical,158,158,ClassCap,10090,4,202,202,Timeout,23264,6,0.782178,53.828,200.364,158,ClassCap,221,Timeout,0.714932
shader:plasma,shader,41,rapid,363,363,ClassCap,3310,4,363,363,Timeout,9965,14,1.0,9.588,50.001,363,ClassCap,363,ClassCap,1.0
shader:smooth_min_scene,shader,43,rapid,136,136,ClassCap,2722,3,124,124,Timeout,15374,9,1.096774,6.016,50.001,136,ClassCap,124,ClassCap,1.096774
shader:smoothstep_vignette,shader,64,classical,161,161,Quiesced,1596,5,161,161,Quiesced,1596,5,1.0,4.144,4.158,161,Quiesced,161,Quiesced,1.0
shader:star_sdf,shader,66,classical,169,169,ClassCap,7997,4,169,169,Timeout,33770,20,1.0,17.466,200.002,169,ClassCap,169,ClassCap,1.0
shader:torus_slice,shader,42,rapid,141,141,ClassCap,4697,5,141,141,Timeout,25170,15,1.0,9.281,50.001,141,ClassCap,141,ClassCap,1.0
