kernel,family,class_cap,inserted_classes,classes_at_stop,live_classes,applications,stop,objective,dag_cost,tree_cost,extraction_objective,canonical_objective,canonical_dag_cost,tied_classes,seconds
glyph16_U0020,glyph16,10000,1,1,1,0,Quiesced,0,0,0,TreeCheaper,0,0,0,0.000
glyph16_U0020,glyph16,20000,1,1,1,0,Quiesced,0,0,0,TreeCheaper,0,0,0,0.000
glyph16_U0020,glyph16,5000,1,1,1,0,Quiesced,0,0,0,TreeCheaper,0,0,0,0.000
glyph16_U0021,glyph16,10000,138,7498,91,34662,ClassCap,36215,275,51252,TreeCheaper,36215,275,38,0.888
glyph16_U0021,glyph16,20000,138,14430,86,69303,ClassCap,34921,256,51228,TreeCheaper,34921,256,34,5.977
glyph16_U0021,glyph16,5000,138,2674,105,8771,ClassCap,36302,362,51578,TreeCheaper,36302,362,35,0.066
glyph16_U0022,glyph16,10000,93,1642,63,17694,Quiesced,28825,175,36872,TreeCheaper,28825,175,26,0.120
glyph16_U0022,glyph16,20000,93,1642,63,17694,Quiesced,28825,175,36872,TreeCheaper,28825,175,26,0.121
glyph16_U0022,glyph16,5000,93,1642,63,17694,Quiesced,28825,175,36872,TreeCheaper,28825,175,26,0.120
glyph16_U0023,glyph16,10000,290,6079,276,17063,ClassCap,106101,1071,129932,TreeCheaper,106101,1071,118,0.210
glyph16_U0023,glyph16,20000,290,9804,260,40740,ClassCap,105383,1013,128711,TreeCheaper,105383,1013,109,1.064
glyph16_U0023,glyph16,5000,290,3379,262,5950,ClassCap,101688,1023,134741,TreeCheaper,102136,1051,77,0.021
glyph16_U0024,glyph16,10000,2844,9939,2815,6451,ClassCap,601707,12432,2854962,Shared,604891,12631,803,0.033
glyph16_U0024,glyph16,20000,2844,19617,2377,21299,ClassCap,579284,10214,1361216,Shared,576244,10099,694,0.178
glyph16_U0024,glyph16,5000,2844,5000,2740,2184,ClassCap,660104,12119,2696599,Shared,660104,12119,1564,0.019
glyph16_U0025,glyph16,10000,3994,9988,3843,5403,ClassCap,879084,17454,3050016,Shared,881724,17619,2020,0.036
glyph16_U0025,glyph16,20000,3994,19525,3571,15282,ClassCap,814321,16381,2611461,Shared,822509,16874,997,0.059
glyph16_U0025,glyph16,5000,3994,5000,3921,843,ClassCap,4373604,17484,52612564,TreeCheaper,4373604,17484,394,0.020
glyph16_U0026,glyph16,10000,3564,9971,3473,6117,ClassCap,762731,15551,2920648,Shared,767040,15825,1519,0.035
glyph16_U0026,glyph16,20000,3564,19496,3043,15565,ClassCap,720292,13837,1859012,Shared,724398,14103,703,0.069
glyph16_U0026,glyph16,5000,3564,5000,3509,1278,ClassCap,3836071,15451,48358017,TreeCheaper,3836071,15451,797,0.020
glyph16_U0027,glyph16,10000,73,1153,47,12774,Quiesced,18319,124,22868,TreeCheaper,18319,124,17,0.074
glyph16_U0027,glyph16,20000,73,1153,47,12774,Quiesced,18319,124,22868,TreeCheaper,18319,124,17,0.073
glyph16_U0027,glyph16,5000,73,1153,47,12774,Quiesced,18319,124,22868,TreeCheaper,18319,124,17,0.073
glyph16_U0028,glyph16,10000,908,9583,750,12387,ClassCap,178884,3294,379944,TreeCheaper,176452,3217,316,0.056
glyph16_U0028,glyph16,20000,908,18010,740,25380,ClassCap,156403,3268,731540,Shared,156595,3280,244,0.077
glyph16_U0028,glyph16,5000,908,4862,768,3850,ClassCap,178287,3447,463918,Shared,178746,3471,174,0.014
glyph16_U0029,glyph16,10000,827,9562,689,12038,ClassCap,166377,3042,337056,TreeCheaper,163625,2945,295,0.050
glyph16_U0029,glyph16,20000,827,17772,685,24607,ClassCap,145211,3026,660990,Shared,145467,3042,229,0.069
glyph16_U0029,glyph16,5000,827,4863,711,3932,ClassCap,165603,3198,389936,TreeCheaper,165498,3168,175,0.014
glyph16_U002A,glyph16,10000,320,7293,305,18399,ClassCap,103236,1236,126340,TreeCheaper,103236,1236,118,0.226
glyph16_U002A,glyph16,20000,320,9885,279,44467,ClassCap,102401,1121,125804,TreeCheaper,102977,1157,122,0.651
glyph16_U002A,glyph16,5000,320,3765,302,6378,ClassCap,95569,1204,131548,TreeCheaper,95569,1204,83,0.021
glyph16_U002B,glyph16,10000,124,5448,74,161545,ClassCap,33145,205,50876,TreeCheaper,33145,205,28,1.156
glyph16_U002B,glyph16,20000,124,11354,74,426407,ClassCap,33145,205,50876,TreeCheaper,33145,205,28,3.382
glyph16_U002B,glyph16,5000,124,2289,74,18015,ClassCap,33145,205,50876,TreeCheaper,33145,205,28,0.086
glyph16_U002C,glyph16,10000,114,2752,87,28182,Quiesced,32147,272,37576,TreeCheaper,32211,276,36,0.190
glyph16_U002C,glyph16,20000,114,2752,87,28182,Quiesced,32147,272,37576,TreeCheaper,32211,276,36,0.190
glyph16_U002C,glyph16,5000,114,2553,92,13534,ClassCap,32185,310,37690,TreeCheaper,32249,314,35,0.069
glyph16_U002D,glyph16,10000,74,1138,48,12610,Quiesced,18319,124,22868,TreeCheaper,18319,124,17,0.068
glyph16_U002D,glyph16,20000,74,1138,48,12610,Quiesced,18319,124,22868,TreeCheaper,18319,124,17,0.068
glyph16_U002D,glyph16,5000,74,1138,48,12610,Quiesced,18319,124,22868,TreeCheaper,18319,124,17,0.068
glyph16_U002E,glyph16,10000,70,7497,43,36511,ClassCap,18255,120,22772,TreeCheaper,18255,120,17,1.237
glyph16_U002E,glyph16,20000,70,10949,43,46386,ClassCap,18255,120,22772,TreeCheaper,18255,120,17,2.310
glyph16_U002E,glyph16,5000,70,3542,43,18244,ClassCap,18255,120,22772,TreeCheaper,18255,120,17,0.192
glyph16_U002F,glyph16,10000,84,7891,64,37598,ClassCap,20244,189,23524,TreeCheaper,20164,184,24,0.696
glyph16_U002F,glyph16,20000,84,15406,64,72555,ClassCap,20244,189,23524,TreeCheaper,20164,184,24,2.659
glyph16_U002F,glyph16,5000,84,2981,69,11709,ClassCap,20282,227,23638,TreeCheaper,20202,222,24,0.087
glyph16_U0030,glyph16,10000,2514,9924,2447,6851,ClassCap,525302,11147,2522374,Shared,531105,11505,689,0.032
glyph16_U0030,glyph16,20000,2514,19627,2069,23013,ClassCap,512992,9292,1253472,Shared,511072,9247,671,0.757
glyph16_U0030,glyph16,5000,2514,5000,2407,2286,ClassCap,573135,10950,2254630,Shared,573199,10954,1386,0.019
glyph16_U0031,glyph16,10000,157,5255,122,22547,ClassCap,48722,407,58962,TreeCheaper,48722,407,47,0.322
glyph16_U0031,glyph16,20000,157,14670,116,75769,ClassCap,48674,359,58838,TreeCheaper,48674,359,48,6.416
glyph16_U0031,glyph16,5000,157,3104,133,9593,ClassCap,48820,445,59224,TreeCheaper,48820,445,50,0.084
glyph16_U0032,glyph16,10000,1773,9763,1517,7766,ClassCap,358691,6851,938997,Shared,360670,6970,349,0.027
glyph16_U0032,glyph16,20000,1773,19197,1464,24530,ClassCap,357436,6421,756322,TreeCheaper,354353,6308,616,0.304
glyph16_U0032,glyph16,5000,1773,4992,1727,3048,ClassCap,379663,7678,1482936,Shared,381519,7794,755,0.017
glyph16_U0033,glyph16,10000,2659,9917,2601,6721,ClassCap,551042,11702,2668211,Shared,557090,12080,731,0.032
glyph16_U0033,glyph16,20000,2659,19726,2206,22175,ClassCap,539804,9704,1308546,Shared,537724,9649,678,0.708
glyph16_U0033,glyph16,5000,2659,5000,2548,2247,ClassCap,603358,11458,2337480,Shared,603358,11458,1460,0.019
glyph16_U0034,glyph16,10000,167,5176,119,22555,ClassCap,46973,398,65292,TreeCheaper,46973,398,44,0.306
glyph16_U0034,glyph16,20000,167,14760,113,75123,ClassCap,46925,350,65168,TreeCheaper,46925,350,45,6.061
glyph16_U0034,glyph16,5000,167,3051,129,9777,ClassCap,47067,432,65571,TreeCheaper,47067,432,46,0.082
glyph16_U0035,glyph16,10000,1828,9757,1572,7793,ClassCap,377742,7092,987412,Shared,381657,7332,406,0.028
glyph16_U0035,glyph16,20000,1828,18891,1508,26068,ClassCap,374973,6573,890106,Shared,372205,6475,585,0.465
glyph16_U0035,glyph16,5000,1828,4993,1759,3018,ClassCap,401941,7831,1519071,Shared,404133,7968,820,0.017
glyph16_U0036,glyph16,10000,2644,9936,2570,6721,ClassCap,537806,11606,2532966,Shared,543774,11979,732,0.033
glyph16_U0036,glyph16,20000,2644,19717,2192,22304,ClassCap,523894,9649,1264886,Shared,521494,9574,673,0.831
glyph16_U0036,glyph16,5000,2644,5000,2527,2258,ClassCap,585706,11401,2261296,Shared,585706,11401,1444,0.018
glyph16_U0037,glyph16,10000,117,7128,90,31862,ClassCap,32155,280,37312,TreeCheaper,32155,280,36,0.788
glyph16_U0037,glyph16,20000,117,14266,87,63823,ClassCap,32147,272,37288,TreeCheaper,32147,272,34,5.383
glyph16_U0037,glyph16,5000,117,3533,97,15234,ClassCap,32205,330,37422,TreeCheaper,32205,330,38,0.168
glyph16_U0038,glyph16,10000,3405,9974,3306,6362,ClassCap,728267,15002,2924314,Shared,733446,15321,1421,0.037
glyph16_U0038,glyph16,20000,3405,19478,2897,15934,ClassCap,688783,13393,1823896,Shared,693528,13638,681,0.058
glyph16_U0038,glyph16,5000,3405,5000,3325,1508,ClassCap,3750749,14789,48888928,TreeCheaper,3750749,14789,1004,0.019
glyph16_U0039,glyph16,10000,2666,9921,2600,6752,ClassCap,540668,11738,2647621,Shared,547597,12157,737,0.034
glyph16_U0039,glyph16,20000,2666,19746,2202,22174,ClassCap,525942,9702,1285206,Shared,523782,9642,656,0.849
glyph16_U0039,glyph16,5000,2666,5000,2547,2264,ClassCap,588458,11498,2308416,Shared,588458,11498,1463,0.019
glyph16_U003A,glyph16,10000,97,8279,52,40061,ClassCap,22463,143,36712,TreeCheaper,22463,143,19,1.955
glyph16_U003A,glyph16,20000,97,13102,52,54625,ClassCap,22463,143,36712,TreeCheaper,22463,143,19,3.771
glyph16_U003A,glyph16,5000,97,2762,52,12594,ClassCap,22463,143,36712,TreeCheaper,22463,143,18,0.105
glyph16_U003B,glyph16,10000,143,3722,107,49487,Quiesced,42765,330,51580,TreeCheaper,42829,334,45,0.537
glyph16_U003B,glyph16,20000,143,3722,107,49487,Quiesced,42765,330,51580,TreeCheaper,42829,334,45,0.533
glyph16_U003B,glyph16,5000,143,2710,123,8699,ClassCap,42848,413,51802,TreeCheaper,42848,413,45,0.049
glyph16_U003C,glyph16,10000,178,4645,142,31303,ClassCap,49347,462,61808,TreeCheaper,49539,474,59,0.263
glyph16_U003C,glyph16,20000,178,5722,138,58193,Quiesced,49335,450,61760,TreeCheaper,49527,462,56,1.306
glyph16_U003C,glyph16,5000,178,3095,157,9174,ClassCap,49696,571,62191,TreeCheaper,49696,571,57,0.061
glyph16_U003D,glyph16,10000,97,7608,55,27694,ClassCap,23503,148,41010,TreeCheaper,23503,148,21,0.467
glyph16_U003D,glyph16,20000,97,15129,55,66226,ClassCap,23503,148,41010,TreeCheaper,23503,148,21,2.951
glyph16_U003D,glyph16,5000,97,3763,55,11780,ClassCap,23503,148,41010,TreeCheaper,23503,148,20,0.111
glyph16_U003E,glyph16,10000,178,4657,142,31208,ClassCap,49347,462,63067,TreeCheaper,49539,474,60,0.284
glyph16_U003E,glyph16,20000,178,5726,138,58222,Quiesced,49335,450,63019,TreeCheaper,49527,462,57,1.402
glyph16_U003E,glyph16,5000,178,3088,157,9133,ClassCap,49696,571,63446,TreeCheaper,49696,571,58,0.063
glyph16_U003F,glyph16,10000,1928,9759,1683,7579,ClassCap,403697,7487,1046647,Shared,405931,7636,430,0.029
glyph16_U003F,glyph16,20000,1928,18861,1594,25855,ClassCap,400888,6868,902048,Shared,398056,6766,612,0.443
glyph16_U003F,glyph16,5000,1928,4995,1863,2890,ClassCap,436483,8203,1498951,Shared,437683,8278,891,0.018
glyph16_U0040,glyph16,10000,3513,9962,3393,6257,ClassCap,760570,15355,2926378,Shared,764730,15615,1505,0.037
glyph16_U0040,glyph16,20000,3513,19508,3004,15811,ClassCap,717660,13815,1869295,Shared,723503,14138,722,0.056
glyph16_U0040,glyph16,5000,3513,5000,3432,1380,ClassCap,3837896,15236,48737049,TreeCheaper,3837896,15236,851,0.020
glyph16_U0041,glyph16,10000,164,6007,150,24717,ClassCap,47724,609,52752,TreeCheaper,47724,609,58,0.493
glyph16_U0041,glyph16,20000,164,13000,128,83169,ClassCap,44968,403,52380,TreeCheaper,44968,403,52,9.021
glyph16_U0041,glyph16,5000,164,3699,160,9718,ClassCap,48108,633,53340,TreeCheaper,48108,633,56,0.086
glyph16_U0042,glyph16,10000,1820,9750,1553,7791,ClassCap,369133,7033,944415,Shared,371795,7190,387,0.028
glyph16_U0042,glyph16,20000,1820,19002,1504,25611,ClassCap,364969,6559,848770,Shared,362265,6465,593,0.517
glyph16_U0042,glyph16,5000,1820,4990,1749,3044,ClassCap,394288,7813,1431996,Shared,396373,7948,813,0.017
glyph16_U0043,glyph16,10000,1807,9756,1548,7797,ClassCap,361705,7075,968438,Shared,364997,7262,394,0.028
glyph16_U0043,glyph16,20000,1807,19108,1497,25673,ClassCap,358244,6584,871386,Shared,355476,6486,582,0.390
glyph16_U0043,glyph16,5000,1807,4994,1747,3023,ClassCap,387943,7858,1514588,Shared,390220,8005,805,0.017
glyph16_U0044,glyph16,10000,939,9371,772,13505,ClassCap,191705,3335,433004,Shared,190025,3305,303,0.171
glyph16_U0044,glyph16,20000,939,18017,768,26661,ClassCap,185008,3388,566902,Shared,184512,3432,254,0.235
glyph16_U0044,glyph16,5000,939,4870,814,3915,ClassCap,193819,3649,491493,Shared,195190,3730,213,0.014
glyph16_U0045,glyph16,10000,134,7146,83,31722,ClassCap,34606,226,48092,TreeCheaper,34606,226,30,0.672
glyph16_U0045,glyph16,20000,134,14803,83,64297,ClassCap,34606,226,48092,TreeCheaper,34606,226,30,4.035
glyph16_U0045,glyph16,5000,134,3531,83,15297,ClassCap,34606,226,48092,TreeCheaper,34606,226,29,0.137
glyph16_U0046,glyph16,10000,118,6855,72,29586,ClassCap,29881,196,41762,TreeCheaper,29881,196,26,0.624
glyph16_U0046,glyph16,20000,118,15019,72,60643,ClassCap,29881,196,41762,TreeCheaper,29881,196,26,3.509
glyph16_U0046,glyph16,5000,118,3184,72,14175,ClassCap,29881,196,41762,TreeCheaper,29881,196,25,0.117
glyph16_U0047,glyph16,10000,1854,9758,1597,7743,ClassCap,379426,7201,994888,Shared,383021,7421,412,0.028
glyph16_U0047,glyph16,20000,1854,18874,1538,26010,ClassCap,376509,6669,889030,Shared,373501,6556,592,0.427
glyph16_U0047,glyph16,5000,1854,4994,1782,2983,ClassCap,406546,7936,1502710,Shared,408370,8050,844,0.017
glyph16_U0048,glyph16,10000,118,6671,68,29752,ClassCap,32985,195,50652,TreeCheaper,32985,195,28,0.658
glyph16_U0048,glyph16,20000,118,14456,68,60456,ClassCap,32985,195,50652,TreeCheaper,32985,195,28,3.469
glyph16_U0048,glyph16,5000,118,3202,68,14395,ClassCap,32985,195,50652,TreeCheaper,32985,195,27,0.121
glyph16_U0049,glyph16,10000,122,6682,70,30071,ClassCap,33081,201,50652,TreeCheaper,33081,201,28,0.684
glyph16_U0049,glyph16,20000,122,14767,70,60869,ClassCap,33081,201,50652,TreeCheaper,33081,201,28,3.539
glyph16_U0049,glyph16,5000,122,3224,70,14634,ClassCap,33081,201,50652,TreeCheaper,33081,201,27,0.135
glyph16_U004A,glyph16,10000,982,9414,805,13268,ClassCap,207491,3461,430816,TreeCheaper,205363,3403,333,0.094
glyph16_U004A,glyph16,20000,982,17889,810,26400,ClassCap,197786,3506,588604,Shared,196634,3509,273,0.141
glyph16_U004A,glyph16,5000,982,4878,867,3864,ClassCap,209915,3830,593610,Shared,211595,3935,233,0.014
glyph16_U004B,glyph16,10000,190,6284,160,26202,ClassCap,54297,612,65062,TreeCheaper,54297,612,60,0.478
glyph16_U004B,glyph16,20000,190,12677,154,55717,ClassCap,54197,512,64812,TreeCheaper,54197,512,65,3.540
glyph16_U004B,glyph16,5000,190,3750,171,10620,ClassCap,54634,649,65603,TreeCheaper,54634,649,61,0.094
glyph16_U004C,glyph16,10000,87,7929,55,39589,ClassCap,22996,151,29102,TreeCheaper,22996,151,21,1.624
glyph16_U004C,glyph16,20000,87,12207,55,52348,ClassCap,22996,151,29102,TreeCheaper,22996,151,21,3.199
glyph16_U004C,glyph16,5000,87,2666,55,12137,ClassCap,22996,151,29102,TreeCheaper,22996,151,20,0.092
glyph16_U004D,glyph16,10000,175,6023,147,25362,ClassCap,56353,553,65992,TreeCheaper,56353,553,59,0.406
glyph16_U004D,glyph16,20000,175,12091,142,53598,ClassCap,56273,473,65792,TreeCheaper,56273,473,64,2.950
glyph16_U004D,glyph16,5000,175,3654,159,10275,ClassCap,56634,594,66452,TreeCheaper,56634,594,62,0.086
glyph16_U004E,glyph16,10000,130,7447,93,34035,ClassCap,41159,284,51252,TreeCheaper,41159,284,41,0.781
glyph16_U004E,glyph16,20000,130,14580,91,67234,ClassCap,41155,280,51228,TreeCheaper,41155,280,40,4.916
glyph16_U004E,glyph16,5000,130,2645,104,8669,ClassCap,41209,334,51578,TreeCheaper,41209,334,42,0.058
glyph16_U004F,glyph16,10000,1707,9760,1460,7985,ClassCap,346893,6693,916952,Shared,349616,6821,344,0.026
glyph16_U004F,glyph16,20000,1707,19163,1416,25323,ClassCap,345380,6260,834484,Shared,342676,6166,565,0.574
glyph16_U004F,glyph16,5000,1707,4991,1654,3153,ClassCap,364244,7454,1492023,Shared,366356,7586,707,0.018
glyph16_U0050,glyph16,10000,957,9367,781,13534,ClassCap,194585,3350,440866,Shared,192825,3315,306,0.177
glyph16_U0050,glyph16,20000,957,17961,780,26760,ClassCap,188016,3411,574681,Shared,187584,3459,258,0.244
glyph16_U0050,glyph16,5000,957,4874,828,3899,ClassCap,198619,3679,526100,Shared,200134,3769,218,0.014
glyph16_U0051,glyph16,10000,1994,9803,1799,7654,ClassCap,414626,8186,1328512,Shared,419015,8465,492,0.029
glyph16_U0051,glyph16,20000,1994,19369,1637,25189,ClassCap,407621,7256,970406,Shared,405621,7206,650,1.162
glyph16_U0051,glyph16,5000,1994,4998,1915,2783,ClassCap,446401,8641,1573483,Shared,447809,8729,999,0.018
glyph16_U0052,glyph16,10000,1444,9859,1197,10711,ClassCap,294175,5140,685646,Shared,292335,5100,347,0.115
glyph16_U0052,glyph16,20000,1444,18507,1140,26078,ClassCap,291567,4977,578926,Shared,290687,4997,418,0.331
glyph16_U0052,glyph16,5000,1444,4972,1423,3235,ClassCap,300688,6283,1393296,Shared,303712,6472,425,0.017
glyph16_U0053,glyph16,10000,2733,9943,2690,6607,ClassCap,560390,12050,2733675,Shared,565969,12394,757,0.033
glyph16_U0053,glyph16,20000,2733,19715,2274,21798,ClassCap,546799,9934,1310616,Shared,544319,9854,671,0.588
glyph16_U0053,glyph16,5000,2733,5000,2623,2225,ClassCap,611816,11756,2449822,Shared,611816,11756,1499,0.019
glyph16_U0054,glyph16,10000,97,6085,62,27254,ClassCap,28873,178,36712,TreeCheaper,28873,178,26,0.564
glyph16_U0054,glyph16,20000,97,12720,62,55553,ClassCap,28873,178,36712,TreeCheaper,28873,178,26,3.649
glyph16_U0054,glyph16,5000,97,2881,62,13286,ClassCap,28873,178,36712,TreeCheaper,28873,178,25,0.106
glyph16_U0055,glyph16,10000,1779,9745,1532,7810,ClassCap,375939,6954,985586,Shared,377710,7060,364,0.028
glyph16_U0055,glyph16,20000,1779,19157,1488,24575,ClassCap,374547,6537,891312,Shared,371619,6429,585,0.189
glyph16_U0055,glyph16,5000,1779,4991,1749,3049,ClassCap,396523,7813,1552371,Shared,397643,7883,782,0.017
glyph16_U0056,glyph16,10000,121,6710,97,34680,ClassCap,32522,302,37912,TreeCheaper,32522,302,40,0.901
glyph16_U0056,glyph16,20000,121,11883,93,69839,ClassCap,32510,290,37864,TreeCheaper,32510,290,37,5.546
glyph16_U0056,glyph16,5000,121,2821,114,8160,ClassCap,33932,437,38428,TreeCheaper,33932,437,35,0.059
glyph16_U0057,glyph16,10000,204,6892,185,27866,ClassCap,60456,756,65024,TreeCheaper,60456,756,75,0.945
glyph16_U0057,glyph16,20000,204,14607,175,60183,ClassCap,60292,592,64744,TreeCheaper,60292,592,79,4.385
glyph16_U0057,glyph16,5000,204,3864,194,10887,ClassCap,60496,796,65616,TreeCheaper,60496,796,63,0.141
glyph16_U0058,glyph16,10000,201,7262,203,28325,ClassCap,61528,838,67432,TreeCheaper,61528,838,91,0.696
glyph16_U0058,glyph16,20000,201,12578,184,61261,ClassCap,61328,638,66992,TreeCheaper,61328,638,81,4.088
glyph16_U0058,glyph16,5000,201,4050,205,10197,ClassCap,59972,842,69028,TreeCheaper,59972,842,77,0.106
glyph16_U0059,glyph16,10000,151,5344,131,23234,ClassCap,45831,501,52052,TreeCheaper,45831,501,49,0.350
glyph16_U0059,glyph16,20000,151,13296,121,76693,ClassCap,45735,405,51804,TreeCheaper,45735,405,50,8.226
glyph16_U0059,glyph16,5000,151,3253,140,9522,ClassCap,46104,534,52478,TreeCheaper,46104,534,52,0.074
glyph16_U005A,glyph16,10000,148,7610,113,36346,ClassCap,42885,345,51252,TreeCheaper,42885,345,45,1.056
glyph16_U005A,glyph16,20000,148,14904,110,72239,ClassCap,42877,337,51228,TreeCheaper,42877,337,43,7.282
glyph16_U005A,glyph16,5000,148,2922,126,9221,ClassCap,42960,420,51578,TreeCheaper,42960,420,44,0.070
glyph16_U005B,glyph16,10000,105,1526,65,16687,Quiesced,25220,170,35592,TreeCheaper,25220,170,22,0.100
glyph16_U005B,glyph16,20000,105,1526,65,16687,Quiesced,25220,170,35592,TreeCheaper,25220,170,22,0.099
glyph16_U005B,glyph16,5000,105,1526,65,16687,Quiesced,25220,170,35592,TreeCheaper,25220,170,22,0.100
glyph16_U005C,glyph16,10000,84,7873,64,37505,ClassCap,20228,188,23572,TreeCheaper,20292,192,25,0.725
glyph16_U005C,glyph16,20000,84,15356,64,72321,ClassCap,20228,188,23572,TreeCheaper,20292,192,25,2.674
glyph16_U005C,glyph16,5000,84,2957,69,11752,ClassCap,20266,226,23686,TreeCheaper,20330,230,25,0.087
glyph16_U005D,glyph16,10000,105,1557,66,16993,Quiesced,26500,175,38152,TreeCheaper,26500,175,23,0.115
glyph16_U005D,glyph16,20000,105,1557,66,16993,Quiesced,26500,175,38152,TreeCheaper,26500,175,23,0.114
glyph16_U005D,glyph16,5000,105,1557,66,16993,Quiesced,26500,175,38152,TreeCheaper,26500,175,23,0.115
glyph16_U005E,glyph16,10000,125,6394,110,21381,ClassCap,34036,406,38460,TreeCheaper,34084,409,43,0.229
glyph16_U005E,glyph16,20000,125,15022,106,50010,ClassCap,33976,346,38280,TreeCheaper,34024,349,47,1.114
glyph16_U005E,glyph16,5000,125,3207,120,8188,ClassCap,34076,446,38540,TreeCheaper,33996,441,36,0.044
glyph16_U005F,glyph16,10000,72,5177,45,33484,ClassCap,17290,115,20799,TreeCheaper,17290,115,16,0.852
glyph16_U005F,glyph16,20000,72,10054,45,86033,ClassCap,17290,115,20799,TreeCheaper,17290,115,16,5.292
glyph16_U005F,glyph16,5000,72,3086,45,17275,ClassCap,17290,115,20799,TreeCheaper,17290,115,16,0.224
glyph16_U0060,glyph16,10000,85,7890,68,29135,ClassCap,20236,196,23596,TreeCheaper,20300,200,27,0.393
glyph16_U0060,glyph16,20000,85,12205,68,38445,ClassCap,20236,196,23596,TreeCheaper,20300,200,27,0.960
glyph16_U0060,glyph16,5000,85,3671,73,12657,ClassCap,20276,236,23696,TreeCheaper,20340,240,29,0.067
glyph16_U0061,glyph16,10000,2500,9912,2415,6862,ClassCap,523221,10806,2445075,Shared,528960,11160,683,0.032
glyph16_U0061,glyph16,20000,2500,19635,2056,23144,ClassCap,504892,8977,1232206,Shared,502892,8927,643,0.730
glyph16_U0061,glyph16,5000,2500,5000,2389,2274,ClassCap,571227,10677,2140425,Shared,571291,10681,1369,0.019
glyph16_U0062,glyph16,10000,1822,9753,1557,7796,ClassCap,368548,7078,960897,Shared,371835,7260,400,0.028
glyph16_U0062,glyph16,20000,1822,18892,1502,26145,ClassCap,365159,6584,870176,Shared,362695,6505,586,0.505
glyph16_U0062,glyph16,5000,1822,4992,1754,3026,ClassCap,394528,7858,1499277,Shared,396560,7985,811,0.017
glyph16_U0063,glyph16,10000,1817,9762,1553,7772,ClassCap,361774,7084,968652,Shared,365140,7285,397,0.027
glyph16_U0063,glyph16,20000,1817,18864,1507,26104,ClassCap,358388,6593,870842,Shared,355428,6483,584,0.403
glyph16_U0063,glyph16,5000,1817,4994,1753,3016,ClassCap,389009,7874,1497581,Shared,391137,8007,813,0.017
glyph16_U0064,glyph16,10000,1819,9753,1554,7807,ClassCap,370980,7080,962049,Shared,374282,7277,398,0.027
glyph16_U0064,glyph16,20000,1819,18874,1498,26223,ClassCap,366557,6587,870806,Shared,363709,6484,592,0.487
glyph16_U0064,glyph16,5000,1819,4989,1747,3029,ClassCap,392573,7838,1490381,Shared,394765,7975,815,0.017
glyph16_U0065,glyph16,10000,1865,9757,1615,7714,ClassCap,379643,7283,996622,Shared,383003,7493,420,0.028
glyph16_U0065,glyph16,20000,1865,18830,1553,26118,ClassCap,375701,6731,888222,Shared,373157,6647,594,0.434
glyph16_U0065,glyph16,5000,1865,4993,1801,2965,ClassCap,403074,8019,1489524,Shared,404802,8127,857,0.018
glyph16_U0066,glyph16,10000,576,8800,455,14204,ClassCap,123114,1884,309245,Shared,122346,1911,148,0.118
glyph16_U0066,glyph16,20000,576,17965,432,40334,ClassCap,109377,1767,361792,Shared,109313,1763,162,0.718
glyph16_U0066,glyph16,5000,576,4781,452,6766,ClassCap,130223,1853,275882,Shared,128783,1838,162,0.084
glyph16_U0067,glyph16,10000,2694,9935,2629,6733,ClassCap,561980,11810,2716405,Shared,568631,12221,743,0.032
glyph16_U0067,glyph16,20000,2694,19546,2212,22553,ClassCap,546508,9718,1319134,Shared,544428,9663,653,0.499
glyph16_U0067,glyph16,5000,2694,5000,2569,2275,ClassCap,618560,11540,2361424,Shared,618560,11540,1473,0.019
glyph16_U0068,glyph16,10000,987,9450,810,13396,ClassCap,208671,3441,468894,Shared,206991,3411,313,0.178
glyph16_U0068,glyph16,20000,987,17970,795,26861,ClassCap,198486,3456,592415,Shared,197862,3492,269,0.233
glyph16_U0068,glyph16,5000,987,4881,868,3873,ClassCap,212311,3841,600833,Shared,213927,3942,238,0.017
glyph16_U0069,glyph16,10000,141,7438,84,33099,ClassCap,39102,237,58262,TreeCheaper,39102,237,33,0.789
glyph16_U0069,glyph16,20000,141,15026,84,66171,ClassCap,39102,237,58262,TreeCheaper,39102,237,33,4.568
glyph16_U0069,glyph16,5000,141,3725,87,16090,ClassCap,39107,242,58297,TreeCheaper,39107,242,34,0.176
glyph16_U006A,glyph16,10000,568,8784,463,13812,ClassCap,122072,1922,313402,Shared,120920,1925,148,0.065
glyph16_U006A,glyph16,20000,568,17936,444,38413,ClassCap,109025,1790,364220,Shared,109025,1790,167,0.591
glyph16_U006A,glyph16,5000,568,4718,455,6745,ClassCap,128835,1860,268848,Shared,127395,1845,168,0.046
glyph16_U006B,glyph16,10000,194,6313,163,26316,ClassCap,54361,616,65062,TreeCheaper,54361,616,60,0.482
glyph16_U006B,glyph16,20000,194,12726,157,55954,ClassCap,54261,516,64812,TreeCheaper,54261,516,65,3.598
glyph16_U006B,glyph16,5000,194,3764,174,10682,ClassCap,54698,653,65603,TreeCheaper,54698,653,61,0.095
glyph16_U006C,glyph16,10000,538,8892,438,13771,ClassCap,113188,1843,309220,Shared,112228,1858,146,0.079
glyph16_U006C,glyph16,20000,538,18272,421,39043,ClassCap,103153,1738,340609,Shared,103089,1734,157,0.535
glyph16_U006C,glyph16,5000,538,4789,434,6691,ClassCap,120319,1804,247656,Shared,119023,1798,167,0.061
glyph16_U006D,glyph16,10000,1769,9769,1521,7822,ClassCap,390168,6873,1005585,Shared,392889,7029,376,0.028
glyph16_U006D,glyph16,20000,1769,19157,1466,25091,ClassCap,387397,6382,903642,Shared,385941,6366,576,0.520
glyph16_U006D,glyph16,5000,1769,4992,1711,3053,ClassCap,413326,7621,1536875,Shared,416126,7796,776,0.017
glyph16_U006E,glyph16,10000,988,9447,808,13401,ClassCap,208591,3436,468814,Shared,206911,3406,312,0.180
glyph16_U006E,glyph16,20000,988,17964,793,26858,ClassCap,198406,3451,592335,Shared,197782,3487,268,0.235
glyph16_U006E,glyph16,5000,988,4882,869,3872,ClassCap,212311,3841,600833,Shared,213927,3942,238,0.014
glyph16_U006F,glyph16,10000,1647,9763,1421,8095,ClassCap,344868,6543,931126,Shared,346635,6630,333,0.026
glyph16_U006F,glyph16,20000,1647,19026,1373,25459,ClassCap,343380,6135,833652,Shared,339892,5992,557,0.526
glyph16_U006F,glyph16,5000,1647,4994,1610,3231,ClassCap,361731,7281,1484554,Shared,363683,7403,673,0.018
glyph16_U0070,glyph16,10000,1820,9757,1549,7802,ClassCap,369700,7075,960919,Shared,372821,7256,396,0.027
glyph16_U0070,glyph16,20000,1820,18829,1495,26301,ClassCap,365127,6582,869376,Shared,362359,6484,587,0.489
glyph16_U0070,glyph16,5000,1820,4989,1742,3035,ClassCap,391293,7833,1489101,Shared,393485,7970,814,0.017
glyph16_U0071,glyph16,10000,1821,9757,1552,7789,ClassCap,369828,7083,962177,Shared,373120,7270,401,0.027
glyph16_U0071,glyph16,20000,1821,18824,1496,26295,ClassCap,366503,6593,870832,Shared,363879,6504,587,0.497
glyph16_U0071,glyph16,5000,1821,4992,1746,3030,ClassCap,395735,7850,1499323,Shared,397767,7977,815,0.017
glyph16_U0072,glyph16,10000,990,9505,814,13154,ClassCap,201788,3443,468904,Shared,199916,3401,310,0.148
glyph16_U0072,glyph16,20000,990,17944,792,26557,ClassCap,192756,3426,584812,Shared,192004,3454,264,0.196
glyph16_U0072,glyph16,5000,990,4883,875,3860,ClassCap,205430,3860,606781,Shared,206966,3956,236,0.014
glyph16_U0073,glyph16,10000,2629,9931,2587,6674,ClassCap,545487,11547,2560219,Shared,550602,11862,723,0.032
glyph16_U0073,glyph16,20000,2629,19727,2190,22198,ClassCap,531818,9533,1270934,Shared,529578,9468,680,0.607
glyph16_U0073,glyph16,5000,2629,5000,2526,2234,ClassCap,594704,11279,2267367,Shared,594704,11279,1434,0.018
glyph16_U0074,glyph16,10000,572,8777,454,14085,ClassCap,123092,1892,333533,Shared,122132,1907,159,0.088
glyph16_U0074,glyph16,20000,572,17596,435,40860,ClassCap,109553,1778,361537,Shared,109489,1774,165,0.531
glyph16_U0074,glyph16,5000,572,4784,451,6723,ClassCap,130223,1853,272602,Shared,128783,1838,168,0.071
glyph16_U0075,glyph16,10000,990,9410,820,13292,ClassCap,210387,3477,475782,Shared,208467,3432,316,0.093
glyph16_U0075,glyph16,20000,990,17871,812,26468,ClassCap,200554,3514,596287,Shared,199402,3517,277,0.137
glyph16_U0075,glyph16,5000,990,4877,874,3868,ClassCap,213664,3859,604369,Shared,215200,3955,238,0.014
glyph16_U0076,glyph16,10000,121,6721,103,34668,ClassCap,33832,337,37912,TreeCheaper,33832,337,43,1.314
glyph16_U0076,glyph16,20000,121,12250,98,69825,ClassCap,33816,321,37864,TreeCheaper,33816,321,39,5.962
glyph16_U0076,glyph16,5000,121,2821,114,8160,ClassCap,33932,437,38428,TreeCheaper,33932,437,35,0.058
glyph16_U0077,glyph16,10000,201,6195,181,26280,ClassCap,60376,751,65024,TreeCheaper,60376,751,74,0.574
glyph16_U0077,glyph16,20000,201,11140,170,54993,ClassCap,60208,583,64744,TreeCheaper,60208,583,78,3.594
glyph16_U0077,glyph16,5000,201,3688,193,10514,ClassCap,60416,791,65616,TreeCheaper,60416,791,63,0.105
glyph16_U0078,glyph16,10000,201,7311,202,28471,ClassCap,61528,838,67432,TreeCheaper,61528,838,91,0.701
glyph16_U0078,glyph16,20000,201,12694,178,61786,ClassCap,60018,603,66992,TreeCheaper,60018,603,78,4.225
glyph16_U0078,glyph16,5000,201,4081,200,10180,ClassCap,58938,828,69274,TreeCheaper,58938,828,75,0.106
glyph16_U0079,glyph16,10000,814,9370,671,12769,ClassCap,171990,2895,321234,TreeCheaper,169558,2818,265,0.051
glyph16_U0079,glyph16,20000,814,16560,679,24036,ClassCap,148678,2953,570926,Shared,148678,2953,215,0.077
glyph16_U0079,glyph16,5000,814,4808,708,3917,ClassCap,171536,3146,387847,TreeCheaper,171722,3167,153,0.013
glyph16_U007A,glyph16,10000,147,7587,108,35641,ClassCap,40320,330,51252,TreeCheaper,40320,330,42,0.978
glyph16_U007A,glyph16,20000,147,14811,105,71008,ClassCap,40312,322,51228,TreeCheaper,40312,322,40,8.771
glyph16_U007A,glyph16,5000,147,2847,120,9092,ClassCap,40391,401,51578,TreeCheaper,40391,401,40,0.071
glyph16_U007B,glyph16,10000,1885,9732,1607,7718,ClassCap,391990,7180,991163,Shared,394700,7340,414,0.063
glyph16_U007B,glyph16,20000,1885,18852,1555,26101,ClassCap,386483,6713,893774,Shared,383315,6590,611,0.945
glyph16_U007B,glyph16,5000,1885,4994,1809,2970,ClassCap,425580,7980,1469782,Shared,427484,8099,870,0.053
glyph16_U007C,glyph16,10000,70,7269,46,24237,ClassCap,19295,125,24937,TreeCheaper,19295,125,19,1.331
glyph16_U007C,glyph16,20000,70,15492,46,55934,ClassCap,19295,125,24937,TreeCheaper,19295,125,19,2.853
glyph16_U007C,glyph16,5000,70,4327,46,15936,ClassCap,19295,125,24937,TreeCheaper,19295,125,19,0.639
glyph16_U007D,glyph16,10000,1877,9739,1601,7717,ClassCap,393270,7185,992293,Shared,396034,7339,413,0.029
glyph16_U007D,glyph16,20000,1877,18729,1546,26335,ClassCap,387715,6715,893102,Shared,384627,6597,611,0.734
glyph16_U007D,glyph16,5000,1877,4994,1803,2983,ClassCap,425741,7991,1491571,Shared,427469,8099,848,0.019
glyph16_U007E,glyph16,10000,1842,9753,1582,7827,ClassCap,366775,7180,1003368,Shared,370146,7386,399,0.104
glyph16_U007E,glyph16,20000,1842,19130,1527,25522,ClassCap,362417,6647,893540,Shared,359649,6549,585,1.022
glyph16_U007E,glyph16,5000,1842,4983,1780,3017,ClassCap,391880,7955,1523946,Shared,393944,8084,842,0.028
glyph32_U0020,glyph32,10000,1,1,1,0,Quiesced,0,0,0,TreeCheaper,0,0,0,0.000
glyph32_U0020,glyph32,20000,1,1,1,0,Quiesced,0,0,0,TreeCheaper,0,0,0,0.000
glyph32_U0020,glyph32,5000,1,1,1,0,Quiesced,0,0,0,TreeCheaper,0,0,0,0.000
glyph32_U0021,glyph32,10000,138,7498,91,34659,ClassCap,142503,275,197428,TreeCheaper,142503,275,38,3.263
glyph32_U0021,glyph32,20000,138,14431,86,69303,ClassCap,137369,256,197404,TreeCheaper,137369,256,34,14.038
glyph32_U0021,glyph32,5000,138,2674,105,8771,ClassCap,142590,362,197882,TreeCheaper,142590,362,35,0.262
glyph32_U0022,glyph32,10000,93,1642,63,17694,Quiesced,114441,175,142696,TreeCheaper,114441,175,26,0.122
glyph32_U0022,glyph32,20000,93,1642,63,17694,Quiesced,114441,175,142696,TreeCheaper,114441,175,26,0.122
glyph32_U0022,glyph32,5000,93,1642,63,17694,Quiesced,114441,175,142696,TreeCheaper,114441,175,26,0.122
glyph32_U0023,glyph32,10000,290,6079,276,17063,ClassCap,414549,1071,492428,TreeCheaper,414549,1071,118,0.211
glyph32_U0023,glyph32,20000,290,9805,260,40740,ClassCap,413127,1013,489735,TreeCheaper,413127,1013,109,1.059
glyph32_U0023,glyph32,5000,290,3379,262,5950,ClassCap,397544,1023,509781,TreeCheaper,398440,1051,77,0.021
glyph32_U0024,glyph32,10000,2844,9939,2815,6451,ClassCap,2087851,12432,6817346,Shared,2094219,12631,803,0.033
glyph32_U0024,glyph32,20000,2844,19617,2377,21299,ClassCap,2051316,10214,3785760,Shared,2042676,10099,694,0.177
glyph32_U0024,glyph32,5000,2844,5000,2740,2184,ClassCap,2325432,12119,7061479,Shared,2325432,12119,1564,0.019
glyph32_U0025,glyph32,10000,3994,9988,3843,5403,ClassCap,3053532,17454,7762000,Shared,3058812,17619,2020,0.035
glyph32_U0025,glyph32,20000,3994,19525,3571,15282,ClassCap,2832049,16381,6638005,Shared,2848445,16874,997,0.059
glyph32_U0025,glyph32,5000,3994,5000,3921,843,ClassCap,17492804,17484,208867540,TreeCheaper,17492804,17484,394,0.020
glyph32_U0026,glyph32,10000,3564,9971,3473,6117,ClassCap,2644971,15551,7259528,Shared,2653584,15825,1519,0.035
glyph32_U0026,glyph32,20000,3564,19496,3043,15565,ClassCap,2530324,13837,4969716,Shared,2538526,14103,703,0.055
glyph32_U0026,glyph32,5000,3564,5000,3509,1278,ClassCap,15342471,15451,192051873,TreeCheaper,15342471,15451,797,0.019
glyph32_U0027,glyph32,10000,73,1152,47,12774,Quiesced,72447,124,88660,TreeCheaper,72447,124,17,0.073
glyph32_U0027,glyph32,20000,73,1152,47,12774,Quiesced,72447,124,88660,TreeCheaper,72447,124,17,0.072
glyph32_U0027,glyph32,5000,73,1152,47,12774,Quiesced,72447,124,88660,TreeCheaper,72447,124,17,0.073
glyph32_U0028,glyph32,10000,908,9583,750,12387,ClassCap,627076,3294,1072440,TreeCheaper,619652,3217,316,0.055
glyph32_U0028,glyph32,20000,908,18010,740,25380,ClassCap,537987,3268,1730292,Shared,538371,3280,244,0.079
glyph32_U0028,glyph32,5000,908,4862,768,3850,ClassCap,623199,3447,1235630,Shared,624122,3471,174,0.014
glyph32_U0029,glyph32,10000,827,9562,689,12038,ClassCap,585129,3042,967024,TreeCheaper,577065,2945,295,0.051
glyph32_U0029,glyph32,20000,827,17772,685,24607,ClassCap,501227,3026,1571934,Shared,501739,3042,229,0.072
glyph32_U0029,glyph32,5000,827,4863,711,3932,ClassCap,580883,3198,1068656,TreeCheaper,580698,3168,175,0.013
glyph32_U002A,glyph32,10000,320,7293,305,18399,ClassCap,401508,1236,477156,TreeCheaper,401508,1236,118,0.225
glyph32_U002A,glyph32,20000,320,9886,279,44466,ClassCap,399905,1121,475852,TreeCheaper,401057,1157,122,0.651
glyph32_U002A,glyph32,5000,320,3765,302,6378,ClassCap,370817,1204,494844,TreeCheaper,370817,1204,83,0.022
glyph32_U002B,glyph32,10000,124,5448,74,161545,ClassCap,131273,205,196732,TreeCheaper,131273,205,28,1.181
glyph32_U002B,glyph32,20000,124,11354,74,426407,ClassCap,131273,205,196732,TreeCheaper,131273,205,28,3.467
glyph32_U002B,glyph32,5000,124,2289,74,18015,ClassCap,131273,205,196732,TreeCheaper,131273,205,28,0.085
glyph32_U002C,glyph32,10000,114,2752,87,28182,Quiesced,126163,272,144072,TreeCheaper,126291,276,36,0.189
glyph32_U002C,glyph32,20000,114,2752,87,28182,Quiesced,126163,272,144072,TreeCheaper,126291,276,36,0.193
glyph32_U002C,glyph32,5000,114,2553,92,13534,ClassCap,126201,310,144186,TreeCheaper,126329,314,35,0.073
glyph32_U002D,glyph32,10000,74,1138,48,12610,Quiesced,72447,124,88660,TreeCheaper,72447,124,17,0.068
glyph32_U002D,glyph32,20000,74,1138,48,12610,Quiesced,72447,124,88660,TreeCheaper,72447,124,17,0.068
glyph32_U002D,glyph32,5000,74,1138,48,12610,Quiesced,72447,124,88660,TreeCheaper,72447,124,17,0.068
glyph32_U002E,glyph32,10000,70,7496,43,36512,ClassCap,72319,120,88468,TreeCheaper,72319,120,17,1.290
glyph32_U002E,glyph32,20000,70,10948,43,46386,ClassCap,72319,120,88468,TreeCheaper,72319,120,17,2.376
glyph32_U002E,glyph32,5000,70,3542,43,18246,ClassCap,72319,120,88468,TreeCheaper,72319,120,17,0.192
glyph32_U002F,glyph32,10000,84,7891,64,37598,ClassCap,78836,189,89940,TreeCheaper,78676,184,24,0.698
glyph32_U002F,glyph32,20000,84,15406,64,72555,ClassCap,78836,189,89940,TreeCheaper,78676,184,24,2.669
glyph32_U002F,glyph32,5000,84,2981,69,11709,ClassCap,78874,227,90054,TreeCheaper,78714,222,24,0.088
glyph32_U0030,glyph32,10000,2514,9924,2447,6851,ClassCap,1806326,11147,5970502,Shared,1817937,11505,689,0.033
glyph32_U0030,glyph32,20000,2514,19627,2069,23013,ClassCap,1803200,9292,3409600,Shared,1796800,9247,671,0.677
glyph32_U0030,glyph32,5000,2514,5000,2407,2286,ClassCap,1998639,10950,5778550,Shared,1998767,10954,1386,0.019
glyph32_U0031,glyph32,10000,157,5256,122,22547,ClassCap,192018,407,227042,TreeCheaper,192018,407,47,0.306
glyph32_U0031,glyph32,20000,157,14669,116,75768,ClassCap,191970,359,226918,TreeCheaper,191970,359,48,6.443
glyph32_U0031,glyph32,5000,157,3104,133,9593,ClassCap,192180,445,227496,TreeCheaper,192180,445,50,0.080
glyph32_U0032,glyph32,10000,1773,9763,1517,7766,ClassCap,1260243,6851,2507205,Shared,1264206,6970,349,0.029
glyph32_U0032,glyph32,20000,1773,19197,1465,24530,ClassCap,1260593,6426,2147750,TreeCheaper,1251857,6308,615,0.305
glyph32_U0032,glyph32,5000,1773,4992,1727,3048,ClassCap,1317087,7678,3680744,Shared,1320799,7794,755,0.018
glyph32_U0033,glyph32,10000,2659,9917,2601,6721,ClassCap,1897122,11702,6321603,Shared,1909218,12080,731,0.032
glyph32_U0033,glyph32,20000,2659,19726,2206,22175,ClassCap,1901324,9704,3571858,Shared,1894604,9649,678,0.711
glyph32_U0033,glyph32,5000,2659,5000,2548,2247,ClassCap,2108174,11458,6022008,Shared,2108174,11458,1460,0.019
glyph32_U0034,glyph32,10000,167,5177,119,22555,ClassCap,184941,398,251436,TreeCheaper,184941,398,44,0.306
glyph32_U0034,glyph32,20000,167,14761,113,75122,ClassCap,184893,350,251312,TreeCheaper,184893,350,45,6.078
glyph32_U0034,glyph32,5000,167,3051,129,9777,ClassCap,185099,432,251907,TreeCheaper,185099,432,46,0.082
glyph32_U0035,glyph32,10000,1828,9757,1572,7793,ClassCap,1330110,7092,2636180,Shared,1337945,7332,406,0.027
glyph32_U0035,glyph32,20000,1828,18891,1508,26068,ClassCap,1327421,6573,2451898,Shared,1319325,6475,585,0.466
glyph32_U0035,glyph32,5000,1828,4993,1759,3018,ClassCap,1402149,7831,3793695,Shared,1406533,7968,820,0.017
glyph32_U0036,glyph32,10000,2644,9936,2570,6721,ClassCap,1845070,11606,6010646,Shared,1857006,11979,732,0.033
glyph32_U0036,glyph32,20000,2644,19717,2192,22304,ClassCap,1837254,9649,3447238,Shared,1829894,9574,673,0.817
glyph32_U0036,glyph32,5000,2644,5000,2527,2258,ClassCap,2037530,11401,5817024,Shared,2037530,11401,1444,0.019
glyph32_U0037,glyph32,10000,117,7129,90,31862,ClassCap,126171,280,143520,TreeCheaper,126171,280,36,0.782
glyph32_U0037,glyph32,20000,117,14267,87,63823,ClassCap,126163,272,143496,TreeCheaper,126163,272,34,5.018
glyph32_U0037,glyph32,5000,117,3534,97,15233,ClassCap,126221,330,143630,TreeCheaper,126221,330,38,0.165
glyph32_U0038,glyph32,10000,3405,9974,3306,6362,ClassCap,2510843,15002,7175530,Shared,2521206,15321,1421,0.074
glyph32_U0038,glyph32,20000,3405,19478,2897,15934,ClassCap,2405663,13393,4825112,Shared,2415208,13638,681,0.059
glyph32_U0038,glyph32,5000,3405,5000,3325,1508,ClassCap,15002173,14789,194165728,TreeCheaper,15002173,14789,1004,0.020
glyph32_U0039,glyph32,10000,2666,9921,2600,6752,ClassCap,1852828,11738,6241781,Shared,1866701,12157,737,0.033
glyph32_U0039,glyph32,20000,2666,19746,2202,22174,ClassCap,1843910,9702,3490438,Shared,1837030,9642,656,0.866
glyph32_U0039,glyph32,5000,2666,5000,2547,2264,ClassCap,2045594,11498,5912848,Shared,2045594,11498,1463,0.019
glyph32_U003A,glyph32,10000,97,8279,52,40061,ClassCap,88927,143,142376,TreeCheaper,88927,143,19,1.944
glyph32_U003A,glyph32,20000,97,13102,52,54625,ClassCap,88927,143,142376,TreeCheaper,88927,143,19,3.803
glyph32_U003A,glyph32,5000,97,2762,52,12594,ClassCap,88927,143,142376,TreeCheaper,88927,143,18,0.105
glyph32_U003B,glyph32,10000,143,3723,107,49487,Quiesced,168381,330,198108,TreeCheaper,168509,334,45,0.533
glyph32_U003B,glyph32,20000,143,3723,107,49487,Quiesced,168381,330,198108,TreeCheaper,168509,334,45,0.534
glyph32_U003B,glyph32,5000,143,2710,123,8699,ClassCap,168464,413,198330,TreeCheaper,168464,413,45,0.048
glyph32_U003C,glyph32,10000,178,4646,142,31303,ClassCap,192755,462,236320,TreeCheaper,193139,474,59,0.262
glyph32_U003C,glyph32,20000,178,5723,138,58193,Quiesced,192743,450,236272,TreeCheaper,193127,462,56,1.323
glyph32_U003C,glyph32,5000,178,3095,157,9174,ClassCap,193360,571,236959,TreeCheaper,193360,571,57,0.061
glyph32_U003D,glyph32,10000,97,7609,55,27694,ClassCap,93055,148,159122,TreeCheaper,93055,148,21,0.465
glyph32_U003D,glyph32,20000,97,15130,55,66225,ClassCap,93055,148,159122,TreeCheaper,93055,148,21,2.952
glyph32_U003D,glyph32,5000,97,3764,55,11779,ClassCap,93055,148,159122,TreeCheaper,93055,148,20,0.111
glyph32_U003E,glyph32,10000,178,4658,142,31208,ClassCap,192755,462,241419,TreeCheaper,193139,474,60,0.285
glyph32_U003E,glyph32,20000,178,5727,138,58222,Quiesced,192743,450,241371,TreeCheaper,193127,462,57,1.406
glyph32_U003E,glyph32,5000,178,3088,157,9133,ClassCap,193360,571,242054,TreeCheaper,193360,571,58,0.062
glyph32_U003F,glyph32,10000,1928,9759,1683,7579,ClassCap,1427969,7487,2831639,Shared,1432427,7636,430,0.029
glyph32_U003F,glyph32,20000,1928,18861,1594,25855,ClassCap,1426792,6868,2540544,Shared,1418568,6766,612,0.468
glyph32_U003F,glyph32,5000,1928,4995,1863,2890,ClassCap,1535139,8203,3853799,Shared,1537539,8278,891,0.020
glyph32_U0040,glyph32,10000,3513,9962,3394,6255,ClassCap,2635258,15355,7262634,Shared,2643578,15615,1505,0.039
glyph32_U0040,glyph32,20000,3513,19510,3004,15810,ClassCap,2514860,13811,4979823,Shared,2526591,14134,720,0.061
glyph32_U0040,glyph32,5000,3513,5000,3434,1378,ClassCap,15355560,15241,193557657,TreeCheaper,15355560,15241,849,0.021
glyph32_U0041,glyph32,10000,164,6007,150,24717,ClassCap,185772,609,200016,TreeCheaper,185772,609,58,0.497
glyph32_U0041,glyph32,20000,164,13000,128,83169,ClassCap,175336,403,199644,TreeCheaper,175336,403,52,8.963
glyph32_U0041,glyph32,5000,164,3699,160,9718,ClassCap,186540,633,201372,TreeCheaper,186540,633,56,0.088
glyph32_U0042,glyph32,10000,1820,9750,1553,7791,ClassCap,1295517,7033,2537775,Shared,1300851,7190,387,0.029
glyph32_U0042,glyph32,20000,1820,19002,1504,25611,ClassCap,1285929,6559,2352274,Shared,1277961,6465,593,0.519
glyph32_U0042,glyph32,5000,1820,4990,1749,3044,ClassCap,1370480,7813,3611916,Shared,1374645,7948,813,0.021
glyph32_U0043,glyph32,10000,1807,9756,1548,7797,ClassCap,1263257,7075,2563574,Shared,1269861,7262,394,0.028
glyph32_U0043,glyph32,20000,1807,19108,1497,25673,ClassCap,1257620,6584,2379514,Shared,1249524,6486,582,0.397
glyph32_U0043,glyph32,5000,1807,4994,1747,3023,ClassCap,1342935,7858,3745724,Shared,1347484,8005,805,0.017
glyph32_U0044,glyph32,10000,939,9371,772,13505,ClassCap,679817,3335,1211020,Shared,673897,3305,303,0.171
glyph32_U0044,glyph32,20000,939,18017,768,26661,ClassCap,654512,3388,1469110,Shared,650960,3432,254,0.237
glyph32_U0044,glyph32,5000,939,4870,814,3915,ClassCap,682859,3649,1327301,Shared,685606,3730,213,0.014
glyph32_U0045,glyph32,10000,134,7147,83,31722,ClassCap,136750,226,186044,TreeCheaper,136750,226,30,0.676
glyph32_U0045,glyph32,20000,134,14804,83,64295,ClassCap,136750,226,186044,TreeCheaper,136750,226,30,4.088
glyph32_U0045,glyph32,5000,134,3532,83,15297,ClassCap,136750,226,186044,TreeCheaper,136750,226,29,0.137
glyph32_U0046,glyph32,10000,118,6855,72,29584,ClassCap,118089,196,161650,TreeCheaper,118089,196,26,0.625
glyph32_U0046,glyph32,20000,118,15018,72,60641,ClassCap,118089,196,161650,TreeCheaper,118089,196,26,3.515
glyph32_U0046,glyph32,5000,118,3185,72,14175,ClassCap,118089,196,161650,TreeCheaper,118089,196,25,0.116
glyph32_U0047,glyph32,10000,1854,9758,1597,7743,ClassCap,1333474,7201,2643688,Shared,1340669,7421,412,0.028
glyph32_U0047,glyph32,20000,1854,18874,1538,26010,ClassCap,1330493,6669,2449542,Shared,1321917,6556,592,0.428
glyph32_U0047,glyph32,5000,1854,4994,1782,2983,ClassCap,1417010,7936,3769798,Shared,1420658,8050,844,0.017
glyph32_U0048,glyph32,10000,118,6672,68,29750,ClassCap,130953,195,196284,TreeCheaper,130953,195,28,0.663
glyph32_U0048,glyph32,20000,118,14458,68,60454,ClassCap,130953,195,196284,TreeCheaper,130953,195,28,3.467
glyph32_U0048,glyph32,5000,118,3203,68,14394,ClassCap,130953,195,196284,TreeCheaper,130953,195,27,0.122
glyph32_U0049,glyph32,10000,122,6683,70,30069,ClassCap,131145,201,196284,TreeCheaper,131145,201,28,0.682
glyph32_U0049,glyph32,20000,122,14768,70,60868,ClassCap,131145,201,196284,TreeCheaper,131145,201,28,3.550
glyph32_U0049,glyph32,5000,122,3221,70,14631,ClassCap,131145,201,196284,TreeCheaper,131145,201,27,0.135
glyph32_U004A,glyph32,10000,982,9412,805,13272,ClassCap,741075,3461,1241104,TreeCheaper,734259,3403,333,0.095
glyph32_U004A,glyph32,20000,982,17883,810,26409,ClassCap,703610,3506,1543948,Shared,698746,3509,273,0.141
glyph32_U004A,glyph32,5000,982,4876,868,3864,ClassCap,744203,3830,1562314,Shared,747563,3935,233,0.014
glyph32_U004B,glyph32,10000,190,6285,160,26202,ClassCap,212249,612,248182,TreeCheaper,212249,612,60,0.474
glyph32_U004B,glyph32,20000,190,12678,154,55717,ClassCap,212149,512,247932,TreeCheaper,212149,512,65,3.597
glyph32_U004B,glyph32,5000,190,3750,171,10620,ClassCap,212906,649,249363,TreeCheaper,212906,649,61,0.094
glyph32_U004C,glyph32,10000,87,7930,55,39586,ClassCap,91012,151,112862,TreeCheaper,91012,151,21,1.612
glyph32_U004C,glyph32,20000,87,12209,55,52347,ClassCap,91012,151,112862,TreeCheaper,91012,151,21,3.164
glyph32_U004C,glyph32,5000,87,2669,55,12136,ClassCap,91012,151,112862,TreeCheaper,91012,151,20,0.090
glyph32_U004D,glyph32,10000,175,6024,147,25360,ClassCap,221521,553,252680,TreeCheaper,221521,553,59,0.405
glyph32_U004D,glyph32,20000,175,12092,142,53598,ClassCap,221441,473,252480,TreeCheaper,221441,473,64,2.946
glyph32_U004D,glyph32,5000,175,3654,159,10275,ClassCap,222058,594,253652,TreeCheaper,222058,594,62,0.086
glyph32_U004E,glyph32,10000,130,7446,93,34033,ClassCap,162631,284,197428,TreeCheaper,162631,284,41,0.780
glyph32_U004E,glyph32,20000,130,14581,91,67232,ClassCap,162627,280,197404,TreeCheaper,162627,280,40,4.861
glyph32_U004E,glyph32,5000,130,2645,104,8669,ClassCap,162681,334,197882,TreeCheaper,162681,334,42,0.058
glyph32_U004F,glyph32,10000,1707,9760,1460,7985,ClassCap,1214205,6693,2431480,Shared,1219696,6821,344,0.027
glyph32_U004F,glyph32,20000,1707,19163,1416,25323,ClassCap,1214020,6260,2276164,Shared,1206052,6166,565,0.571
glyph32_U004F,glyph32,5000,1707,4991,1654,3153,ClassCap,1257684,7454,3652727,Shared,1261908,7586,707,0.018
glyph32_U0050,glyph32,10000,957,9367,781,13534,ClassCap,691209,3350,1241554,Shared,685129,3315,306,0.176
glyph32_U0050,glyph32,20000,957,17961,780,26760,ClassCap,666160,3411,1498921,Shared,662736,3459,258,0.238
glyph32_U0050,glyph32,5000,957,4874,828,3899,ClassCap,701675,3679,1412964,Shared,704710,3769,218,0.014
glyph32_U0051,glyph32,10000,1994,9803,1799,7654,ClassCap,1450306,8186,3378736,Shared,1459079,8465,492,0.030
glyph32_U0051,glyph32,20000,1994,19369,1637,25189,ClassCap,1441285,7256,2669046,Shared,1434725,7206,650,1.133
glyph32_U0051,glyph32,5000,1994,4998,1915,2783,ClassCap,1559633,8641,3991467,Shared,1562449,8729,999,0.018
glyph32_U0052,glyph32,10000,1444,9859,1197,10711,ClassCap,1044415,5140,1910734,Shared,1038175,5100,347,0.114
glyph32_U0052,glyph32,20000,1444,18507,1140,26078,ClassCap,1039199,4977,1697294,Shared,1034879,4997,418,0.294
glyph32_U0052,glyph32,5000,1444,4972,1423,3235,ClassCap,1042768,6283,3364224,Shared,1048816,6472,425,0.016
glyph32_U0053,glyph32,10000,2733,9943,2690,6607,ClassCap,1927478,12050,6465515,Shared,1938641,12394,757,0.033
glyph32_U0053,glyph32,20000,2733,19715,2274,21798,ClassCap,1924959,9934,3588232,Shared,1917439,9854,671,0.588
glyph32_U0053,glyph32,5000,2733,5000,2623,2225,ClassCap,2136248,11756,6283102,Shared,2136248,11756,1499,0.019
glyph32_U0054,glyph32,10000,97,6089,62,27253,ClassCap,114537,178,142376,TreeCheaper,114537,178,26,0.566
glyph32_U0054,glyph32,20000,97,12720,62,55552,ClassCap,114537,178,142376,TreeCheaper,114537,178,26,3.581
glyph32_U0054,glyph32,5000,97,2882,62,13286,ClassCap,114537,178,142376,TreeCheaper,114537,178,25,0.106
glyph32_U0055,glyph32,10000,1779,9745,1532,7810,ClassCap,1326531,6954,2632466,Shared,1330078,7060,364,0.028
glyph32_U0055,glyph32,20000,1779,19157,1488,24575,ClassCap,1326579,6537,2453968,Shared,1318163,6429,585,0.183
glyph32_U0055,glyph32,5000,1779,4991,1749,3049,ClassCap,1381051,7813,3849331,Shared,1383291,7883,782,0.017
glyph32_U0056,glyph32,10000,121,6710,97,34680,ClassCap,126906,302,144664,TreeCheaper,126906,302,40,0.881
glyph32_U0056,glyph32,20000,121,11883,93,69839,ClassCap,126894,290,144616,TreeCheaper,126894,290,37,5.503
glyph32_U0056,glyph32,5000,121,2821,114,8160,ClassCap,132156,437,145436,TreeCheaper,132156,437,35,0.059
glyph32_U0057,glyph32,10000,204,6892,185,27866,ClassCap,235240,756,246656,TreeCheaper,235240,756,75,0.839
glyph32_U0057,glyph32,20000,204,14607,175,60183,ClassCap,235076,592,246376,TreeCheaper,235076,592,79,4.228
glyph32_U0057,glyph32,5000,204,3864,194,10887,ClassCap,235280,796,247760,TreeCheaper,235280,796,63,0.133
glyph32_U0058,glyph32,10000,201,7262,203,28325,ClassCap,239352,838,255208,TreeCheaper,239352,838,91,0.692
glyph32_U0058,glyph32,20000,201,12578,184,61261,ClassCap,239152,638,254768,TreeCheaper,239152,638,81,4.074
glyph32_U0058,glyph32,5000,201,4050,205,10197,ClassCap,232164,842,259364,TreeCheaper,232164,842,77,0.105
glyph32_U0059,glyph32,10000,151,5345,131,23234,ClassCap,179495,501,198772,TreeCheaper,179495,501,49,0.348
glyph32_U0059,glyph32,20000,151,13296,121,76692,ClassCap,179399,405,198524,TreeCheaper,179399,405,50,8.224
glyph32_U0059,glyph32,5000,151,3253,140,9522,ClassCap,180024,534,199710,TreeCheaper,180024,534,52,0.074
glyph32_U005A,glyph32,10000,148,7609,113,36344,ClassCap,168613,345,197428,TreeCheaper,168613,345,45,1.045
glyph32_U005A,glyph32,20000,148,14905,110,72238,ClassCap,168605,337,197404,TreeCheaper,168605,337,43,7.194
glyph32_U005A,glyph32,5000,148,2922,126,9221,ClassCap,168688,420,197882,TreeCheaper,168688,420,44,0.070
glyph32_U005B,glyph32,10000,105,1527,65,16687,Quiesced,99556,170,137576,TreeCheaper,99556,170,22,0.099
glyph32_U005B,glyph32,20000,105,1527,65,16687,Quiesced,99556,170,137576,TreeCheaper,99556,170,22,0.100
glyph32_U005B,glyph32,5000,105,1527,65,16687,Quiesced,99556,170,137576,TreeCheaper,99556,170,22,0.099
glyph32_U005C,glyph32,10000,84,7873,64,37505,ClassCap,78804,188,90036,TreeCheaper,78932,192,25,0.687
glyph32_U005C,glyph32,20000,84,15356,64,72321,ClassCap,78804,188,90036,TreeCheaper,78932,192,25,2.656
glyph32_U005C,glyph32,5000,84,2957,69,11752,ClassCap,78842,226,90150,TreeCheaper,78970,230,25,0.087
glyph32_U005D,glyph32,10000,105,1558,66,16993,Quiesced,104676,175,147816,TreeCheaper,104676,175,23,0.115
glyph32_U005D,glyph32,20000,105,1558,66,16993,Quiesced,104676,175,147816,TreeCheaper,104676,175,23,0.114
glyph32_U005D,glyph32,5000,105,1558,66,16993,Quiesced,104676,175,147816,TreeCheaper,104676,175,23,0.115
glyph32_U005E,glyph32,10000,125,6394,110,21381,ClassCap,132404,406,145580,TreeCheaper,132500,409,43,0.228
glyph32_U005E,glyph32,20000,125,15022,106,50010,ClassCap,132344,346,145400,TreeCheaper,132440,349,47,1.114
glyph32_U005E,glyph32,5000,125,3207,120,8188,ClassCap,132444,446,145660,TreeCheaper,132284,441,36,0.044
glyph32_U005F,glyph32,10000,72,5176,45,33484,ClassCap,68346,115,80447,TreeCheaper,68346,115,16,0.844
glyph32_U005F,glyph32,20000,72,10053,45,86033,ClassCap,68346,115,80447,TreeCheaper,68346,115,16,5.208
glyph32_U005F,glyph32,5000,72,3085,45,17277,ClassCap,68346,115,80447,TreeCheaper,68346,115,16,0.223
glyph32_U0060,glyph32,10000,85,7890,68,29135,ClassCap,78812,196,90060,TreeCheaper,78940,200,27,0.394
glyph32_U0060,glyph32,20000,85,12205,68,38445,ClassCap,78812,196,90060,TreeCheaper,78940,200,27,0.957
glyph32_U0060,glyph32,5000,85,3671,73,12657,ClassCap,78852,236,90160,TreeCheaper,78980,240,29,0.066
glyph32_U0061,glyph32,10000,2500,9912,2415,6862,ClassCap,1811317,10806,5823939,Shared,1822800,11160,683,0.031
glyph32_U0061,glyph32,20000,2500,19635,2056,23144,ClassCap,1781836,8977,3377630,Shared,1775276,8927,643,0.727
glyph32_U0061,glyph32,5000,2500,5000,2389,2274,ClassCap,2002427,10677,5467545,Shared,2002555,10681,1369,0.018
glyph32_U0062,glyph32,10000,1822,9753,1557,7796,ClassCap,1291780,7078,2566097,Shared,1298379,7260,400,0.027
glyph32_U0062,glyph32,20000,1822,18892,1502,26145,ClassCap,1286295,6584,2394528,Shared,1278807,6505,586,0.501
glyph32_U0062,glyph32,5000,1822,4992,1754,3026,ClassCap,1370432,7858,3735229,Shared,1374496,7985,811,0.017
glyph32_U0063,glyph32,10000,1817,9762,1553,7772,ClassCap,1263390,7084,2564012,Shared,1270132,7285,397,0.028
glyph32_U0063,glyph32,20000,1817,18864,1507,26104,ClassCap,1257908,6593,2378426,Shared,1249428,6483,584,0.401
glyph32_U0063,glyph32,5000,1817,4994,1753,3016,ClassCap,1347105,7874,3714173,Shared,1351361,8007,813,0.017
glyph32_U0064,glyph32,10000,1819,9753,1554,7807,ClassCap,1301764,7080,2570961,Shared,1308378,7277,397,0.027
glyph32_U0064,glyph32,20000,1819,18874,1498,26223,ClassCap,1291661,6587,2398294,Shared,1283405,6484,592,0.488
glyph32_U0064,glyph32,5000,1819,4989,1747,3029,ClassCap,1362941,7838,3713773,Shared,1367325,7975,815,0.018
glyph32_U0065,glyph32,10000,1865,9757,1615,7714,ClassCap,1332843,7283,2648606,Shared,1339563,7493,420,0.028
glyph32_U0065,glyph32,20000,1865,18830,1553,26118,ClassCap,1326277,6731,2445422,Shared,1318629,6647,594,0.435
glyph32_U0065,glyph32,5000,1865,4993,1801,2965,ClassCap,1401810,8019,3732900,Shared,1405266,8127,857,0.018
glyph32_U0066,glyph32,10000,576,8800,455,14204,ClassCap,448346,1884,887101,Shared,444250,1911,148,0.120
glyph32_U0066,glyph32,20000,576,17965,432,40334,ClassCap,393793,1767,958672,Shared,393665,1763,162,0.723
glyph32_U0066,glyph32,5000,576,4781,452,6766,ClassCap,476463,1853,828490,Shared,471023,1838,162,0.084
glyph32_U0067,glyph32,10000,2694,9935,2629,6733,ClassCap,1939948,11810,6453189,Shared,1953255,12221,743,0.034
glyph32_U0067,glyph32,20000,2694,19546,2212,22553,ClassCap,1928556,9718,3625214,Shared,1921836,9663,653,0.498
glyph32_U0067,glyph32,5000,2694,5000,2569,2275,ClassCap,2168768,11540,6118368,Shared,2168768,11540,1473,0.019
glyph32_U0068,glyph32,10000,987,9450,810,13396,ClassCap,746511,3441,1329790,Shared,740591,3411,313,0.180
glyph32_U0068,glyph32,20000,987,17970,795,26861,ClassCap,708086,3456,1565535,Shared,704278,3492,269,0.233
glyph32_U0068,glyph32,5000,987,4881,868,3873,ClassCap,753607,3841,1593841,Shared,756839,3942,238,0.014
glyph32_U0069,glyph32,10000,141,7438,84,33099,ClassCap,154958,237,225798,TreeCheaper,154958,237,33,0.787
glyph32_U0069,glyph32,20000,141,15026,84,66171,ClassCap,154958,237,225798,TreeCheaper,154958,237,33,4.532
glyph32_U0069,glyph32,5000,141,3725,87,16090,ClassCap,154963,242,225833,TreeCheaper,154963,242,34,0.176
glyph32_U006A,glyph32,10000,568,8784,463,13812,ClassCap,443176,1922,882634,Shared,438312,1925,148,0.064
glyph32_U006A,glyph32,20000,568,17936,444,38413,ClassCap,391553,1790,955740,Shared,391553,1790,167,0.728
glyph32_U006A,glyph32,5000,568,4718,455,6745,ClassCap,470611,1860,802032,Shared,465171,1845,168,0.046
glyph32_U006B,glyph32,10000,194,6313,163,26316,ClassCap,212377,616,248182,TreeCheaper,212377,616,60,0.477
glyph32_U006B,glyph32,20000,194,12726,157,55954,ClassCap,212277,516,247932,TreeCheaper,212277,516,65,3.582
glyph32_U006B,glyph32,5000,194,3764,174,10682,ClassCap,213034,653,249363,TreeCheaper,213034,653,61,0.094
glyph32_U006C,glyph32,10000,538,8892,438,13771,ClassCap,409028,1843,841652,Shared,404548,1858,146,0.080
glyph32_U006C,glyph32,20000,538,18272,421,39043,ClassCap,369057,1738,877537,Shared,368929,1734,157,0.536
glyph32_U006C,glyph32,5000,538,4789,434,6691,ClassCap,437199,1804,725048,Shared,432047,1798,167,0.061
glyph32_U006D,glyph32,10000,1769,9769,1521,7822,ClassCap,1389256,6873,2724033,Shared,1394713,7029,376,0.028
glyph32_U006D,glyph32,20000,1769,19157,1466,25091,ClassCap,1385045,6382,2526378,Shared,1379573,6366,576,0.523
glyph32_U006D,glyph32,5000,1769,4992,1711,3053,ClassCap,1457150,7621,3897051,Shared,1462750,7796,776,0.017
glyph32_U006E,glyph32,10000,988,9447,808,13401,ClassCap,746351,3436,1329630,Shared,740431,3406,312,0.180
glyph32_U006E,glyph32,20000,988,17964,793,26858,ClassCap,707926,3451,1565375,Shared,704118,3487,268,0.237
glyph32_U006E,glyph32,5000,988,4882,869,3872,ClassCap,753607,3841,1593841,Shared,756839,3942,238,0.014
glyph32_U006F,glyph32,10000,1647,9763,1421,8095,ClassCap,1210180,6543,2459638,Shared,1213739,6630,333,0.027
glyph32_U006F,glyph32,20000,1647,19026,1373,25459,ClassCap,1210020,6135,2274148,Shared,1200484,5992,557,0.527
glyph32_U006F,glyph32,5000,1647,4994,1610,3231,ClassCap,1253171,7281,3635754,Shared,1257075,7403,673,0.017
glyph32_U0070,glyph32,10000,1820,9757,1549,7802,ClassCap,1296644,7075,2566151,Shared,1302901,7256,396,0.028
glyph32_U0070,glyph32,20000,1820,18829,1495,26301,ClassCap,1286231,6582,2392864,Shared,1278135,6484,587,0.489
glyph32_U0070,glyph32,5000,1820,4989,1742,3035,ClassCap,1357821,7833,3708653,Shared,1362205,7970,814,0.017
glyph32_U0071,glyph32,10000,1821,9757,1552,7789,ClassCap,1296900,7083,2571217,Shared,1303504,7270,401,0.028
glyph32_U0071,glyph32,20000,1821,18824,1496,26295,ClassCap,1291543,6593,2398400,Shared,1283735,6504,587,0.494
glyph32_U0071,glyph32,5000,1821,4992,1746,3030,ClassCap,1375415,7850,3737899,Shared,1379479,7977,815,0.018
glyph32_U0072,glyph32,10000,990,9505,814,13154,ClassCap,717900,3443,1312440,Shared,711596,3401,310,0.147
glyph32_U0072,glyph32,20000,990,17944,792,26557,ClassCap,684868,3426,1533596,Shared,680804,3454,264,0.197
glyph32_U0072,glyph32,5000,990,4883,875,3860,ClassCap,724486,3860,1590205,Shared,727558,3956,236,0.014
glyph32_U0073,glyph32,10000,2629,9931,2587,6674,ClassCap,1884319,11547,6098651,Shared,1894554,11862,723,0.032
glyph32_U0073,glyph32,20000,2629,19727,2190,22198,ClassCap,1878058,9533,3489366,Shared,1871018,9468,680,0.611
glyph32_U0073,glyph32,5000,2629,5000,2526,2234,ClassCap,2083536,11279,5875783,Shared,2083536,11279,1434,0.018
glyph32_U0074,glyph32,10000,572,8777,454,14085,ClassCap,448292,1892,935597,Shared,443812,1907,159,0.089
glyph32_U0074,glyph32,20000,572,17596,435,40860,ClassCap,394145,1778,958577,Shared,394017,1774,165,0.532
glyph32_U0074,glyph32,5000,572,4784,451,6723,ClassCap,476463,1853,821930,Shared,471023,1838,168,0.072
glyph32_U0075,glyph32,10000,990,9410,820,13292,ClassCap,752499,3477,1345782,Shared,746099,3432,316,0.094
glyph32_U0075,glyph32,20000,990,17871,812,26468,ClassCap,714778,3514,1573567,Shared,709914,3517,277,0.138
glyph32_U0075,glyph32,5000,990,4877,874,3868,ClassCap,758864,3859,1598497,Shared,761936,3955,238,0.015
glyph32_U0076,glyph32,10000,121,6721,103,34668,ClassCap,132056,337,144664,TreeCheaper,132056,337,43,0.881
glyph32_U0076,glyph32,20000,121,12250,98,69825,ClassCap,132040,321,144616,TreeCheaper,132040,321,39,5.097
glyph32_U0076,glyph32,5000,121,2821,114,8160,ClassCap,132156,437,145436,TreeCheaper,132156,437,35,0.059
glyph32_U0077,glyph32,10000,201,6195,181,26280,ClassCap,235080,751,246656,TreeCheaper,235080,751,74,0.576
glyph32_U0077,glyph32,20000,201,11140,170,54993,ClassCap,234912,583,246376,TreeCheaper,234912,583,78,3.651
glyph32_U0077,glyph32,5000,201,3688,193,10514,ClassCap,235120,791,247760,TreeCheaper,235120,791,63,0.106
glyph32_U0078,glyph32,10000,201,7311,202,28471,ClassCap,239352,838,255208,TreeCheaper,239352,838,91,0.718
glyph32_U0078,glyph32,20000,201,12694,178,61786,ClassCap,234002,603,254768,TreeCheaper,234002,603,78,4.238
glyph32_U0078,glyph32,5000,201,4081,200,10180,ClassCap,228058,828,260378,TreeCheaper,228058,828,75,0.120
glyph32_U0079,glyph32,10000,814,9370,671,12769,ClassCap,618710,2895,962850,TreeCheaper,611286,2818,265,0.051
glyph32_U0079,glyph32,20000,814,16560,679,24036,ClassCap,525334,2953,1414254,Shared,525334,2953,215,0.079
glyph32_U0079,glyph32,5000,814,4808,708,3917,ClassCap,615024,3146,1092247,TreeCheaper,615386,3167,153,0.013
glyph32_U007A,glyph32,10000,147,7587,108,35641,ClassCap,158368,330,197428,TreeCheaper,158368,330,42,1.043
glyph32_U007A,glyph32,20000,147,14811,105,71008,ClassCap,158360,322,197404,TreeCheaper,158360,322,40,6.978
glyph32_U007A,glyph32,5000,147,2847,120,9092,ClassCap,158439,401,197882,TreeCheaper,158439,401,40,0.071
glyph32_U007B,glyph32,10000,1885,9732,1607,7718,ClassCap,1385254,7180,2683915,Shared,1390684,7340,414,0.028
glyph32_U007B,glyph32,20000,1885,18852,1555,26101,ClassCap,1369907,6713,2506094,Shared,1361011,6590,611,0.409
glyph32_U007B,glyph32,5000,1885,4994,1809,2970,ClassCap,1494988,7980,3760470,Shared,1498796,8099,870,0.018
glyph32_U007C,glyph32,10000,70,7269,46,24237,ClassCap,76447,125,96873,TreeCheaper,76447,125,19,0.492
glyph32_U007C,glyph32,20000,70,15492,46,55934,ClassCap,76447,125,96873,TreeCheaper,76447,125,19,1.959
glyph32_U007C,glyph32,5000,70,4327,46,15936,ClassCap,76447,125,96873,TreeCheaper,76447,125,19,0.270
glyph32_U007D,glyph32,10000,1877,9739,1601,7717,ClassCap,1390374,7185,2688725,Shared,1395922,7339,413,0.029
glyph32_U007D,glyph32,20000,1877,18729,1546,26335,ClassCap,1374931,6715,2507310,Shared,1366195,6597,611,0.461
glyph32_U007D,glyph32,5000,1877,4994,1803,2983,ClassCap,1495309,7991,3806195,Shared,1498765,8099,848,0.018
glyph32_U007E,glyph32,10000,1842,9753,1582,7827,ClassCap,1281063,7180,2635464,Shared,1287810,7386,399,0.027
glyph32_U007E,glyph32,20000,1842,19130,1527,25522,ClassCap,1272625,6647,2426388,Shared,1264529,6549,585,0.284
glyph32_U007E,glyph32,5000,1842,4983,1780,3017,ClassCap,1355928,7955,3766730,Shared,1360056,8084,842,0.017
psychedelic_packed,psychedelic,10000,112,7141,110,11318,ClassCap,742650305,822,4903635355,Shared,742650305,822,29,0.025
psychedelic_packed,psychedelic,100000,112,92102,110,170242,ClassCap,742650308,825,4903635342,Shared,742650308,825,32,0.404
psychedelic_packed,psychedelic,20000,112,17907,110,34631,ClassCap,742650308,825,4903635342,Shared,742650308,825,31,0.076
psychedelic_packed,psychedelic,5000,112,4670,111,7328,ClassCap,742644909,821,4903648303,Shared,742644909,821,31,0.019
psychedelic_packed,psychedelic,50000,112,47130,110,103075,ClassCap,742650308,825,4903635342,Shared,742650308,825,32,0.260
shader_cosine_palette,shader,10000,34,8852,37,13676,ClassCap,15010860,540,39540268,Shared,15010860,540,14,0.030
shader_cosine_palette,shader,100000,34,92378,33,170829,ClassCap,14158886,521,31343910,Shared,14158886,521,9,0.981
shader_cosine_palette,shader,20000,34,18258,37,33030,ClassCap,14945324,539,39474732,Shared,14945324,539,15,0.099
shader_cosine_palette,shader,5000,34,4611,25,7099,ClassCap,18418432,292,23016192,TreeCheaper,18418432,292,7,0.019
shader_cosine_palette,shader,50000,34,43848,33,70818,ClassCap,14158886,521,31343910,Shared,14158886,521,9,0.211
shader_domain_warp_fbm,shader,10000,67,8634,58,12210,ClassCap,26419976,446,252053520,Shared,26615556,441,16,0.027
shader_domain_warp_fbm,shader,100000,67,96399,56,148026,ClassCap,26418688,433,252068864,Shared,26024192,422,23,0.567
shader_domain_warp_fbm,shader,20000,67,18774,58,28923,ClassCap,26419968,438,252053504,Shared,26286592,427,20,0.087
shader_domain_warp_fbm,shader,5000,67,4591,58,6948,ClassCap,26813184,444,327324672,Shared,26748672,447,18,0.020
shader_domain_warp_fbm,shader,50000,67,44384,58,63413,ClassCap,26418692,437,252068912,Shared,26024196,426,21,0.154
shader_gyroid_slice,shader,10000,38,775,33,4675,Quiesced,21444647,932,22957868,TreeCheaper,21444647,932,12,0.014
shader_gyroid_slice,shader,100000,38,775,33,4675,Quiesced,21444647,932,22957868,TreeCheaper,21444647,932,12,0.013
shader_gyroid_slice,shader,20000,38,775,33,4675,Quiesced,21444647,932,22957868,TreeCheaper,21444647,932,12,0.014
shader_gyroid_slice,shader,5000,38,775,33,4675,Quiesced,21444647,932,22957868,TreeCheaper,21444647,932,12,0.014
shader_gyroid_slice,shader,50000,38,775,33,4675,Quiesced,21444647,932,22957868,TreeCheaper,21444647,932,12,0.013
shader_julia_set,shader,10000,110,8475,106,20357,ClassCap,39788800,640,421772985856,Shared,39787520,635,35,0.041
shader_julia_set,shader,100000,110,77831,107,184207,ClassCap,40051968,648,367820210176,TreeCheaper,41884672,667,55,22.196
shader_julia_set,shader,20000,110,17032,102,41823,ClassCap,38740480,625,367820210176,TreeCheaper,39787520,635,41,0.323
shader_julia_set,shader,5000,110,4535,106,14158,ClassCap,39788800,640,421772985856,Shared,39787520,635,35,0.033
shader_julia_set,shader,50000,110,34749,102,68429,ClassCap,38740480,625,367820210176,TreeCheaper,39787520,635,41,0.813
shader_kaleidoscope_fold,shader,10000,43,131,39,319,Quiesced,34605840,555,107906368,TreeCheaper,34933520,560,11,0.002
shader_kaleidoscope_fold,shader,100000,43,131,39,319,Quiesced,34605840,555,107906368,TreeCheaper,34933520,560,11,0.001
shader_kaleidoscope_fold,shader,20000,43,131,39,319,Quiesced,34605840,555,107906368,TreeCheaper,34933520,560,11,0.001
shader_kaleidoscope_fold,shader,5000,43,131,39,319,Quiesced,34605840,555,107906368,TreeCheaper,34933520,560,11,0.001
shader_kaleidoscope_fold,shader,50000,43,131,39,319,Quiesced,34605840,555,107906368,TreeCheaper,34933520,560,11,0.001
shader_mandelbrot_distance,shader,10000,128,5735,96,33555,ClassCap,32445952,517,32339909632,Shared,32445952,517,44,2.690
shader_mandelbrot_distance,shader,100000,128,6287,96,96495,Quiesced,32445952,517,32339909632,Shared,32445952,517,44,4.975
shader_mandelbrot_distance,shader,20000,128,6287,96,96495,Quiesced,32445952,517,32339909632,Shared,32445952,517,44,9.624
shader_mandelbrot_distance,shader,5000,128,3675,96,15340,ClassCap,32445952,517,32339909632,Shared,32445952,517,44,0.123
shader_mandelbrot_distance,shader,50000,128,6287,96,96495,Quiesced,32445952,517,32339909632,Shared,32445952,517,44,4.909
shader_metaballs,shader,10000,52,8034,45,35591,ClassCap,6954240,135,17139200,TreeCheaper,6954240,135,22,0.389
shader_metaballs,shader,100000,52,82413,45,272259,ClassCap,6954240,135,17139200,TreeCheaper,6954240,135,22,101.716
shader_metaballs,shader,20000,52,13429,45,46375,ClassCap,6954240,135,17139200,TreeCheaper,6954240,135,22,0.693
shader_metaballs,shader,5000,52,2584,45,10074,ClassCap,6954240,135,17139200,TreeCheaper,6954240,135,22,0.056
shader_metaballs,shader,50000,52,33876,45,115282,ClassCap,6954240,135,17139200,TreeCheaper,6954240,135,22,13.507
shader_plasma,shader,10000,35,6909,29,15454,ClassCap,17260544,359,18444800,TreeCheaper,17260544,359,9,0.032
shader_plasma,shader,100000,35,52533,29,292631,ClassCap,17260544,359,18444800,TreeCheaper,17260544,359,9,0.544
shader_plasma,shader,20000,35,12661,29,35023,ClassCap,17260544,359,18444800,TreeCheaper,17260544,359,9,0.082
shader_plasma,shader,5000,35,3439,29,5981,ClassCap,17260544,359,18444800,TreeCheaper,17260544,359,9,0.013
shader_plasma,shader,50000,35,29370,29,118426,ClassCap,17260544,359,18444800,TreeCheaper,17260544,359,9,0.221
shader_smooth_min_scene,shader,10000,40,4077,37,69343,ClassCap,6099989,134,20282901,TreeCheaper,6099989,134,19,0.162
shader_smooth_min_scene,shader,100000,40,29704,37,1515517,ClassCap,6099989,134,20282901,TreeCheaper,6099989,134,19,19.340
shader_smooth_min_scene,shader,20000,40,6973,37,166339,ClassCap,6099989,134,20282901,TreeCheaper,6099989,134,19,0.471
shader_smooth_min_scene,shader,5000,40,2609,37,30052,ClassCap,6099989,134,20282901,TreeCheaper,6099989,134,19,0.061
shader_smooth_min_scene,shader,50000,40,15437,37,561412,ClassCap,6099989,134,20282901,TreeCheaper,6099989,134,19,2.219
shader_smoothstep_vignette,shader,10000,50,283,49,1074,Quiesced,7867199,194,29399629,TreeCheaper,7867183,178,17,0.003
shader_smoothstep_vignette,shader,100000,50,283,49,1074,Quiesced,7867199,194,29399629,TreeCheaper,7867183,178,17,0.003
shader_smoothstep_vignette,shader,20000,50,283,49,1074,Quiesced,7867199,194,29399629,TreeCheaper,7867183,178,17,0.003
shader_smoothstep_vignette,shader,5000,50,283,49,1074,Quiesced,7867199,194,29399629,TreeCheaper,7867183,178,17,0.004
shader_smoothstep_vignette,shader,50000,50,283,49,1074,Quiesced,7867199,194,29399629,TreeCheaper,7867183,178,17,0.003
shader_star_sdf,shader,10000,58,7826,58,17555,ClassCap,10554112,172,115184128,TreeCheaper,10554112,172,21,0.041
shader_star_sdf,shader,100000,58,69418,58,177332,ClassCap,10554112,172,115184128,TreeCheaper,10554112,172,21,0.367
shader_star_sdf,shader,20000,58,13888,58,26909,ClassCap,10554112,172,115184128,TreeCheaper,10554112,172,21,0.052
shader_star_sdf,shader,5000,58,3878,58,7717,ClassCap,10554112,172,115184128,TreeCheaper,10554112,172,21,0.017
shader_star_sdf,shader,50000,58,36782,58,75810,ClassCap,10554112,172,115184128,TreeCheaper,10554112,172,21,0.152
shader_torus_slice,shader,10000,34,3005,32,28932,Quiesced,6884110,130,12788252,TreeCheaper,6884110,130,12,0.117
shader_torus_slice,shader,100000,34,3005,32,28932,Quiesced,6884110,130,12788252,TreeCheaper,6884110,130,12,0.116
shader_torus_slice,shader,20000,34,3005,32,28932,Quiesced,6884110,130,12788252,TreeCheaper,6884110,130,12,0.118
shader_torus_slice,shader,5000,34,2750,32,15310,ClassCap,6884110,130,12788252,TreeCheaper,6884110,130,12,0.031
shader_torus_slice,shader,50000,34,3005,32,28932,Quiesced,6884110,130,12788252,TreeCheaper,6884110,130,12,0.117
