name,group,arm,node_count,stop,allocated,live,nodes,memo,bytes_proxy,applications,iterations,unions,extracted_cost,elapsed_ns
cellgrid:120x40_d2,cellgrid,allocated,623,ClassCap(Allocated),4583,1261,4583,4736,778512,6949,3,3305,432,19316208
cellgrid:120x40_d2,cellgrid,live,623,ClassCap(Live),8034,1763,8034,8242,1361360,11605,3,6245,432,27400875
cellgrid:80x24_d1,cellgrid,allocated,623,ClassCap(Allocated),4583,1260,4583,4736,778512,6946,3,3306,427,19260458
cellgrid:80x24_d1,cellgrid,live,623,ClassCap(Live),8030,1760,8030,8238,1360688,11602,3,6244,427,27285917
cellgrid:80x24_d2,cellgrid,allocated,623,ClassCap(Allocated),4583,1261,4583,4736,778512,6949,3,3305,432,19502875
cellgrid:80x24_d2,cellgrid,live,623,ClassCap(Live),8034,1763,8034,8242,1361360,11605,3,6245,432,26999334
glyph16:U+0020,glyph16,allocated,1,Quiesced,1,1,1,1,168,0,1,0,0,7250
glyph16:U+0020,glyph16,live,1,Quiesced,1,1,1,1,168,0,1,0,0,5125
glyph16:U+0021,glyph16,allocated,1927,ClassCap(Allocated),4703,1352,4703,4925,802536,6357,2,3316,3125,23463042
glyph16:U+0021,glyph16,live,1927,ClassCap(Live),7369,2118,7369,7607,1251320,11245,2,5216,3064,30883542
glyph16:U+0022,glyph16,allocated,199,ClassCap(Allocated),2888,421,2888,3112,497728,12044,4,2453,310,84288583
glyph16:U+0022,glyph16,live,199,ClassCap(Live),5309,738,5309,5568,906416,23647,5,4557,290,308343000
glyph16:U+0023,glyph16,allocated,615,ClassCap(Allocated),4309,826,4309,4674,744352,9842,3,3473,1014,79516250
glyph16:U+0023,glyph16,live,615,ClassCap(Live),5541,922,5541,6037,958664,13549,3,4600,1014,101986709
glyph16:U+0024,glyph16,allocated,7185,ClassCap(Allocated),5000,3246,5000,5075,844200,1886,1,1754,13131,16555625
glyph16:U+0024,glyph16,live,7185,ClassCap(Live),8398,4355,8398,8474,1415120,5238,1,3987,13008,26283042
glyph16:U+0025,glyph16,allocated,7327,ClassCap(Allocated),5000,3186,5000,5085,844760,1990,1,1813,12640,17132916
glyph16:U+0025,glyph16,live,7327,ClassCap(Live),8395,4232,8395,8474,1414784,5480,1,4103,12430,25723708
glyph16:U+0026,glyph16,allocated,9420,ClassCap(Allocated),5000,4308,5000,5003,840168,693,1,692,17979,16967667
glyph16:U+0026,glyph16,live,9420,ClassCap(Live),7537,4796,7537,7659,1273048,3285,1,2741,17502,24983583
glyph16:U+0027,glyph16,allocated,127,ClassCap(Allocated),3566,582,3566,3759,609896,16399,5,2974,171,152059000
glyph16:U+0027,glyph16,live,127,ClassCap(Live),7642,1240,7642,7888,1297632,32181,6,6391,137,454127042
glyph16:U+0028,glyph16,allocated,1855,ClassCap(Allocated),4719,1379,4719,4920,804048,6310,2,3305,3039,23248125
glyph16:U+0028,glyph16,live,1855,ClassCap(Live),7132,2067,7132,7349,1210328,10875,2,5030,2989,29781792
glyph16:U+0029,glyph16,allocated,1855,ClassCap(Allocated),4718,1378,4718,4927,804328,6310,2,3305,3039,23454250
glyph16:U+0029,glyph16,live,1855,ClassCap(Live),7162,2078,7162,7391,1216040,10894,2,5049,2989,30504375
glyph16:U+002A,glyph16,allocated,559,ClassCap(Allocated),4480,1002,4480,4828,772128,9666,3,3474,1143,59277875
glyph16:U+002A,glyph16,live,559,ClassCap(Live),5729,1104,5729,6224,990192,13789,3,4621,1143,95466458
glyph16:U+002B,glyph16,allocated,247,ClassCap(Allocated),2055,244,2055,2244,355824,11436,4,1803,319,32960166
glyph16:U+002B,glyph16,live,247,Quiesced,2346,254,2346,2536,404768,60676,12,2084,319,154827375
glyph16:U+002C,glyph16,allocated,1694,ClassCap(Allocated),4678,1366,4678,4872,796768,6361,2,3281,2779,22964250
glyph16:U+002C,glyph16,live,1694,ClassCap(Live),6820,1963,6820,7028,1157408,10474,2,4826,2723,28546750
glyph16:U+002D,glyph16,allocated,119,Quiesced,1035,117,1035,1165,181160,15080,7,910,133,36158500
glyph16:U+002D,glyph16,live,119,Quiesced,1035,117,1035,1165,181160,15080,7,910,133,35648083
glyph16:U+002E,glyph16,allocated,1855,ClassCap(Allocated),4681,1354,4680,4894,798284,6411,2,3292,2881,23035583
glyph16:U+002E,glyph16,live,1855,ClassCap(Live),7055,2027,7054,7297,1198740,10702,2,4993,2813,29249334
glyph16:U+002F,glyph16,allocated,127,ClassCap(Allocated),3444,447,3443,3635,589236,18357,5,2972,166,209434250
glyph16:U+002F,glyph16,live,127,ClassCap(Live),6235,653,6234,6508,1062716,38385,6,5550,138,1129344292
glyph16:U+0030,glyph16,allocated,5402,ClassCap(Allocated),5000,2903,5000,5061,843416,2586,1,2050,9970,16329417
glyph16:U+0030,glyph16,live,5402,ClassCap(Live),7934,3671,7934,7994,1336272,5574,1,4208,9768,22916917
glyph16:U+0031,glyph16,allocated,1452,ClassCap(Allocated),4418,1323,4418,4654,755440,6800,2,3070,2520,22626750
glyph16:U+0031,glyph16,live,1452,ClassCap(Live),6156,1724,6156,6405,1048152,9393,2,4407,2413,26340917
glyph16:U+0032,glyph16,allocated,3891,ClassCap(Allocated),4945,2533,4945,4974,832384,3078,1,2357,6980,15459583
glyph16:U+0032,glyph16,live,3891,ClassCap(Live),6465,2881,6465,6495,1087800,4761,1,3529,6810,19448250
glyph16:U+0033,glyph16,allocated,6993,ClassCap(Allocated),5000,3209,5000,5091,845096,1948,1,1791,12797,16824209
glyph16:U+0033,glyph16,live,6993,ClassCap(Live),8381,4291,8381,8469,1412936,5347,1,4034,12605,25805167
glyph16:U+0034,glyph16,allocated,1637,ClassCap(Allocated),4557,1337,4557,4794,778848,6666,2,3191,2751,23497875
glyph16:U+0034,glyph16,live,1637,ClassCap(Live),6693,1888,6693,6945,1138536,10207,2,4776,2630,28440500
glyph16:U+0035,glyph16,allocated,4546,ClassCap(Allocated),4981,2683,4981,5017,838824,2926,1,2243,8145,15959000
glyph16:U+0035,glyph16,live,4546,ClassCap(Live),7177,3212,7177,7213,1207752,5204,1,3910,8145,20418750
glyph16:U+0036,glyph16,allocated,8067,ClassCap(Allocated),5000,3663,5000,5058,843248,1387,1,1337,15249,16992041
glyph16:U+0036,glyph16,live,8067,ClassCap(Live),8240,4576,8240,8346,1390256,4642,1,3643,14872,26387000
glyph16:U+0037,glyph16,allocated,191,ClassCap(Allocated),2792,378,2792,3007,481096,12362,4,2394,288,84538500
glyph16:U+0037,glyph16,live,191,ClassCap(Live),4931,604,4931,5210,844032,24454,5,4301,278,359298833
glyph16:U+0038,glyph16,allocated,9774,ClassCap(Allocated),5000,4420,5000,5002,840112,581,1,580,18500,17109542
glyph16:U+0038,glyph16,live,9774,ClassCap(Live),7225,4832,7225,7320,1219120,2841,1,2392,18085,24266084
glyph16:U+0039,glyph16,allocated,8267,ClassCap(Allocated),5000,3774,5000,5036,842016,1260,1,1226,15698,16600500
glyph16:U+0039,glyph16,live,8267,ClassCap(Live),8215,4626,8215,8292,1384432,4482,1,3553,15201,26660667
glyph16:U+003A,glyph16,allocated,3655,ClassCap(Allocated),4854,2312,4854,4871,816424,3374,1,2481,6228,14513625
glyph16:U+003A,glyph16,live,3655,ClassCap(Live),5834,2535,5834,5851,981064,4429,1,3238,6228,16387458
glyph16:U+003B,glyph16,allocated,3494,ClassCap(Allocated),4855,2307,4855,4876,816816,3371,1,2490,6080,14343834
glyph16:U+003B,glyph16,live,3494,ClassCap(Live),10367,3029,10367,10643,1757112,15562,2,7245,5609,47020500
glyph16:U+003C,glyph16,allocated,295,ClassCap(Allocated),2697,420,2697,2969,468328,7887,3,2261,514,31288416
glyph16:U+003C,glyph16,live,295,ClassCap(Live),3406,435,3406,3688,588000,24555,5,2955,470,96902750
glyph16:U+003D,glyph16,allocated,183,Quiesced,1514,172,1514,1672,263200,21429,7,1334,231,49228958
glyph16:U+003D,glyph16,live,183,Quiesced,1514,172,1514,1672,263200,21429,7,1334,231,49418459
glyph16:U+003E,glyph16,allocated,295,ClassCap(Allocated),2711,421,2711,2980,470512,7897,3,2274,519,33043334
glyph16:U+003E,glyph16,live,295,ClassCap(Live),3419,436,3419,3698,590016,24643,5,2967,475,103459916
glyph16:U+003F,glyph16,allocated,6716,ClassCap(Allocated),5000,3176,5000,5083,844648,2009,1,1824,12176,16773500
glyph16:U+003F,glyph16,live,6716,ClassCap(Live),8320,4176,8320,8400,1402240,5431,1,4087,11985,25637292
glyph16:U+0040,glyph16,allocated,12056,ClassCap(Allocated),5226,5226,5226,5226,877968,0,0,0,23527,2495917
glyph16:U+0040,glyph16,live,12056,ClassCap(Live),5226,5226,5226,5226,877968,0,0,0,23527,2528042
glyph16:U+0041,glyph16,allocated,1605,ClassCap(Allocated),4509,1340,4509,4734,770112,6637,2,3140,2672,23107167
glyph16:U+0041,glyph16,live,1605,ClassCap(Live),6470,1854,6470,6708,1100288,9948,2,4587,2549,27874916
glyph16:U+0042,glyph16,allocated,4470,ClassCap(Allocated),4975,2650,4975,5016,838096,2973,1,2267,7970,15687584
glyph16:U+0042,glyph16,live,4470,ClassCap(Live),7052,3157,7052,7093,1187032,5146,1,3837,7758,20366167
glyph16:U+0043,glyph16,allocated,5129,ClassCap(Allocated),4996,2830,4996,5047,842184,2718,1,2110,9459,15808833
glyph16:U+0043,glyph16,live,5129,ClassCap(Live),7876,3544,7876,7927,1326024,5633,1,4276,9252,22846375
glyph16:U+0044,glyph16,allocated,2606,ClassCap(Allocated),4367,1933,4367,4390,734944,3265,1,2389,4506,12377167
glyph16:U+0044,glyph16,live,2606,ClassCap(Live),9105,2572,9105,9366,1544256,13737,2,6480,4230,40414875
glyph16:U+0045,glyph16,allocated,247,ClassCap(Allocated),2780,370,2780,2973,477848,12806,4,2396,335,56270084
glyph16:U+0045,glyph16,live,247,ClassCap(Live),4623,556,4623,4873,790664,24259,5,4049,335,204118208
glyph16:U+0046,glyph16,allocated,215,ClassCap(Allocated),2535,331,2535,2713,435848,11996,4,2190,285,52938375
glyph16:U+0046,glyph16,live,215,ClassCap(Live),4252,508,4252,4488,727552,22382,5,3725,285,210339625
glyph16:U+0047,glyph16,allocated,4563,ClassCap(Allocated),4983,2695,4983,5020,839216,2915,1,2234,8262,16086667
glyph16:U+0047,glyph16,live,4563,ClassCap(Live),7266,3250,7266,7303,1222760,5258,1,3962,8258,21052000
glyph16:U+0048,glyph16,allocated,247,ClassCap(Allocated),2793,369,2793,2984,479920,12700,4,2410,314,62793542
glyph16:U+0048,glyph16,live,247,ClassCap(Live),4724,562,4724,4973,807576,24358,5,4145,314,228506958
glyph16:U+0049,glyph16,allocated,391,ClassCap(Allocated),3418,565,3418,3722,591248,8929,3,2843,626,46581083
glyph16:U+0049,glyph16,live,391,ClassCap(Live),5001,695,5001,5342,859264,20753,4,4280,602,203888333
glyph16:U+004A,glyph16,allocated,2425,ClassCap(Allocated),4282,1868,4282,4302,720496,3220,1,2373,4339,12217000
glyph16:U+004A,glyph16,live,2425,ClassCap(Live),8998,2490,8998,9255,1526056,13711,2,6448,3926,38536625
glyph16:U+004B,glyph16,allocated,617,ClassCap(Allocated),4578,925,4578,4827,783048,10063,3,3637,1047,53914125
glyph16:U+004B,glyph16,live,617,ClassCap(Live),7748,1458,7748,8242,1329328,17070,3,6256,1121,92450291
glyph16:U+004C,glyph16,allocated,151,ClassCap(Allocated),3361,422,3361,3562,575904,17318,5,2922,185,137548458
glyph16:U+004C,glyph16,live,151,ClassCap(Live),5681,642,5681,5935,968632,32765,6,5020,185,679147667
glyph16:U+004D,glyph16,allocated,2345,ClassCap(Allocated),4914,1703,4914,5235,843528,5331,2,3184,4133,27480834
glyph16:U+004D,glyph16,live,2345,ClassCap(Live),9209,2612,9209,9589,1568392,13382,2,6569,4121,39920500
glyph16:U+004E,glyph16,allocated,1399,ClassCap(Allocated),4653,1325,4653,4909,796040,6421,2,3299,2457,23676291
glyph16:U+004E,glyph16,live,1399,ClassCap(Live),7495,2010,7495,7771,1274616,11445,2,5456,2348,31867500
glyph16:U+004F,glyph16,allocated,5945,ClassCap(Allocated),5000,3006,5000,5077,844312,2421,1,1982,10769,16519209
glyph16:U+004F,glyph16,live,5945,ClassCap(Live),8206,3917,8206,8284,1382976,5650,1,4229,10539,24414083
glyph16:U+0050,glyph16,allocated,2409,ClassCap(Allocated),4880,1714,4880,5106,832496,5418,2,3117,3990,26529875
glyph16:U+0050,glyph16,live,2409,ClassCap(Live),8681,2453,8681,8941,1472968,13199,2,6179,3910,37907708
glyph16:U+0051,glyph16,allocated,6053,ClassCap(Allocated),5000,3029,5000,5059,843304,2388,1,1966,10749,16830167
glyph16:U+0051,glyph16,live,6053,ClassCap(Live),8196,3941,8196,8254,1380176,5609,1,4195,10532,24692542
glyph16:U+0052,glyph16,allocated,2710,ClassCap(Allocated),4509,2000,4509,4527,758520,3337,1,2464,4725,12770542
glyph16:U+0052,glyph16,live,2710,ClassCap(Live),9321,2632,9321,9608,1582000,14111,2,6636,4443,41658584
glyph16:U+0053,glyph16,allocated,7616,ClassCap(Allocated),5000,3414,5000,5080,844480,1682,1,1586,14066,17026375
glyph16:U+0053,glyph16,live,7616,ClassCap(Live),8316,4444,8316,8415,1402632,4989,1,3823,13956,26252625
glyph16:U+0054,glyph16,allocated,183,ClassCap(Allocated),3521,468,3521,3720,602672,18538,5,3037,227,155211542
glyph16:U+0054,glyph16,live,183,ClassCap(Live),5906,684,5906,6178,1007440,35113,6,5203,227,757121917
glyph16:U+0055,glyph16,allocated,2899,ClassCap(Allocated),4686,2079,4686,4700,788032,3440,1,2558,5170,13421958
glyph16:U+0055,glyph16,live,2899,ClassCap(Live),9723,2732,9723,9974,1647520,14671,2,6911,4701,42219667
glyph16:U+0056,glyph16,allocated,1573,ClassCap(Allocated),4614,1319,4614,4827,787080,6581,2,3262,2647,23780916
glyph16:U+0056,glyph16,live,1573,ClassCap(Live),6922,1920,6922,7171,1176840,10677,2,4969,2534,30050125
glyph16:U+0057,glyph16,allocated,7232,ClassCap(Allocated),5000,3271,5000,5109,846104,1842,1,1729,13499,16635792
glyph16:U+0057,glyph16,live,7232,ClassCap(Live),8424,4426,8424,8535,1421448,5158,1,3945,13367,26387667
glyph16:U+0058,glyph16,allocated,343,ClassCap(Allocated),3607,628,3607,3937,624456,9017,3,2969,652,60407500
glyph16:U+0058,glyph16,live,343,ClassCap(Live),5659,805,5659,6064,973392,22137,4,4818,612,373412500
glyph16:U+0059,glyph16,allocated,263,ClassCap(Allocated),2684,412,2684,2942,465360,7570,3,2246,437,37038666
glyph16:U+0059,glyph16,live,263,ClassCap(Live),4061,556,4061,4349,698376,16991,4,3478,413,161751750
glyph16:U+005A,glyph16,allocated,255,ClassCap(Allocated),3358,459,3358,3603,577864,14056,4,2879,393,102503500
glyph16:U+005A,glyph16,live,255,ClassCap(Live),5513,697,5513,5824,943600,28066,5,4791,383,391516333
glyph16:U+005B,glyph16,allocated,183,Quiesced,1519,175,1519,1677,264040,21494,7,1336,234,48967083
glyph16:U+005B,glyph16,live,183,Quiesced,1519,175,1519,1677,264040,21494,7,1336,234,49220375
glyph16:U+005C,glyph16,allocated,127,ClassCap(Allocated),3444,447,3443,3635,589236,18357,5,2972,166,210343417
glyph16:U+005C,glyph16,live,127,ClassCap(Live),6235,653,6234,6508,1062716,38385,6,5550,138,1129282584
glyph16:U+005D,glyph16,allocated,183,Quiesced,1517,177,1517,1675,263704,21364,7,1332,244,49085792
glyph16:U+005D,glyph16,live,183,Quiesced,1517,177,1517,1675,263704,21364,7,1332,244,48878416
glyph16:U+005E,glyph16,allocated,199,ClassCap(Allocated),2891,420,2891,3116,498288,12176,4,2457,319,87027875
glyph16:U+005E,glyph16,live,199,ClassCap(Live),5184,717,5184,5442,885360,23737,5,4453,299,311998792
glyph16:U+005F,glyph16,allocated,119,ClassCap(Allocated),2994,321,2994,3172,512960,23449,6,2664,129,311674792
glyph16:U+005F,glyph16,live,119,ClassCap(Live),4836,566,4836,5076,825888,38923,7,4261,129,729024667
glyph16:U+0060,glyph16,allocated,1722,ClassCap(Allocated),4689,1342,4689,4902,799680,6355,2,3316,2827,23129958
glyph16:U+0060,glyph16,live,1722,ClassCap(Live),7242,2016,7242,7488,1230432,11185,2,5195,2768,29997625
glyph16:U+0061,glyph16,allocated,5743,ClassCap(Allocated),5000,3007,5000,5059,843304,2411,1,1981,10612,16514125
glyph16:U+0061,glyph16,live,5743,ClassCap(Live),8140,3907,8140,8199,1370824,5560,1,4179,10414,24203333
glyph16:U+0062,glyph16,allocated,5129,ClassCap(Allocated),4995,2824,4995,5043,841848,2720,1,2111,9434,16204459
glyph16:U+0062,glyph16,live,5129,ClassCap(Live),7841,3524,7841,7890,1320032,5631,1,4257,9228,22297041
glyph16:U+0063,glyph16,allocated,4671,ClassCap(Allocated),4984,2700,4984,5027,839720,2923,1,2228,8419,15783083
glyph16:U+0063,glyph16,live,4671,ClassCap(Live),7298,3265,7298,7341,1228472,5288,1,3977,8409,20781834
glyph16:U+0064,glyph16,allocated,5864,ClassCap(Allocated),5000,3022,5000,5064,843584,2388,1,1971,10763,16585208
glyph16:U+0064,glyph16,live,5864,ClassCap(Live),8182,3940,8182,8246,1378160,5577,1,4187,10560,24535625
glyph16:U+0065,glyph16,allocated,4872,ClassCap(Allocated),4989,2751,4989,5034,840672,2865,1,2185,8766,16113042
glyph16:U+0065,glyph16,live,4872,ClassCap(Live),7585,3387,7585,7630,1276800,5455,1,4145,8756,21902750
glyph16:U+0066,glyph16,allocated,2364,ClassCap(Allocated),4880,1682,4880,5126,833616,5469,2,3153,3955,26931750
glyph16:U+0066,glyph16,live,2364,ClassCap(Live),8554,2399,8554,8828,1452416,13251,2,6110,3875,38082833
glyph16:U+0067,glyph16,allocated,7009,ClassCap(Allocated),5000,3208,5000,5073,844088,1951,1,1792,12799,16714166
glyph16:U+0067,glyph16,live,7009,ClassCap(Live),8366,4282,8366,8436,1409408,5329,1,4028,12607,25693541
glyph16:U+0068,glyph16,allocated,2931,ClassCap(Allocated),4717,2082,4717,4741,793800,3472,1,2586,5045,13444125
glyph16:U+0068,glyph16,live,2931,ClassCap(Live),9818,2744,9818,10114,1666000,14780,2,7015,4751,44235667
glyph16:U+0069,glyph16,allocated,2123,ClassCap(Allocated),4727,1455,4727,4988,808752,6347,2,3231,3510,26198167
glyph16:U+0069,glyph16,live,2123,ClassCap(Live),7925,2225,7925,8208,1347248,12301,2,5659,3434,34532750
glyph16:U+006A,glyph16,allocated,4293,ClassCap(Allocated),4971,2597,4971,5001,836808,3014,1,2317,7523,15630000
glyph16:U+006A,glyph16,live,4293,ClassCap(Live),6782,3013,6782,6813,1141112,4994,1,3712,7523,19184375
glyph16:U+006B,glyph16,allocated,1460,ClassCap(Allocated),4460,1306,4460,4687,761992,6789,2,3125,2517,22362000
glyph16:U+006B,glyph16,live,1460,ClassCap(Live),6279,1773,6279,6517,1068200,9796,2,4477,2404,27408458
glyph16:U+006C,glyph16,allocated,323,ClassCap(Allocated),3007,467,3007,3282,520576,8304,3,2517,522,42265625
glyph16:U+006C,glyph16,live,323,ClassCap(Live),4242,591,4242,4538,729232,18346,4,3628,503,156111583
glyph16:U+006D,glyph16,allocated,5289,ClassCap(Allocated),4998,2856,4998,5062,843248,2654,1,2088,9624,16364084
glyph16:U+006D,glyph16,live,5289,ClassCap(Live),8013,3671,8013,8077,1349768,5680,1,4287,9138,22870833
glyph16:U+006E,glyph16,allocated,2264,ClassCap(Allocated),4826,1631,4826,5051,823368,5722,2,3150,3759,26513833
glyph16:U+006E,glyph16,live,2264,ClassCap(Live),8378,2352,8378,8641,1422232,12898,2,5981,3680,37006292
glyph16:U+006F,glyph16,allocated,5716,ClassCap(Allocated),5000,2947,5000,5055,843080,2515,1,2018,10262,16094833
glyph16:U+006F,glyph16,live,5716,ClassCap(Live),8007,3745,8007,8061,1348200,5622,1,4202,10052,24014792
glyph16:U+0070,glyph16,allocated,5406,ClassCap(Allocated),4999,2901,4999,5057,843080,2589,1,2053,9922,16338958
glyph16:U+0070,glyph16,live,5406,ClassCap(Live),7992,3700,7992,8049,1345848,5630,1,4235,9722,23287666
glyph16:U+0071,glyph16,allocated,5046,ClassCap(Allocated),4992,2802,4992,5041,841400,2777,1,2134,9172,16340958
glyph16:U+0071,glyph16,live,5046,ClassCap(Live),7810,3472,7810,7859,1314824,5640,1,4282,8958,22681041
glyph16:U+0072,glyph16,allocated,2456,ClassCap(Allocated),4912,1804,4912,5158,838992,5113,2,3066,4180,27265083
glyph16:U+0072,glyph16,live,2456,ClassCap(Live),8977,2504,8977,9284,1525328,13808,2,6428,4090,40078000
glyph16:U+0073,glyph16,allocated,6929,ClassCap(Allocated),5000,3201,5000,5088,844928,1968,1,1799,12680,16739125
glyph16:U+0073,glyph16,live,6929,ClassCap(Live),8360,4256,8360,8441,1409016,5365,1,4047,12477,25571417
glyph16:U+0074,glyph16,allocated,2421,ClassCap(Allocated),4905,1796,4905,5142,837312,5091,2,3070,4109,25492375
glyph16:U+0074,glyph16,live,2421,ClassCap(Live),9094,2551,9094,9361,1542744,13875,2,6479,4021,39677125
glyph16:U+0075,glyph16,allocated,2493,ClassCap(Allocated),4898,1809,4898,5116,835072,5123,2,3047,4153,25442583
glyph16:U+0075,glyph16,live,2493,ClassCap(Live),8754,2477,8754,9008,1484896,13502,2,6218,4056,38333417
glyph16:U+0076,glyph16,allocated,1115,ClassCap(Allocated),4236,1182,4236,4416,721728,6760,2,3028,1760,19716875
glyph16:U+0076,glyph16,live,1115,ClassCap(Live),8688,1673,8688,9180,1487136,20494,3,6989,1676,89839791
glyph16:U+0077,glyph16,allocated,3663,ClassCap(Allocated),4937,2492,4937,4971,831320,3133,1,2394,6602,15248708
glyph16:U+0077,glyph16,live,3663,ClassCap(Live),6480,2834,6480,6517,1090712,4816,1,3595,6443,18096166
glyph16:U+0078,glyph16,allocated,343,ClassCap(Allocated),3590,620,3590,3918,621488,8967,3,2960,639,60566417
glyph16:U+0078,glyph16,live,343,ClassCap(Live),5695,805,5695,6101,979496,22114,4,4853,599,377388000
glyph16:U+0079,glyph16,allocated,3530,ClassCap(Allocated),4915,2436,4915,4942,827232,3229,1,2429,6403,14865750
glyph16:U+0079,glyph16,live,3530,ClassCap(Live),6172,2696,6172,6199,1038408,4610,1,3426,6393,17167917
glyph16:U+007A,glyph16,allocated,255,ClassCap(Allocated),3358,459,3358,3603,577864,14056,4,2879,393,102418625
glyph16:U+007A,glyph16,live,255,ClassCap(Live),5513,697,5513,5824,943600,28066,5,4791,383,395052875
glyph16:U+007B,glyph16,allocated,4598,ClassCap(Allocated),4984,2694,4984,5032,840000,2918,1,2235,8205,15823541
glyph16:U+007B,glyph16,live,4598,ClassCap(Live),7306,3259,7306,7354,1230096,5301,1,3992,8195,20917958
glyph16:U+007C,glyph16,allocated,119,Quiesced,1044,112,1044,1178,182896,15325,7,924,133,38770333
glyph16:U+007C,glyph16,live,119,Quiesced,1044,112,1044,1178,182896,15325,7,924,133,38889250
glyph16:U+007D,glyph16,allocated,4598,ClassCap(Allocated),4983,2688,4983,5024,839440,2918,1,2240,8215,15894084
glyph16:U+007D,glyph16,live,4598,ClassCap(Live),7220,3231,7220,7262,1215312,5239,1,3934,8205,20601708
glyph16:U+007E,glyph16,allocated,5093,ClassCap(Allocated),4996,2812,4996,5047,842184,2750,1,2127,9370,16087541
glyph16:U+007E,glyph16,live,5093,ClassCap(Live),7897,3527,7897,7949,1329608,5677,1,4313,9150,22491208
glyph32:U+0020,glyph32,allocated,1,Quiesced,1,1,1,1,168,0,1,0,0,7000
glyph32:U+0020,glyph32,live,1,Quiesced,1,1,1,1,168,0,1,0,0,5166
glyph32:U+0021,glyph32,allocated,1927,ClassCap(Allocated),4703,1352,4703,4925,802536,6357,2,3316,3125,23584542
glyph32:U+0021,glyph32,live,1927,ClassCap(Live),7369,2118,7369,7607,1251320,11245,2,5216,3064,31200125
glyph32:U+0022,glyph32,allocated,199,ClassCap(Allocated),2888,421,2888,3112,497728,12044,4,2453,310,85635417
glyph32:U+0022,glyph32,live,199,ClassCap(Live),5309,738,5309,5568,906416,23647,5,4557,290,307343041
glyph32:U+0023,glyph32,allocated,615,ClassCap(Allocated),4309,826,4309,4674,744352,9842,3,3473,1014,78896125
glyph32:U+0023,glyph32,live,615,ClassCap(Live),5541,922,5541,6037,958664,13549,3,4600,1014,100529208
glyph32:U+0024,glyph32,allocated,7185,ClassCap(Allocated),5000,3246,5000,5075,844200,1886,1,1754,13131,17028625
glyph32:U+0024,glyph32,live,7185,ClassCap(Live),8398,4355,8398,8474,1415120,5238,1,3987,13008,26461416
glyph32:U+0025,glyph32,allocated,7327,ClassCap(Allocated),5000,3186,5000,5085,844760,1990,1,1813,12640,16868333
glyph32:U+0025,glyph32,live,7327,ClassCap(Live),8395,4232,8395,8474,1414784,5480,1,4103,12430,25885833
glyph32:U+0026,glyph32,allocated,9420,ClassCap(Allocated),5000,4308,5000,5003,840168,693,1,692,17979,16708000
glyph32:U+0026,glyph32,live,9420,ClassCap(Live),7537,4796,7537,7659,1273048,3285,1,2741,17502,25022709
glyph32:U+0027,glyph32,allocated,127,ClassCap(Allocated),3566,582,3566,3759,609896,16399,5,2974,171,151747500
glyph32:U+0027,glyph32,live,127,ClassCap(Live),7642,1240,7642,7888,1297632,32181,6,6391,137,453089792
glyph32:U+0028,glyph32,allocated,1855,ClassCap(Allocated),4719,1379,4719,4920,804048,6310,2,3305,3039,22852375
glyph32:U+0028,glyph32,live,1855,ClassCap(Live),7132,2067,7132,7349,1210328,10875,2,5030,2989,30749333
glyph32:U+0029,glyph32,allocated,1855,ClassCap(Allocated),4718,1378,4718,4927,804328,6310,2,3305,3039,23230417
glyph32:U+0029,glyph32,live,1855,ClassCap(Live),7162,2078,7162,7391,1216040,10894,2,5049,2989,30087208
glyph32:U+002A,glyph32,allocated,559,ClassCap(Allocated),4480,1002,4480,4828,772128,9666,3,3474,1143,59371500
glyph32:U+002A,glyph32,live,559,ClassCap(Live),5729,1104,5729,6224,990192,13789,3,4621,1143,95439666
glyph32:U+002B,glyph32,allocated,247,ClassCap(Allocated),2055,244,2055,2244,355824,11436,4,1803,319,32857875
glyph32:U+002B,glyph32,live,247,Quiesced,2346,254,2346,2536,404768,60676,12,2084,319,153888458
glyph32:U+002C,glyph32,allocated,1694,ClassCap(Allocated),4678,1366,4678,4872,796768,6361,2,3281,2779,22799084
glyph32:U+002C,glyph32,live,1694,ClassCap(Live),6820,1963,6820,7028,1157408,10474,2,4826,2723,28106709
glyph32:U+002D,glyph32,allocated,119,Quiesced,1034,116,1034,1164,180992,15080,7,910,133,35561334
glyph32:U+002D,glyph32,live,119,Quiesced,1034,116,1034,1164,180992,15080,7,910,133,36118375
glyph32:U+002E,glyph32,allocated,1855,ClassCap(Allocated),4681,1354,4680,4894,798284,6411,2,3292,2881,22886541
glyph32:U+002E,glyph32,live,1855,ClassCap(Live),7055,2027,7054,7297,1198740,10702,2,4993,2813,29284250
glyph32:U+002F,glyph32,allocated,127,ClassCap(Allocated),3444,447,3443,3635,589236,18357,5,2972,166,210206459
glyph32:U+002F,glyph32,live,127,ClassCap(Live),6235,653,6234,6508,1062716,38385,6,5550,138,1133338041
glyph32:U+0030,glyph32,allocated,5402,ClassCap(Allocated),5000,2903,5000,5061,843416,2586,1,2050,9970,16535416
glyph32:U+0030,glyph32,live,5402,ClassCap(Live),7934,3671,7934,7994,1336272,5574,1,4208,9768,23448208
glyph32:U+0031,glyph32,allocated,1452,ClassCap(Allocated),4418,1323,4418,4654,755440,6800,2,3070,2520,22896083
glyph32:U+0031,glyph32,live,1452,ClassCap(Live),6156,1724,6156,6405,1048152,9393,2,4407,2413,26642833
glyph32:U+0032,glyph32,allocated,3891,ClassCap(Allocated),4945,2533,4945,4974,832384,3078,1,2357,6980,15317209
glyph32:U+0032,glyph32,live,3891,ClassCap(Live),6465,2881,6465,6495,1087800,4761,1,3529,6810,18178083
glyph32:U+0033,glyph32,allocated,6993,ClassCap(Allocated),5000,3209,5000,5091,845096,1948,1,1791,12797,16713125
glyph32:U+0033,glyph32,live,6993,ClassCap(Live),8381,4291,8381,8469,1412936,5347,1,4034,12605,25644208
glyph32:U+0034,glyph32,allocated,1637,ClassCap(Allocated),4557,1337,4557,4794,778848,6666,2,3191,2751,23524875
glyph32:U+0034,glyph32,live,1637,ClassCap(Live),6693,1888,6693,6945,1138536,10207,2,4776,2630,28673958
glyph32:U+0035,glyph32,allocated,4546,ClassCap(Allocated),4981,2683,4981,5017,838824,2926,1,2243,8145,15664583
glyph32:U+0035,glyph32,live,4546,ClassCap(Live),7177,3212,7177,7213,1207752,5204,1,3910,8145,20249417
glyph32:U+0036,glyph32,allocated,8067,ClassCap(Allocated),5000,3663,5000,5058,843248,1387,1,1337,15249,16492833
glyph32:U+0036,glyph32,live,8067,ClassCap(Live),8240,4576,8240,8346,1390256,4642,1,3643,14872,26340583
glyph32:U+0037,glyph32,allocated,191,ClassCap(Allocated),2791,377,2791,3006,480928,12363,4,2394,288,84361292
glyph32:U+0037,glyph32,live,191,ClassCap(Live),4930,603,4930,5209,843864,24455,5,4301,278,358447333
glyph32:U+0038,glyph32,allocated,9774,ClassCap(Allocated),5000,4420,5000,5002,840112,581,1,580,18500,17287167
glyph32:U+0038,glyph32,live,9774,ClassCap(Live),7225,4832,7225,7320,1219120,2841,1,2392,18085,24892750
glyph32:U+0039,glyph32,allocated,8267,ClassCap(Allocated),5000,3774,5000,5036,842016,1260,1,1226,15698,16572958
glyph32:U+0039,glyph32,live,8267,ClassCap(Live),8215,4626,8215,8292,1384432,4482,1,3553,15201,26169750
glyph32:U+003A,glyph32,allocated,3655,ClassCap(Allocated),4854,2312,4854,4871,816424,3374,1,2481,6228,14549416
glyph32:U+003A,glyph32,live,3655,ClassCap(Live),5834,2535,5834,5851,981064,4429,1,3238,6228,16167291
glyph32:U+003B,glyph32,allocated,3494,ClassCap(Allocated),4855,2307,4855,4876,816816,3371,1,2490,6080,14523459
glyph32:U+003B,glyph32,live,3494,ClassCap(Live),10367,3029,10367,10643,1757112,15562,2,7245,5609,47446000
glyph32:U+003C,glyph32,allocated,295,ClassCap(Allocated),2697,420,2697,2969,468328,7887,3,2261,514,31340167
glyph32:U+003C,glyph32,live,295,ClassCap(Live),3407,436,3407,3689,588168,24555,5,2955,470,97196541
glyph32:U+003D,glyph32,allocated,183,Quiesced,1514,172,1514,1672,263200,21429,7,1334,231,49583625
glyph32:U+003D,glyph32,live,183,Quiesced,1514,172,1514,1672,263200,21429,7,1334,231,48921292
glyph32:U+003E,glyph32,allocated,295,ClassCap(Allocated),2711,421,2711,2980,470512,7897,3,2274,519,32970625
glyph32:U+003E,glyph32,live,295,ClassCap(Live),3420,437,3420,3699,590184,24641,5,2967,475,103609042
glyph32:U+003F,glyph32,allocated,6716,ClassCap(Allocated),5000,3176,5000,5083,844648,2009,1,1824,12176,16782250
glyph32:U+003F,glyph32,live,6716,ClassCap(Live),8320,4176,8320,8400,1402240,5431,1,4087,11985,25427250
glyph32:U+0040,glyph32,allocated,12056,ClassCap(Allocated),5226,5226,5226,5226,877968,0,0,0,23527,2501541
glyph32:U+0040,glyph32,live,12056,ClassCap(Live),5226,5226,5226,5226,877968,0,0,0,23527,2414291
glyph32:U+0041,glyph32,allocated,1605,ClassCap(Allocated),4509,1340,4509,4734,770112,6637,2,3140,2672,23417542
glyph32:U+0041,glyph32,live,1605,ClassCap(Live),6470,1854,6470,6708,1100288,9948,2,4587,2549,28440541
glyph32:U+0042,glyph32,allocated,4470,ClassCap(Allocated),4975,2650,4975,5016,838096,2973,1,2267,7970,15813959
glyph32:U+0042,glyph32,live,4470,ClassCap(Live),7052,3157,7052,7093,1187032,5146,1,3837,7758,20124875
glyph32:U+0043,glyph32,allocated,5129,ClassCap(Allocated),4996,2830,4996,5047,842184,2718,1,2110,9459,16072125
glyph32:U+0043,glyph32,live,5129,ClassCap(Live),7876,3544,7876,7927,1326024,5633,1,4276,9252,23245000
glyph32:U+0044,glyph32,allocated,2606,ClassCap(Allocated),4367,1933,4367,4390,734944,3265,1,2389,4506,12518166
glyph32:U+0044,glyph32,live,2606,ClassCap(Live),9105,2572,9105,9366,1544256,13737,2,6480,4230,39931292
glyph32:U+0045,glyph32,allocated,247,ClassCap(Allocated),2779,369,2779,2972,477680,12807,4,2396,335,56441542
glyph32:U+0045,glyph32,live,247,ClassCap(Live),4622,555,4622,4872,790496,24259,5,4049,335,205749708
glyph32:U+0046,glyph32,allocated,215,ClassCap(Allocated),2534,330,2534,2712,435680,11996,4,2190,285,52585667
glyph32:U+0046,glyph32,live,215,ClassCap(Live),4251,507,4251,4487,727384,22382,5,3725,285,209738958
glyph32:U+0047,glyph32,allocated,4563,ClassCap(Allocated),4983,2695,4983,5020,839216,2915,1,2234,8262,15596208
glyph32:U+0047,glyph32,live,4563,ClassCap(Live),7266,3250,7266,7303,1222760,5258,1,3962,8258,20838666
glyph32:U+0048,glyph32,allocated,247,ClassCap(Allocated),2792,368,2792,2983,479752,12701,4,2410,314,62866667
glyph32:U+0048,glyph32,live,247,ClassCap(Live),4723,561,4723,4972,807408,24358,5,4145,314,228799042
glyph32:U+0049,glyph32,allocated,391,ClassCap(Allocated),3418,565,3418,3722,591248,8929,3,2843,626,46538084
glyph32:U+0049,glyph32,live,391,ClassCap(Live),5000,694,5000,5341,859096,20755,4,4280,602,205296584
glyph32:U+004A,glyph32,allocated,2425,ClassCap(Allocated),4282,1868,4282,4302,720496,3220,1,2373,4339,11691291
glyph32:U+004A,glyph32,live,2425,ClassCap(Live),8998,2490,8998,9255,1526056,13711,2,6448,3926,38547083
glyph32:U+004B,glyph32,allocated,617,ClassCap(Allocated),4578,925,4578,4827,783048,10063,3,3637,1047,53572583
glyph32:U+004B,glyph32,live,617,ClassCap(Live),7748,1458,7748,8242,1329328,17070,3,6256,1121,92821500
glyph32:U+004C,glyph32,allocated,151,ClassCap(Allocated),3360,421,3360,3561,575736,17319,5,2922,185,137325792
glyph32:U+004C,glyph32,live,151,ClassCap(Live),5680,641,5680,5934,968464,32765,6,5020,185,680688500
glyph32:U+004D,glyph32,allocated,2345,ClassCap(Allocated),4914,1703,4914,5235,843528,5331,2,3184,4133,27491792
glyph32:U+004D,glyph32,live,2345,ClassCap(Live),9209,2612,9209,9589,1568392,13382,2,6569,4121,40621042
glyph32:U+004E,glyph32,allocated,1399,ClassCap(Allocated),4653,1325,4653,4909,796040,6421,2,3299,2457,23980792
glyph32:U+004E,glyph32,live,1399,ClassCap(Live),7495,2010,7495,7771,1274616,11445,2,5456,2348,31700417
glyph32:U+004F,glyph32,allocated,5945,ClassCap(Allocated),5000,3006,5000,5077,844312,2421,1,1982,10769,17453625
glyph32:U+004F,glyph32,live,5945,ClassCap(Live),8206,3917,8206,8284,1382976,5650,1,4229,10539,25091750
glyph32:U+0050,glyph32,allocated,2409,ClassCap(Allocated),4880,1714,4880,5106,832496,5418,2,3117,3990,26643375
glyph32:U+0050,glyph32,live,2409,ClassCap(Live),8681,2453,8681,8941,1472968,13199,2,6179,3910,38222834
glyph32:U+0051,glyph32,allocated,6053,ClassCap(Allocated),5000,3029,5000,5059,843304,2388,1,1966,10749,16504084
glyph32:U+0051,glyph32,live,6053,ClassCap(Live),8196,3941,8196,8254,1380176,5609,1,4195,10532,24703750
glyph32:U+0052,glyph32,allocated,2710,ClassCap(Allocated),4509,2000,4509,4527,758520,3337,1,2464,4725,12748875
glyph32:U+0052,glyph32,live,2710,ClassCap(Live),9321,2632,9321,9608,1582000,14111,2,6636,4443,41965875
glyph32:U+0053,glyph32,allocated,7616,ClassCap(Allocated),5000,3414,5000,5080,844480,1682,1,1586,14066,16568333
glyph32:U+0053,glyph32,live,7616,ClassCap(Live),8316,4444,8316,8415,1402632,4989,1,3823,13956,26090375
glyph32:U+0054,glyph32,allocated,183,ClassCap(Allocated),3520,467,3520,3719,602504,18538,5,3037,227,153475000
glyph32:U+0054,glyph32,live,183,ClassCap(Live),5905,683,5905,6177,1007272,35115,6,5203,227,757094834
glyph32:U+0055,glyph32,allocated,2899,ClassCap(Allocated),4686,2079,4686,4700,788032,3440,1,2558,5170,13396708
glyph32:U+0055,glyph32,live,2899,ClassCap(Live),9723,2732,9723,9974,1647520,14671,2,6911,4701,42018125
glyph32:U+0056,glyph32,allocated,1573,ClassCap(Allocated),4614,1319,4614,4827,787080,6581,2,3262,2647,23339334
glyph32:U+0056,glyph32,live,1573,ClassCap(Live),6922,1920,6922,7171,1176840,10677,2,4969,2534,29428875
glyph32:U+0057,glyph32,allocated,7232,ClassCap(Allocated),5000,3271,5000,5109,846104,1842,1,1729,13499,16649333
glyph32:U+0057,glyph32,live,7232,ClassCap(Live),8424,4426,8424,8535,1421448,5158,1,3945,13367,26651083
glyph32:U+0058,glyph32,allocated,343,ClassCap(Allocated),3607,628,3607,3937,624456,9017,3,2969,652,60619333
glyph32:U+0058,glyph32,live,343,ClassCap(Live),5659,805,5659,6064,973392,22137,4,4818,612,374266000
glyph32:U+0059,glyph32,allocated,263,ClassCap(Allocated),2684,412,2684,2942,465360,7570,3,2246,437,36868292
glyph32:U+0059,glyph32,live,263,ClassCap(Live),4060,555,4060,4348,698208,16991,4,3478,413,161662042
glyph32:U+005A,glyph32,allocated,255,ClassCap(Allocated),3357,458,3357,3602,577696,14056,4,2879,393,102016000
glyph32:U+005A,glyph32,live,255,ClassCap(Live),5512,696,5512,5823,943432,28067,5,4791,383,393537750
glyph32:U+005B,glyph32,allocated,183,Quiesced,1519,175,1519,1677,264040,21494,7,1336,234,48425000
glyph32:U+005B,glyph32,live,183,Quiesced,1519,175,1519,1677,264040,21494,7,1336,234,48737667
glyph32:U+005C,glyph32,allocated,127,ClassCap(Allocated),3444,447,3443,3635,589236,18357,5,2972,166,210377375
glyph32:U+005C,glyph32,live,127,ClassCap(Live),6235,653,6234,6508,1062716,38385,6,5550,138,1137301166
glyph32:U+005D,glyph32,allocated,183,Quiesced,1517,177,1517,1675,263704,21364,7,1332,244,49011625
glyph32:U+005D,glyph32,live,183,Quiesced,1517,177,1517,1675,263704,21364,7,1332,244,49733958
glyph32:U+005E,glyph32,allocated,199,ClassCap(Allocated),2891,420,2891,3116,498288,12176,4,2457,319,87396167
glyph32:U+005E,glyph32,live,199,ClassCap(Live),5184,717,5184,5442,885360,23737,5,4453,299,312451375
glyph32:U+005F,glyph32,allocated,119,ClassCap(Allocated),2994,321,2994,3172,512960,23449,6,2664,129,312588583
glyph32:U+005F,glyph32,live,119,ClassCap(Live),4836,566,4836,5076,825888,38923,7,4261,129,733635959
glyph32:U+0060,glyph32,allocated,1722,ClassCap(Allocated),4689,1342,4689,4902,799680,6355,2,3316,2827,23097042
glyph32:U+0060,glyph32,live,1722,ClassCap(Live),7242,2016,7242,7488,1230432,11185,2,5195,2768,30516083
glyph32:U+0061,glyph32,allocated,5743,ClassCap(Allocated),5000,3007,5000,5059,843304,2411,1,1981,10612,16541083
glyph32:U+0061,glyph32,live,5743,ClassCap(Live),8140,3907,8140,8199,1370824,5560,1,4179,10414,24203750
glyph32:U+0062,glyph32,allocated,5129,ClassCap(Allocated),4995,2824,4995,5043,841848,2720,1,2111,9434,16347542
glyph32:U+0062,glyph32,live,5129,ClassCap(Live),7841,3524,7841,7890,1320032,5631,1,4257,9228,22192958
glyph32:U+0063,glyph32,allocated,4671,ClassCap(Allocated),4984,2700,4984,5027,839720,2923,1,2228,8419,15945167
glyph32:U+0063,glyph32,live,4671,ClassCap(Live),7298,3265,7298,7341,1228472,5288,1,3977,8409,21701875
glyph32:U+0064,glyph32,allocated,5864,ClassCap(Allocated),5000,3022,5000,5064,843584,2388,1,1971,10763,16615750
glyph32:U+0064,glyph32,live,5864,ClassCap(Live),8182,3940,8182,8246,1378160,5577,1,4187,10560,24758083
glyph32:U+0065,glyph32,allocated,4872,ClassCap(Allocated),4989,2751,4989,5034,840672,2865,1,2185,8766,16076708
glyph32:U+0065,glyph32,live,4872,ClassCap(Live),7585,3387,7585,7630,1276800,5455,1,4145,8756,21426708
glyph32:U+0066,glyph32,allocated,2364,ClassCap(Allocated),4880,1682,4880,5126,833616,5469,2,3153,3955,26706625
glyph32:U+0066,glyph32,live,2364,ClassCap(Live),8554,2399,8554,8828,1452416,13251,2,6110,3875,38469625
glyph32:U+0067,glyph32,allocated,7009,ClassCap(Allocated),5000,3208,5000,5073,844088,1951,1,1792,12799,16488458
glyph32:U+0067,glyph32,live,7009,ClassCap(Live),8366,4282,8366,8436,1409408,5329,1,4028,12607,26522333
glyph32:U+0068,glyph32,allocated,2931,ClassCap(Allocated),4717,2082,4717,4741,793800,3472,1,2586,5045,13717500
glyph32:U+0068,glyph32,live,2931,ClassCap(Live),9818,2744,9818,10114,1666000,14780,2,7015,4751,45488042
glyph32:U+0069,glyph32,allocated,2123,ClassCap(Allocated),4727,1455,4727,4988,808752,6347,2,3231,3510,25712375
glyph32:U+0069,glyph32,live,2123,ClassCap(Live),7925,2225,7925,8208,1347248,12301,2,5659,3434,34790709
glyph32:U+006A,glyph32,allocated,4293,ClassCap(Allocated),4971,2597,4971,5001,836808,3014,1,2317,7523,15345042
glyph32:U+006A,glyph32,live,4293,ClassCap(Live),6782,3013,6782,6813,1141112,4994,1,3712,7523,19985541
glyph32:U+006B,glyph32,allocated,1460,ClassCap(Allocated),4460,1306,4460,4687,761992,6789,2,3125,2517,23117709
glyph32:U+006B,glyph32,live,1460,ClassCap(Live),6279,1773,6279,6517,1068200,9796,2,4477,2404,27460084
glyph32:U+006C,glyph32,allocated,323,ClassCap(Allocated),3007,467,3007,3282,520576,8304,3,2517,522,42374416
glyph32:U+006C,glyph32,live,323,ClassCap(Live),4243,592,4243,4539,729400,18346,4,3628,503,156451708
glyph32:U+006D,glyph32,allocated,5289,ClassCap(Allocated),4998,2856,4998,5062,843248,2654,1,2088,9624,16477875
glyph32:U+006D,glyph32,live,5289,ClassCap(Live),8013,3671,8013,8077,1349768,5680,1,4287,9138,23173542
glyph32:U+006E,glyph32,allocated,2264,ClassCap(Allocated),4826,1631,4826,5051,823368,5722,2,3150,3759,26154333
glyph32:U+006E,glyph32,live,2264,ClassCap(Live),8378,2352,8378,8641,1422232,12898,2,5981,3680,36888584
glyph32:U+006F,glyph32,allocated,5716,ClassCap(Allocated),5000,2947,5000,5055,843080,2515,1,2018,10262,16252208
glyph32:U+006F,glyph32,live,5716,ClassCap(Live),8007,3745,8007,8061,1348200,5622,1,4202,10052,24233208
glyph32:U+0070,glyph32,allocated,5406,ClassCap(Allocated),4999,2901,4999,5057,843080,2589,1,2053,9922,16477333
glyph32:U+0070,glyph32,live,5406,ClassCap(Live),7992,3700,7992,8049,1345848,5630,1,4235,9722,23046042
glyph32:U+0071,glyph32,allocated,5046,ClassCap(Allocated),4992,2802,4992,5041,841400,2777,1,2134,9172,16182000
glyph32:U+0071,glyph32,live,5046,ClassCap(Live),7810,3472,7810,7859,1314824,5640,1,4282,8958,22565125
glyph32:U+0072,glyph32,allocated,2456,ClassCap(Allocated),4912,1804,4912,5158,838992,5113,2,3066,4180,27234292
glyph32:U+0072,glyph32,live,2456,ClassCap(Live),8977,2504,8977,9284,1525328,13808,2,6428,4090,40533042
glyph32:U+0073,glyph32,allocated,6929,ClassCap(Allocated),5000,3201,5000,5088,844928,1968,1,1799,12680,16795458
glyph32:U+0073,glyph32,live,6929,ClassCap(Live),8360,4256,8360,8441,1409016,5365,1,4047,12477,25586667
glyph32:U+0074,glyph32,allocated,2421,ClassCap(Allocated),4905,1796,4905,5142,837312,5091,2,3070,4109,25929708
glyph32:U+0074,glyph32,live,2421,ClassCap(Live),9094,2551,9094,9361,1542744,13875,2,6479,4021,39062959
glyph32:U+0075,glyph32,allocated,2493,ClassCap(Allocated),4898,1809,4898,5116,835072,5123,2,3047,4153,25837041
glyph32:U+0075,glyph32,live,2493,ClassCap(Live),8754,2477,8754,9008,1484896,13502,2,6218,4056,38557792
glyph32:U+0076,glyph32,allocated,1115,ClassCap(Allocated),4236,1182,4236,4416,721728,6760,2,3028,1760,20024208
glyph32:U+0076,glyph32,live,1115,ClassCap(Live),8688,1673,8688,9180,1487136,20494,3,6989,1676,90085292
glyph32:U+0077,glyph32,allocated,3663,ClassCap(Allocated),4937,2492,4937,4971,831320,3133,1,2394,6602,15204084
glyph32:U+0077,glyph32,live,3663,ClassCap(Live),6480,2834,6480,6517,1090712,4816,1,3595,6443,18518625
glyph32:U+0078,glyph32,allocated,343,ClassCap(Allocated),3590,620,3590,3918,621488,8967,3,2960,639,60816083
glyph32:U+0078,glyph32,live,343,ClassCap(Live),5695,805,5695,6101,979496,22114,4,4853,599,381918291
glyph32:U+0079,glyph32,allocated,3530,ClassCap(Allocated),4915,2436,4915,4942,827232,3229,1,2429,6403,15045209
glyph32:U+0079,glyph32,live,3530,ClassCap(Live),6172,2696,6172,6199,1038408,4610,1,3426,6393,17553875
glyph32:U+007A,glyph32,allocated,255,ClassCap(Allocated),3358,459,3358,3603,577864,14056,4,2879,393,102115042
glyph32:U+007A,glyph32,live,255,ClassCap(Live),5513,697,5513,5824,943600,28066,5,4791,383,394157583
glyph32:U+007B,glyph32,allocated,4598,ClassCap(Allocated),4984,2694,4984,5032,840000,2918,1,2235,8205,15794041
glyph32:U+007B,glyph32,live,4598,ClassCap(Live),7306,3259,7306,7354,1230096,5301,1,3992,8195,20762834
glyph32:U+007C,glyph32,allocated,119,Quiesced,1043,111,1043,1177,182728,15325,7,924,133,39182833
glyph32:U+007C,glyph32,live,119,Quiesced,1043,111,1043,1177,182728,15325,7,924,133,39023083
glyph32:U+007D,glyph32,allocated,4598,ClassCap(Allocated),4983,2688,4983,5024,839440,2918,1,2240,8215,16693417
glyph32:U+007D,glyph32,live,4598,ClassCap(Live),7220,3231,7220,7262,1215312,5239,1,3934,8205,20692667
glyph32:U+007E,glyph32,allocated,5093,ClassCap(Allocated),4996,2812,4996,5047,842184,2750,1,2127,9370,15775417
glyph32:U+007E,glyph32,live,5093,ClassCap(Live),7897,3527,7897,7949,1329608,5677,1,4313,9150,22858958
psychedelic,psychedelic,allocated,102,ClassCap(Allocated),4847,946,4847,4994,822528,7843,3,3890,766,23231875
psychedelic,psychedelic,live,102,ClassCap(Live),9885,2561,9885,10044,1669584,14937,3,7312,807,41167750
shader:cosine_palette,shader,allocated,40,ClassCap(Allocated),1767,474,1767,1801,298760,2614,3,1291,296,6368833
shader:cosine_palette,shader,live,40,ClassCap(Live),4545,1237,4545,4671,770616,7384,4,3300,292,20005042
shader:domain_warp_fbm,shader,allocated,84,ClassCap(Allocated),4577,1245,4577,4748,778512,6976,3,3326,444,19918042
shader:domain_warp_fbm,shader,live,84,ClassCap(Live),7885,1908,7885,8110,1337280,11236,3,5964,426,27122542
shader:gyroid_slice,shader,allocated,44,Quiesced,779,104,779,816,132944,8652,9,675,938,15161292
shader:gyroid_slice,shader,live,44,Quiesced,779,104,779,816,132944,8652,9,675,938,15183125
shader:julia_set,shader,allocated,122,ClassCap(Allocated),4533,819,4533,4783,775544,14866,5,3698,716,32180541
shader:julia_set,shader,live,122,ClassCap(Live),8127,1402,8127,8540,1388464,20564,5,6705,728,42860042
shader:kaleidoscope_fold,shader,allocated,46,Quiesced,131,57,131,131,22008,601,5,74,554,2110333
shader:kaleidoscope_fold,shader,live,46,Quiesced,131,57,131,131,22008,601,5,74,554,2114459
shader:mandelbrot_distance,shader,allocated,152,ClassCap(Allocated),3678,415,3678,3933,632184,15291,4,3252,576,30930125
shader:mandelbrot_distance,shader,live,152,ClassCap(Live),5718,299,5718,6206,987952,33236,5,5379,558,694333666
shader:metaballs,shader,allocated,62,ClassCap(Allocated),2584,286,2584,2882,450800,10090,4,2260,158,53405125
shader:metaballs,shader,live,62,ClassCap(Live),4575,590,4575,4916,787696,20425,5,3946,135,173515833
shader:plasma,shader,allocated,41,ClassCap(Allocated),1822,336,1822,1862,308336,3310,4,1486,363,9758875
shader:plasma,shader,live,41,ClassCap(Live),2752,514,2752,2800,465024,5324,4,2238,363,12117334
shader:smooth_min_scene,shader,allocated,43,ClassCap(Allocated),1219,160,1219,1380,213808,2722,3,1041,136,6205500
shader:smooth_min_scene,shader,live,43,ClassCap(Live),1591,170,1591,1764,276976,6504,4,1401,124,12460500
shader:smoothstep_vignette,shader,allocated,64,Quiesced,283,82,283,295,48216,1596,5,201,161,4092125
shader:smoothstep_vignette,shader,live,64,Quiesced,283,82,283,295,48216,1596,5,201,161,4065916
shader:star_sdf,shader,allocated,66,ClassCap(Allocated),3828,632,3828,4089,657720,7997,4,3178,169,18652417
shader:star_sdf,shader,live,66,ClassCap(Live),5145,822,5145,5438,880768,9641,4,4290,169,21142167
shader:torus_slice,shader,allocated,42,ClassCap(Allocated),1291,166,1291,1402,223104,4697,5,1115,141,9509875
shader:torus_slice,shader,live,42,ClassCap(Live),1988,205,1988,2147,342888,8529,6,1771,141,16050750
synth_d3_s0,synthetic,allocated,19,Quiesced,37,17,37,39,6328,99,3,20,163,440541
synth_d3_s0,synthetic,live,19,Quiesced,37,17,37,39,6328,99,3,20,163,398958
synth_d3_s1,synthetic,allocated,30,Quiesced,35,18,35,37,5992,63,3,16,361,402292
synth_d3_s1,synthetic,live,30,Quiesced,35,18,35,37,5992,63,3,16,361,400708
synth_d3_s2,synthetic,allocated,14,Quiesced,18,12,18,19,3080,19,2,6,318,148666
synth_d3_s2,synthetic,live,14,Quiesced,18,12,18,19,3080,19,2,6,318,142083
synth_d3_s3,synthetic,allocated,30,Quiesced,39,22,39,42,6720,48,2,17,325,307833
synth_d3_s3,synthetic,live,30,Quiesced,39,22,39,42,6720,48,2,17,325,298042
synth_d3_s4,synthetic,allocated,24,Quiesced,64,31,64,66,10864,194,4,33,188,919166
synth_d3_s4,synthetic,live,24,Quiesced,64,31,64,66,10864,194,4,33,188,878750
synth_d3_s5,synthetic,allocated,18,Quiesced,45,18,45,46,7616,124,3,27,40,473625
synth_d3_s5,synthetic,live,18,Quiesced,45,18,45,46,7616,124,3,27,40,455042
synth_d3_s6,synthetic,allocated,42,Quiesced,461,78,461,484,78736,4622,8,383,240,9172584
synth_d3_s6,synthetic,live,42,Quiesced,461,78,461,484,78736,4622,8,383,240,9091625
synth_d3_s7,synthetic,allocated,6,Quiesced,7,5,7,8,1232,6,2,2,219,71167
synth_d3_s7,synthetic,live,6,Quiesced,7,5,7,8,1232,6,2,2,219,65375
synth_d3_s8,synthetic,allocated,9,Quiesced,12,8,12,13,2072,11,2,4,98,102833
synth_d3_s8,synthetic,live,9,Quiesced,12,8,12,13,2072,11,2,4,98,95042
synth_d3_s9,synthetic,allocated,14,Quiesced,19,12,19,20,3248,20,2,7,33,153417
synth_d3_s9,synthetic,live,14,Quiesced,19,12,19,20,3248,20,2,7,33,147375
synth_d3_s10,synthetic,allocated,20,Quiesced,43,20,43,46,7392,130,4,23,90,631167
synth_d3_s10,synthetic,live,20,Quiesced,43,20,43,46,7392,130,4,23,90,595584
synth_d3_s11,synthetic,allocated,16,Quiesced,67,22,67,67,11256,346,5,45,232,972791
synth_d3_s11,synthetic,live,16,Quiesced,67,22,67,67,11256,346,5,45,232,959250
synth_d3_s12,synthetic,allocated,13,Quiesced,17,10,17,18,2912,21,2,7,149,145084
synth_d3_s12,synthetic,live,13,Quiesced,17,10,17,18,2912,21,2,7,149,138500
synth_d3_s13,synthetic,allocated,16,Quiesced,21,12,21,23,3640,44,3,9,280,247083
synth_d3_s13,synthetic,live,16,Quiesced,21,12,21,23,3640,44,3,9,280,238791
synth_d3_s14,synthetic,allocated,26,Quiesced,38,19,38,40,6496,119,4,19,235,600791
synth_d3_s14,synthetic,live,26,Quiesced,38,19,38,40,6496,119,4,19,235,599208
synth_d3_s15,synthetic,allocated,13,Quiesced,17,10,17,19,2968,20,2,7,208,137916
synth_d3_s15,synthetic,live,13,Quiesced,17,10,17,19,2968,20,2,7,208,128792
synth_d3_s16,synthetic,allocated,21,Quiesced,49,19,49,53,8456,139,3,30,153,467750
synth_d3_s16,synthetic,live,21,Quiesced,49,19,49,53,8456,139,3,30,153,534458
synth_d3_s17,synthetic,allocated,37,Quiesced,44,26,44,47,7560,51,2,18,400,365708
synth_d3_s17,synthetic,live,37,Quiesced,44,26,44,47,7560,51,2,18,400,331834
synth_d3_s18,synthetic,allocated,16,Quiesced,19,12,19,21,3304,20,2,7,343,158417
synth_d3_s18,synthetic,live,16,Quiesced,19,12,19,21,3304,20,2,7,343,152084
synth_d3_s19,synthetic,allocated,26,Quiesced,32,18,32,32,5376,61,3,14,614,373083
synth_d3_s19,synthetic,live,26,Quiesced,32,18,32,32,5376,61,3,14,614,364083
synth_d3_s20,synthetic,allocated,9,Quiesced,14,9,14,14,2352,11,2,5,176,117791
synth_d3_s20,synthetic,live,9,Quiesced,14,9,14,14,2352,11,2,5,176,111375
synth_d3_s21,synthetic,allocated,17,Quiesced,23,16,23,23,3864,21,2,7,302,191416
synth_d3_s21,synthetic,live,17,Quiesced,23,16,23,23,3864,21,2,7,302,184250
synth_d3_s22,synthetic,allocated,8,Quiesced,10,6,10,11,1736,11,2,4,81,83250
synth_d3_s22,synthetic,live,8,Quiesced,10,6,10,11,1736,11,2,4,81,78625
synth_d3_s23,synthetic,allocated,35,ClassCap(Allocated),1704,333,1704,1761,289464,2948,3,1368,132,7511416
synth_d3_s23,synthetic,live,35,ClassCap(Live),3734,466,3734,3899,636552,9093,4,3264,132,20241250
synth_d3_s24,synthetic,allocated,17,Quiesced,34,17,34,36,5824,95,4,17,126,479125
synth_d3_s24,synthetic,live,17,Quiesced,34,17,34,36,5824,95,4,17,126,452167
synth_d3_s25,synthetic,allocated,7,Quiesced,8,5,8,9,1400,8,2,3,237,77917
synth_d3_s25,synthetic,live,7,Quiesced,8,5,8,9,1400,8,2,3,237,70875
synth_d3_s26,synthetic,allocated,10,Quiesced,13,7,13,15,2296,17,2,6,83,106459
synth_d3_s26,synthetic,live,10,Quiesced,13,7,13,15,2296,17,2,6,83,100584
synth_d3_s27,synthetic,allocated,35,Quiesced,65,29,65,67,11032,175,3,36,455,698958
synth_d3_s27,synthetic,live,35,Quiesced,65,29,65,67,11032,175,3,36,455,684125
synth_d3_s28,synthetic,allocated,29,Quiesced,93,29,93,100,16016,423,4,64,280,1150542
synth_d3_s28,synthetic,live,29,Quiesced,93,29,93,100,16016,423,4,64,280,1139875
synth_d3_s29,synthetic,allocated,26,Quiesced,60,23,60,61,10136,202,4,36,360,781208
synth_d3_s29,synthetic,live,26,Quiesced,60,23,60,61,10136,202,4,36,360,791250
synth_d3_s30,synthetic,allocated,12,Quiesced,16,11,16,17,2744,14,2,5,104,139125
synth_d3_s30,synthetic,live,12,Quiesced,16,11,16,17,2744,14,2,5,104,131541
synth_d3_s31,synthetic,allocated,30,Quiesced,47,19,47,51,8120,263,7,28,122,1086250
synth_d3_s31,synthetic,live,30,Quiesced,47,19,47,51,8120,263,7,28,122,1067542
synth_d3_s32,synthetic,allocated,39,Quiesced,73,33,73,77,12488,250,4,40,324,1038417
synth_d3_s32,synthetic,live,39,Quiesced,73,33,73,77,12488,250,4,40,324,975208
synth_d3_s33,synthetic,allocated,21,Quiesced,88,27,88,89,14840,441,5,61,33,1237458
synth_d3_s33,synthetic,live,21,Quiesced,88,27,88,89,14840,441,5,61,33,1205167
synth_d3_s34,synthetic,allocated,9,Quiesced,12,8,12,13,2072,11,2,4,25,103083
synth_d3_s34,synthetic,live,9,Quiesced,12,8,12,13,2072,11,2,4,25,97667
synth_d3_s35,synthetic,allocated,35,Quiesced,47,26,47,48,7952,125,4,21,430,674208
synth_d3_s35,synthetic,live,35,Quiesced,47,26,47,48,7952,125,4,21,430,654458
synth_d3_s36,synthetic,allocated,28,Quiesced,37,20,37,42,6496,80,3,17,446,437833
synth_d3_s36,synthetic,live,28,Quiesced,37,20,37,42,6496,80,3,17,446,404875
synth_d3_s37,synthetic,allocated,12,Quiesced,14,9,14,15,2408,13,2,5,172,118708
synth_d3_s37,synthetic,live,12,Quiesced,14,9,14,15,2408,13,2,5,172,109250
synth_d3_s38,synthetic,allocated,14,Quiesced,17,10,17,18,2912,18,2,7,99,132917
synth_d3_s38,synthetic,live,14,Quiesced,17,10,17,18,2912,18,2,7,99,128833
synth_d3_s39,synthetic,allocated,15,Quiesced,23,13,23,24,3920,24,2,10,43,163584
synth_d3_s39,synthetic,live,15,Quiesced,23,13,23,24,3920,24,2,10,43,160667
synth_d5_s0,synthetic,allocated,22,Quiesced,34,21,34,35,5768,76,4,13,603,534625
synth_d5_s0,synthetic,live,22,Quiesced,34,21,34,35,5768,76,4,13,603,493417
synth_d5_s1,synthetic,allocated,58,Quiesced,705,105,705,738,120288,5822,7,600,441,11017125
synth_d5_s1,synthetic,live,58,Quiesced,705,105,705,738,120288,5822,7,600,441,11097292
synth_d5_s2,synthetic,allocated,50,Quiesced,96,42,96,101,16408,380,4,54,532,1355083
synth_d5_s2,synthetic,live,50,Quiesced,96,42,96,101,16408,380,4,54,532,1333750
synth_d5_s3,synthetic,allocated,84,Quiesced,1123,177,1123,1195,192696,11408,8,945,959,20843042
synth_d5_s3,synthetic,live,84,Quiesced,1123,177,1123,1195,192696,11408,8,945,959,20714333
synth_d5_s4,synthetic,allocated,63,Quiesced,314,74,314,331,53704,2100,6,240,388,5150083
synth_d5_s4,synthetic,live,63,Quiesced,314,74,314,331,53704,2100,6,240,388,5150125
synth_d5_s5,synthetic,allocated,6,Quiesced,7,6,7,7,1176,3,2,1,242,65959
synth_d5_s5,synthetic,live,6,Quiesced,7,6,7,7,1176,3,2,1,242,62208
synth_d5_s6,synthetic,allocated,55,Quiesced,85,40,85,88,14448,268,4,45,394,1199209
synth_d5_s6,synthetic,live,55,Quiesced,85,40,85,88,14448,268,4,45,394,1162416
synth_d5_s7,synthetic,allocated,51,Quiesced,356,74,356,371,60648,3431,8,282,906,7494750
synth_d5_s7,synthetic,live,51,Quiesced,356,74,356,371,60648,3431,8,282,906,7441708
synth_d5_s8,synthetic,allocated,71,Quiesced,293,81,293,303,49784,2415,7,212,652,5874458
synth_d5_s8,synthetic,live,71,Quiesced,293,81,293,303,49784,2415,7,212,652,5668292
synth_d5_s9,synthetic,allocated,52,Quiesced,62,32,62,68,10752,122,3,30,631,677666
synth_d5_s9,synthetic,live,52,Quiesced,62,32,62,68,10752,122,3,30,631,657833
synth_d5_s10,synthetic,allocated,40,Quiesced,170,46,170,173,28728,934,5,124,336,2447458
synth_d5_s10,synthetic,live,40,Quiesced,170,46,170,173,28728,934,5,124,336,2393667
synth_d5_s11,synthetic,allocated,81,ClassCap(Allocated),3656,363,3656,3862,625744,16867,6,3289,851,31970958
synth_d5_s11,synthetic,live,81,Quiesced,4257,338,4257,4523,730072,71711,12,3915,851,110369542
synth_d5_s12,synthetic,allocated,50,Quiesced,259,78,259,267,43960,1449,6,181,820,4338958
synth_d5_s12,synthetic,live,50,Quiesced,259,78,259,267,43960,1449,6,181,820,4218875
synth_d5_s13,synthetic,allocated,21,Quiesced,28,9,28,33,4984,94,3,19,133,306375
synth_d5_s13,synthetic,live,21,Quiesced,28,9,28,33,4984,94,3,19,133,289375
synth_d5_s14,synthetic,allocated,34,Quiesced,42,25,42,46,7280,49,2,17,442,338959
synth_d5_s14,synthetic,live,34,Quiesced,42,25,42,46,7280,49,2,17,442,333417
synth_d5_s15,synthetic,allocated,114,Quiesced,250,99,250,256,42336,1160,5,151,1740,3889208
synth_d5_s15,synthetic,live,114,Quiesced,250,99,250,256,42336,1160,5,151,1740,3850083
synth_d5_s16,synthetic,allocated,25,Quiesced,33,19,33,36,5712,37,2,14,391,262000
synth_d5_s16,synthetic,live,25,Quiesced,33,19,33,36,5712,37,2,14,391,249375
synth_d5_s17,synthetic,allocated,43,Quiesced,60,32,60,65,10360,160,4,28,443,876917
synth_d5_s17,synthetic,live,43,Quiesced,60,32,60,65,10360,160,4,28,443,842167
synth_d5_s18,synthetic,allocated,49,Quiesced,66,40,66,68,11200,71,2,26,386,505500
synth_d5_s18,synthetic,live,49,Quiesced,66,40,66,68,11200,71,2,26,386,481750
synth_d5_s19,synthetic,allocated,22,Quiesced,39,20,39,40,6608,92,3,19,211,429459
synth_d5_s19,synthetic,live,22,Quiesced,39,20,39,40,6608,92,3,19,211,419250
synth_d5_s20,synthetic,allocated,48,Quiesced,133,50,133,139,22680,598,5,83,394,1998291
synth_d5_s20,synthetic,live,48,Quiesced,133,50,133,139,22680,598,5,83,394,1976292
synth_d5_s21,synthetic,allocated,42,Quiesced,50,31,50,53,8568,51,2,19,679,398125
synth_d5_s21,synthetic,live,42,Quiesced,50,31,50,53,8568,51,2,19,679,372250
synth_d5_s22,synthetic,allocated,56,Quiesced,123,47,123,126,20832,573,5,75,915,1922958
synth_d5_s22,synthetic,live,56,Quiesced,123,47,123,126,20832,573,5,75,915,1861875
synth_d5_s23,synthetic,allocated,63,Quiesced,82,44,82,88,14112,169,3,38,759,917667
synth_d5_s23,synthetic,live,63,Quiesced,82,44,82,88,14112,169,3,38,759,899833
synth_d5_s24,synthetic,allocated,49,Quiesced,218,61,218,229,37240,1775,7,157,823,4149167
synth_d5_s24,synthetic,live,49,Quiesced,218,61,218,229,37240,1775,7,157,823,4001292
synth_d5_s25,synthetic,allocated,22,Quiesced,30,17,30,32,5152,36,2,13,237,237125
synth_d5_s25,synthetic,live,22,Quiesced,30,17,30,32,5152,36,2,13,237,225583
synth_d5_s26,synthetic,allocated,44,Quiesced,93,40,93,97,15848,348,5,53,793,1489792
synth_d5_s26,synthetic,live,44,Quiesced,93,40,93,97,15848,348,5,53,793,1449792
synth_d5_s27,synthetic,allocated,27,Quiesced,48,23,48,51,8232,163,5,25,356,824750
synth_d5_s27,synthetic,live,27,Quiesced,48,23,48,51,8232,163,5,25,356,842166
synth_d5_s28,synthetic,allocated,61,Quiesced,93,48,93,97,15848,203,3,45,679,1013542
synth_d5_s28,synthetic,live,61,Quiesced,93,48,93,97,15848,203,3,45,679,1047334
synth_d5_s29,synthetic,allocated,69,Quiesced,115,59,115,118,19488,400,5,56,1140,2063292
synth_d5_s29,synthetic,live,69,Quiesced,115,59,115,118,19488,400,5,56,1140,2022375
synth_d5_s30,synthetic,allocated,34,Quiesced,51,27,51,54,8736,117,3,24,471,571792
synth_d5_s30,synthetic,live,34,Quiesced,51,27,51,54,8736,117,3,24,471,571958
synth_d5_s31,synthetic,allocated,56,Quiesced,171,59,171,174,28896,916,5,112,588,2630000
synth_d5_s31,synthetic,live,56,Quiesced,171,59,171,174,28896,916,5,112,588,2580583
synth_d5_s32,synthetic,allocated,109,Quiesced,307,97,307,316,52080,2311,7,210,1153,6340208
synth_d5_s32,synthetic,live,109,Quiesced,307,97,307,316,52080,2311,7,210,1153,6192500
synth_d5_s33,synthetic,allocated,42,Quiesced,69,36,69,73,11816,152,3,33,420,745334
synth_d5_s33,synthetic,live,42,Quiesced,69,36,69,73,11816,152,3,33,420,731083
synth_d5_s34,synthetic,allocated,64,Quiesced,183,67,183,187,30968,765,5,116,685,2661042
synth_d5_s34,synthetic,live,64,Quiesced,183,67,183,187,30968,765,5,116,685,2878000
synth_d5_s35,synthetic,allocated,74,Quiesced,172,68,172,176,29120,986,6,104,889,3306583
synth_d5_s35,synthetic,live,74,Quiesced,172,68,172,176,29120,986,6,104,889,3263625
synth_d5_s36,synthetic,allocated,21,Quiesced,26,16,26,28,4480,29,2,10,445,220541
synth_d5_s36,synthetic,live,21,Quiesced,26,16,26,28,4480,29,2,10,445,207250
synth_d5_s37,synthetic,allocated,74,Quiesced,337,99,337,350,57344,2055,6,238,1147,5670000
synth_d5_s37,synthetic,live,74,Quiesced,337,99,337,350,57344,2055,6,238,1147,5646208
synth_d5_s38,synthetic,allocated,38,Quiesced,43,29,43,45,7336,38,2,14,824,366750
synth_d5_s38,synthetic,live,38,Quiesced,43,29,43,45,7336,38,2,14,824,349417
synth_d5_s39,synthetic,allocated,28,Quiesced,34,21,34,37,5880,35,2,13,591,286208
synth_d5_s39,synthetic,live,28,Quiesced,34,21,34,37,5880,35,2,13,591,267625
synth_d7_s0,synthetic,allocated,53,Quiesced,119,51,119,123,20216,518,5,68,724,1899500
synth_d7_s0,synthetic,live,53,Quiesced,119,51,119,123,20216,518,5,68,724,1867042
synth_d7_s1,synthetic,allocated,166,Quiesced,300,140,300,309,50904,1320,5,160,2583,4918791
synth_d7_s1,synthetic,live,166,Quiesced,300,140,300,309,50904,1320,5,160,2583,4846208
synth_d7_s2,synthetic,allocated,6,Quiesced,8,6,8,8,1344,5,2,2,94,79542
synth_d7_s2,synthetic,live,6,Quiesced,8,6,8,8,1344,5,2,2,94,70125
synth_d7_s3,synthetic,allocated,186,Quiesced,603,186,603,631,102872,3740,6,417,2198,10710667
synth_d7_s3,synthetic,live,186,Quiesced,603,186,603,631,102872,3740,6,417,2198,10495375
synth_d7_s4,synthetic,allocated,98,Quiesced,498,111,498,503,83944,4539,8,387,1419,10042167
synth_d7_s4,synthetic,live,98,Quiesced,498,111,498,503,83944,4539,8,387,1419,10155959
synth_d7_s5,synthetic,allocated,54,Quiesced,370,66,370,402,63952,3013,7,302,652,6466792
synth_d7_s5,synthetic,live,54,Quiesced,370,66,370,402,63952,3013,7,302,652,6419750
synth_d7_s6,synthetic,allocated,95,Quiesced,341,99,341,363,58520,2142,6,242,1454,5718333
synth_d7_s6,synthetic,live,95,Quiesced,341,99,341,363,58520,2142,6,242,1454,5924334
synth_d7_s7,synthetic,allocated,85,Quiesced,777,138,777,796,131600,8082,9,639,802,16245292
synth_d7_s7,synthetic,live,85,Quiesced,777,138,777,796,131600,8082,9,639,802,16468041
synth_d7_s8,synthetic,allocated,122,ClassCap(Allocated),3453,422,3453,3568,586544,11753,5,3025,1387,25018916
synth_d7_s8,synthetic,live,122,ClassCap(Live),5611,561,5611,5798,953120,22688,6,5037,1387,44479625
synth_d7_s9,synthetic,allocated,14,Quiesced,18,10,18,20,3136,21,2,8,147,159084
synth_d7_s9,synthetic,live,14,Quiesced,18,10,18,20,3136,21,2,8,147,144583
synth_d7_s10,synthetic,allocated,58,Quiesced,100,43,100,109,17304,368,4,57,413,1391084
synth_d7_s10,synthetic,live,58,Quiesced,100,43,100,109,17304,368,4,57,413,1340000
synth_d7_s11,synthetic,allocated,73,ClassCap(Allocated),3532,483,3532,3728,604352,10613,5,3037,970,22713250
synth_d7_s11,synthetic,live,73,ClassCap(Live),5496,572,5496,5795,940072,20654,6,4900,970,41377625
synth_d7_s12,synthetic,allocated,93,ClassCap(Allocated),2462,340,2462,2492,415296,10001,5,2111,1112,17740334
synth_d7_s12,synthetic,live,93,ClassCap(Live),2850,343,2850,2882,480592,11199,5,2496,1115,19081833
synth_d7_s13,synthetic,allocated,217,ClassCap(Allocated),4324,878,4324,4491,735784,11144,4,3432,2386,61730792
synth_d7_s13,synthetic,live,217,ClassCap(Live),6089,1147,6089,6328,1036336,15284,4,4927,2386,73762375
synth_d7_s14,synthetic,allocated,72,ClassCap(Allocated),3812,414,3812,4026,652400,12408,5,3392,680,27321083
synth_d7_s14,synthetic,live,72,ClassCap(Live),6736,615,6736,7086,1151248,26878,6,6115,680,51142417
synth_d7_s15,synthetic,allocated,56,Quiesced,74,45,74,78,12656,78,2,29,709,583250
synth_d7_s15,synthetic,live,56,Quiesced,74,45,74,78,12656,78,2,29,709,554292
synth_d7_s16,synthetic,allocated,36,Quiesced,57,26,57,59,9688,144,3,31,249,613417
synth_d7_s16,synthetic,live,36,Quiesced,57,26,57,59,9688,144,3,31,249,599834
synth_d7_s17,synthetic,allocated,137,ClassCap(Allocated),2229,319,2229,2287,377720,61015,20,1910,1803,99124709
synth_d7_s17,synthetic,live,137,ClassCap(Live),2930,343,2930,2988,495488,107314,28,2587,1803,161623084
synth_d7_s18,synthetic,allocated,203,Quiesced,2839,436,2839,2885,479528,51016,14,2403,2943,87887875
synth_d7_s18,synthetic,live,203,Quiesced,2839,436,2839,2885,479528,51016,14,2403,2943,87633042
synth_d7_s19,synthetic,allocated,105,ClassCap(Allocated),2881,327,2881,3030,492352,20751,9,2554,1931,40058500
synth_d7_s19,synthetic,live,105,Quiesced,3148,320,3148,3310,537936,62376,16,2828,1931,106175417
synth_d7_s20,synthetic,allocated,106,Quiesced,371,103,371,392,63504,2383,6,268,1440,6326875
synth_d7_s20,synthetic,live,106,Quiesced,371,103,371,392,63504,2383,6,268,1440,6118625
synth_d7_s21,synthetic,allocated,81,Quiesced,140,59,140,151,24136,675,5,81,612,2254166
synth_d7_s21,synthetic,live,81,Quiesced,140,59,140,151,24136,675,5,81,612,2228541
synth_d7_s22,synthetic,allocated,45,Quiesced,270,55,270,285,46200,1880,6,214,608,4339958
synth_d7_s22,synthetic,live,45,Quiesced,270,55,270,285,46200,1880,6,214,608,4181667
synth_d7_s23,synthetic,allocated,122,ClassCap(Allocated),3584,492,3584,3729,610232,10228,5,3088,2351,22542250
synth_d7_s23,synthetic,live,122,ClassCap(Live),6133,535,6133,6431,1047032,29908,7,5589,2351,57920583
synth_d7_s24,synthetic,allocated,62,Quiesced,85,48,85,90,14560,212,4,37,674,1273083
synth_d7_s24,synthetic,live,62,Quiesced,85,48,85,90,14560,212,4,37,674,1216292
synth_d7_s25,synthetic,allocated,14,Quiesced,21,14,21,21,3528,17,2,7,123,166959
synth_d7_s25,synthetic,live,14,Quiesced,21,14,21,21,3528,17,2,7,123,159083
synth_d7_s26,synthetic,allocated,123,ClassCap(Allocated),4650,994,4650,4703,784168,9732,5,3656,1786,28936042
synth_d7_s26,synthetic,live,123,ClassCap(Live),9828,2258,9828,10100,1666336,18110,5,7557,1786,45719708
synth_d7_s27,synthetic,allocated,55,Quiesced,83,42,83,89,14280,251,4,41,762,1247209
synth_d7_s27,synthetic,live,55,Quiesced,83,42,83,89,14280,251,4,41,762,1210917
synth_d7_s28,synthetic,allocated,146,ClassCap(Allocated),3228,410,3228,3648,565824,8177,5,2771,2311,18561333
synth_d7_s28,synthetic,live,146,ClassCap(Live),5309,446,5309,5844,921872,24831,7,4815,2311,47388125
synth_d7_s29,synthetic,allocated,99,Quiesced,468,113,468,493,80024,3736,7,355,1438,8890667
synth_d7_s29,synthetic,live,99,Quiesced,468,113,468,493,80024,3736,7,355,1438,8759375
synth_d7_s30,synthetic,allocated,83,Quiesced,157,70,157,160,26544,483,4,87,1351,2073958
synth_d7_s30,synthetic,live,83,Quiesced,157,70,157,160,26544,483,4,87,1351,2040750
synth_d7_s31,synthetic,allocated,135,ClassCap(Allocated),4189,740,4189,4578,725536,7598,4,3420,1582,18968917
synth_d7_s31,synthetic,live,135,ClassCap(Live),8717,1223,8717,9660,1517264,20106,5,7460,1582,47520709
synth_d7_s32,synthetic,allocated,144,Quiesced,385,136,385,395,65240,1881,5,249,2026,5836417
synth_d7_s32,synthetic,live,144,Quiesced,385,136,385,395,65240,1881,5,249,2026,5599292
synth_d7_s33,synthetic,allocated,46,Quiesced,68,40,68,71,11592,123,3,28,512,748459
synth_d7_s33,synthetic,live,46,Quiesced,68,40,68,71,11592,123,3,28,512,735416
synth_d7_s34,synthetic,allocated,37,Quiesced,59,34,59,64,10192,103,3,25,503,635458
synth_d7_s34,synthetic,live,37,Quiesced,59,34,59,64,10192,103,3,25,503,613292
synth_d7_s35,synthetic,allocated,139,Quiesced,1187,186,1187,1250,202944,14009,9,1001,1832,26056417
synth_d7_s35,synthetic,live,139,Quiesced,1187,186,1187,1250,202944,14009,9,1001,1832,25992125
synth_d7_s36,synthetic,allocated,72,Quiesced,234,75,234,242,39760,2058,8,159,729,5332958
synth_d7_s36,synthetic,live,72,Quiesced,234,75,234,242,39760,2058,8,159,729,5279791
synth_d7_s37,synthetic,allocated,143,Quiesced,188,108,188,200,32256,372,3,80,2441,2059083
synth_d7_s37,synthetic,live,143,Quiesced,188,108,188,200,32256,372,3,80,2441,2019458
synth_d7_s38,synthetic,allocated,132,Quiesced,658,137,658,713,113624,5108,7,519,1410,11840167
synth_d7_s38,synthetic,live,132,Quiesced,658,137,658,713,113624,5108,7,519,1410,11625667
synth_d7_s39,synthetic,allocated,43,Quiesced,266,55,266,281,45528,2258,7,211,659,4971625
synth_d7_s39,synthetic,live,43,Quiesced,266,55,266,281,45528,2258,7,211,659,4892917
synth_d9_s0,synthetic,allocated,318,ClassCap(Allocated),3541,867,3541,3614,598976,10119,5,2669,4257,24997750
synth_d9_s0,synthetic,live,318,ClassCap(Live),8066,1644,8066,8366,1371888,20919,6,6407,4257,48862625
synth_d9_s1,synthetic,allocated,83,Quiesced,137,67,137,142,23296,546,5,70,1235,2338917
synth_d9_s1,synthetic,live,83,Quiesced,137,67,137,142,23296,546,5,70,1235,2272833
synth_d9_s2,synthetic,allocated,84,Quiesced,121,69,121,123,20440,322,4,52,1055,1734250
synth_d9_s2,synthetic,live,84,Quiesced,121,69,121,123,20440,322,4,52,1055,1749125
synth_d9_s3,synthetic,allocated,300,Quiesced,1689,361,1689,1774,288512,18945,9,1328,4198,39780792
synth_d9_s3,synthetic,live,300,Quiesced,1689,361,1689,1774,288512,18945,9,1328,4198,39708125
synth_d9_s4,synthetic,allocated,47,Quiesced,68,35,68,72,11648,153,3,33,668,740500
synth_d9_s4,synthetic,live,47,Quiesced,68,35,68,72,11648,153,3,33,668,759667
synth_d9_s5,synthetic,allocated,213,Quiesced,345,169,345,359,58744,1051,4,176,3551,4744750
synth_d9_s5,synthetic,live,213,Quiesced,345,169,345,359,58744,1051,4,176,3551,4573042
synth_d9_s6,synthetic,allocated,156,Quiesced,239,121,239,250,40768,765,4,118,2039,3154250
synth_d9_s6,synthetic,live,156,Quiesced,239,121,239,250,40768,765,4,118,2039,3475167
synth_d9_s7,synthetic,allocated,24,Quiesced,30,19,30,33,5208,31,2,11,459,253125
synth_d9_s7,synthetic,live,24,Quiesced,30,19,30,33,5208,31,2,11,459,239333
synth_d9_s8,synthetic,allocated,188,ClassCap(Allocated),4320,1088,4320,4377,728952,7464,4,3232,1946,21248958
synth_d9_s8,synthetic,live,188,ClassCap(Live),6861,1474,6861,6928,1156400,10584,4,5387,1946,25673000
synth_d9_s9,synthetic,allocated,41,Quiesced,66,38,66,68,11200,129,3,28,253,743375
synth_d9_s9,synthetic,live,41,Quiesced,66,38,66,68,11200,129,3,28,253,709875
synth_d9_s10,synthetic,allocated,184,Quiesced,842,202,842,870,143024,8234,8,640,2381,18491875
synth_d9_s10,synthetic,live,184,Quiesced,842,202,842,870,143024,8234,8,640,2381,18321375
synth_d9_s11,synthetic,allocated,38,Quiesced,50,28,50,55,8680,57,2,22,317,389667
synth_d9_s11,synthetic,live,38,Quiesced,50,28,50,55,8680,57,2,22,317,360083
synth_d9_s12,synthetic,allocated,104,Quiesced,171,91,171,178,29120,432,4,80,1577,2361667
synth_d9_s12,synthetic,live,104,Quiesced,171,91,171,178,29120,432,4,80,1577,2321834
synth_d9_s13,synthetic,allocated,297,ClassCap(Allocated),3543,723,3543,3639,600600,8011,4,2813,4618,19082000
synth_d9_s13,synthetic,live,297,ClassCap(Live),7214,1205,7214,7726,1240624,19449,5,5979,4770,42663125
synth_d9_s14,synthetic,allocated,69,Quiesced,99,50,99,106,17024,298,4,49,1053,1447041
synth_d9_s14,synthetic,live,69,Quiesced,99,50,99,106,17024,298,4,49,1053,1390500
synth_d9_s15,synthetic,allocated,151,Quiesced,304,135,304,318,51856,1256,5,169,1954,4886750
synth_d9_s15,synthetic,live,151,Quiesced,304,135,304,318,51856,1256,5,169,1954,4922416
synth_d9_s16,synthetic,allocated,111,Quiesced,224,103,224,234,38192,848,5,121,1304,3684917
synth_d9_s16,synthetic,live,111,Quiesced,224,103,224,234,38192,848,5,121,1304,3673000
synth_d9_s17,synthetic,allocated,15,Quiesced,20,9,20,23,3528,57,3,11,162,237125
synth_d9_s17,synthetic,live,15,Quiesced,20,9,20,23,3528,57,3,11,162,221042
synth_d9_s18,synthetic,allocated,15,Quiesced,18,10,18,20,3136,21,2,8,282,152042
synth_d9_s18,synthetic,live,15,Quiesced,18,10,18,20,3136,21,2,8,282,145959
synth_d9_s19,synthetic,allocated,109,Quiesced,470,123,470,492,80192,3102,6,347,1928,7658708
synth_d9_s19,synthetic,live,109,Quiesced,470,123,470,492,80192,3102,6,347,1928,7420209
synth_d9_s20,synthetic,allocated,147,Quiesced,200,113,200,206,33936,376,3,87,2004,2215833
synth_d9_s20,synthetic,live,147,Quiesced,200,113,200,206,33936,376,3,87,2004,2107667
synth_d9_s21,synthetic,allocated,106,Quiesced,163,79,163,171,27832,621,5,84,1718,2804584
synth_d9_s21,synthetic,live,106,Quiesced,163,79,163,171,27832,621,5,84,1718,2757333
synth_d9_s22,synthetic,allocated,101,Quiesced,275,103,275,288,46928,2594,9,172,1133,7304667
synth_d9_s22,synthetic,live,101,Quiesced,275,103,275,288,46928,2594,9,172,1133,7348750
synth_d9_s23,synthetic,allocated,51,Quiesced,64,34,64,71,11144,80,2,30,442,486375
synth_d9_s23,synthetic,live,51,Quiesced,64,34,64,71,11144,80,2,30,442,452291
synth_d9_s24,synthetic,allocated,206,ClassCap(Allocated),3613,489,3613,3750,614656,12456,5,3120,3157,28520416
synth_d9_s24,synthetic,live,206,ClassCap(Live),5904,647,5904,6124,1004192,24502,6,5250,3157,49309708
synth_d9_s25,synthetic,allocated,764,ClassCap(Allocated),3539,1091,3539,3609,598472,7003,3,2447,10496,20955292
synth_d9_s25,synthetic,live,764,ClassCap(Live),7753,1963,7753,7874,1309280,16993,4,5788,10502,44188083
synth_d9_s26,synthetic,allocated,73,Quiesced,205,84,205,211,34776,709,4,121,1010,2663834
synth_d9_s26,synthetic,live,73,Quiesced,205,84,205,211,34776,709,4,121,1010,2597834
synth_d9_s27,synthetic,allocated,113,Quiesced,201,103,201,206,34048,708,5,98,1158,3353000
synth_d9_s27,synthetic,live,113,Quiesced,201,103,201,206,34048,708,5,98,1158,3329125
synth_d9_s28,synthetic,allocated,15,Quiesced,19,10,19,21,3304,23,2,9,96,152833
synth_d9_s28,synthetic,live,15,Quiesced,19,10,19,21,3304,23,2,9,96,147042
synth_d9_s29,synthetic,allocated,371,ClassCap(Allocated),4609,1088,4609,4846,787584,8474,4,3507,4999,27392084
synth_d9_s29,synthetic,live,371,ClassCap(Live),8710,1861,8710,9020,1480640,14772,4,6816,5000,38175500
synth_d9_s30,synthetic,allocated,111,Quiesced,178,90,178,185,30296,545,4,88,1957,2527000
synth_d9_s30,synthetic,live,111,Quiesced,178,90,178,185,30296,545,4,88,1957,2462959
synth_d9_s31,synthetic,allocated,120,Quiesced,172,88,172,181,29400,634,5,84,1575,3022125
synth_d9_s31,synthetic,live,120,Quiesced,172,88,172,181,29400,634,5,84,1575,3063167
synth_d9_s32,synthetic,allocated,318,ClassCap(Allocated),4405,818,4405,4608,751408,12396,5,3582,4175,33434625
synth_d9_s32,synthetic,live,318,ClassCap(Live),7763,1241,7763,8073,1321544,19369,5,6513,4175,43626916
synth_d9_s33,synthetic,allocated,77,Quiesced,103,56,103,111,17752,216,3,47,1434,1153708
synth_d9_s33,synthetic,live,77,Quiesced,103,56,103,111,17752,216,3,47,1434,1150584
synth_d9_s34,synthetic,allocated,103,Quiesced,385,114,385,405,65800,2467,6,271,1521,6678583
synth_d9_s34,synthetic,live,103,Quiesced,385,114,385,405,65800,2467,6,271,1521,6607958
synth_d9_s35,synthetic,allocated,267,Quiesced,1326,292,1326,1384,226016,14709,9,1034,3098,31443625
synth_d9_s35,synthetic,live,267,Quiesced,1326,292,1326,1384,226016,14709,9,1034,3098,31491833
synth_d9_s36,synthetic,allocated,156,Quiesced,1199,219,1199,1258,204736,13428,9,980,1142,25947916
synth_d9_s36,synthetic,live,156,Quiesced,1199,219,1199,1258,204736,13428,9,980,1142,25949125
synth_d9_s37,synthetic,allocated,176,Quiesced,919,181,919,960,156688,12874,11,738,2419,25568208
synth_d9_s37,synthetic,live,176,Quiesced,919,181,919,960,156688,12874,11,738,2419,25205417
synth_d9_s38,synthetic,allocated,104,Quiesced,138,78,138,146,23632,261,3,60,1622,1477042
synth_d9_s38,synthetic,live,104,Quiesced,138,78,138,146,23632,261,3,60,1622,1431375
synth_d9_s39,synthetic,allocated,179,Quiesced,282,135,282,291,47880,1093,5,147,2296,4825625
synth_d9_s39,synthetic,live,179,Quiesced,282,135,282,291,47880,1093,5,147,2296,4662167
synth_d11_s0,synthetic,allocated,279,Quiesced,582,234,582,599,98728,3263,6,348,4028,11151792
synth_d11_s0,synthetic,live,279,Quiesced,582,234,582,599,98728,3263,6,348,4028,11151958
synth_d11_s1,synthetic,allocated,206,ClassCap(Allocated),3998,660,3998,4171,681352,9008,4,3332,2962,21329042
synth_d11_s1,synthetic,live,206,ClassCap(Live),6600,818,6600,6908,1126048,20018,5,5775,2962,41552083
synth_d11_s2,synthetic,allocated,19,Quiesced,26,12,26,29,4536,64,3,14,147,296417
synth_d11_s2,synthetic,live,19,Quiesced,26,12,26,29,4536,64,3,14,147,272208
synth_d11_s3,synthetic,allocated,835,ClassCap(Allocated),4664,1217,4664,4851,794024,7807,3,3447,11719,27692541
synth_d11_s3,synthetic,live,835,ClassCap(Live),8714,2195,8714,9000,1479968,14017,3,6503,11718,41049834
synth_d11_s4,synthetic,allocated,89,Quiesced,232,89,232,244,39648,2176,9,143,1665,6167750
synth_d11_s4,synthetic,live,89,Quiesced,232,89,232,244,39648,2176,9,143,1665,6076958
synth_d11_s5,synthetic,allocated,456,ClassCap(Allocated),4588,973,4588,4676,775712,11292,5,3605,6816,33380417
synth_d11_s5,synthetic,live,456,ClassCap(Live),10095,2637,10095,10232,1703632,18860,5,7444,6816,52935875
synth_d11_s6,synthetic,allocated,95,Quiesced,133,75,133,140,22736,262,3,58,1754,1569584
synth_d11_s6,synthetic,live,95,Quiesced,133,75,133,140,22736,262,3,58,1754,1484750
synth_d11_s7,synthetic,allocated,454,ClassCap(Allocated),3298,624,3298,3463,563304,8025,4,2656,7254,20978292
synth_d11_s7,synthetic,live,454,ClassCap(Live),5834,784,5834,6079,993832,24483,6,5024,7258,53010500
synth_d11_s8,synthetic,allocated,372,ClassCap(Allocated),3983,817,3983,4310,687456,8809,4,3138,4916,23466542
synth_d11_s8,synthetic,live,372,ClassCap(Live),7812,1098,7812,8422,1346576,21059,5,6689,4916,49043917
synth_d11_s9,synthetic,allocated,21,Quiesced,27,18,27,28,4592,25,2,9,372,239833
synth_d11_s9,synthetic,live,21,Quiesced,27,18,27,28,4592,25,2,9,372,219500
synth_d11_s10,synthetic,allocated,22,Quiesced,33,20,33,34,5600,50,3,13,345,390417
synth_d11_s10,synthetic,live,22,Quiesced,33,20,33,34,5600,50,3,13,345,376333
synth_d11_s11,synthetic,allocated,89,Quiesced,159,72,159,167,27160,556,4,87,1338,2226250
synth_d11_s11,synthetic,live,89,Quiesced,159,72,159,167,27160,556,4,87,1338,2254167
synth_d11_s12,synthetic,allocated,329,ClassCap(Allocated),2401,483,2401,2414,404096,10207,5,1918,5020,20713750
synth_d11_s12,synthetic,live,329,ClassCap(Live),2614,525,2614,2630,440048,11381,5,2089,5020,21189833
synth_d11_s13,synthetic,allocated,25,Quiesced,47,25,47,50,8064,87,3,22,195,498291
synth_d11_s13,synthetic,live,25,Quiesced,47,25,47,50,8064,87,3,22,195,469208
synth_d11_s14,synthetic,allocated,636,ClassCap(Allocated),4463,1219,4463,4643,759864,8073,3,3239,7675,26428708
synth_d11_s14,synthetic,live,636,ClassCap(Live),6496,1520,6496,6714,1103536,11412,3,4969,7675,30573250
synth_d11_s15,synthetic,allocated,181,ClassCap(Allocated),4369,749,4369,4563,744856,11351,5,3609,2975,29918375
synth_d11_s15,synthetic,live,181,ClassCap(Live),9067,1304,9067,9678,1557472,19605,5,7704,2975,44666583
synth_d11_s16,synthetic,allocated,135,ClassCap(Allocated),4151,743,4151,4308,706160,9448,4,3402,1729,23386500
synth_d11_s16,synthetic,live,135,ClassCap(Live),9557,1154,9557,9905,1625064,26412,5,8387,1729,58279792
synth_d11_s17,synthetic,allocated,142,Quiesced,237,122,237,246,40320,723,4,115,2177,3177333
synth_d11_s17,synthetic,live,142,Quiesced,237,122,237,246,40320,723,4,115,2177,3173500
synth_d11_s18,synthetic,allocated,221,ClassCap(Allocated),1951,363,1951,1988,329840,8389,5,1584,2144,15911916
synth_d11_s18,synthetic,live,221,ClassCap(Live),2715,438,2715,2755,458360,14671,6,2273,2144,26874667
synth_d11_s19,synthetic,allocated,202,Quiesced,585,191,585,612,99792,3661,6,394,2353,10606375
synth_d11_s19,synthetic,live,202,Quiesced,585,191,585,612,99792,3661,6,394,2353,10432334
synth_d11_s20,synthetic,allocated,252,ClassCap(Allocated),4543,1173,4543,4846,780192,7721,4,3360,3283,23159667
synth_d11_s20,synthetic,live,252,ClassCap(Live),7653,1500,7653,8223,1317624,11952,4,6130,3283,31247916
synth_d11_s21,synthetic,allocated,80,Quiesced,99,52,99,104,16912,243,4,47,905,1308042
synth_d11_s21,synthetic,live,80,Quiesced,99,52,99,104,16912,243,4,47,905,1330542
synth_d11_s22,synthetic,allocated,366,Quiesced,2336,472,2336,2456,399168,50981,15,1859,5564,91927750
synth_d11_s22,synthetic,live,366,Quiesced,2336,472,2336,2456,399168,50981,15,1859,5564,92313333
synth_d11_s23,synthetic,allocated,221,ClassCap(Allocated),4247,976,4247,4361,719880,10168,5,3267,2569,25295333
synth_d11_s23,synthetic,live,221,ClassCap(Live),10660,2348,10660,11410,1832880,24798,6,8259,2403,184330125
synth_d11_s24,synthetic,allocated,495,ClassCap(Allocated),4373,958,4373,4569,745640,9363,4,3409,7514,30106750
synth_d11_s24,synthetic,live,495,ClassCap(Live),5996,1112,5996,6308,1024800,13046,4,4860,7514,35080291
synth_d11_s25,synthetic,allocated,86,Quiesced,128,64,128,134,21840,366,4,64,1074,1727542
synth_d11_s25,synthetic,live,86,Quiesced,128,64,128,134,21840,366,4,64,1074,1681417
synth_d11_s26,synthetic,allocated,285,Quiesced,903,299,903,930,153216,6360,7,604,3607,19936583
synth_d11_s26,synthetic,live,285,Quiesced,903,299,903,930,153216,6360,7,604,3607,19209834
synth_d11_s27,synthetic,allocated,289,ClassCap(Allocated),2859,420,2859,2951,485464,22185,8,2439,4665,50560042
synth_d11_s27,synthetic,live,289,Quiesced,3112,416,3112,3214,528528,58852,14,2696,4665,103930417
synth_d11_s28,synthetic,allocated,114,Quiesced,144,84,144,151,24584,365,4,60,1419,2106292
synth_d11_s28,synthetic,live,114,Quiesced,144,84,144,151,24584,365,4,60,1419,2516000
synth_d11_s29,synthetic,allocated,808,ClassCap(Allocated),3948,952,3948,4122,673008,11331,4,2992,10296,30382625
synth_d11_s29,synthetic,live,808,ClassCap(Live),6358,1097,6358,6680,1086176,29152,6,5257,10296,66573875
synth_d11_s30,synthetic,allocated,23,Quiesced,54,25,54,55,9128,125,3,29,201,574833
synth_d11_s30,synthetic,live,23,Quiesced,54,25,54,55,9128,125,3,29,201,547208
synth_d11_s31,synthetic,allocated,279,ClassCap(Allocated),4514,924,4514,4927,781480,8081,4,3572,3763,25046333
synth_d11_s31,synthetic,live,279,ClassCap(Live),7677,1448,7677,8243,1321432,12910,4,6179,3763,32909792
synth_d11_s32,synthetic,allocated,414,ClassCap(Allocated),3408,629,3408,3595,583016,9263,4,2761,5595,22922708
synth_d11_s32,synthetic,live,414,ClassCap(Live),5003,693,5003,5259,854840,17444,5,4284,5595,37866792
synth_d11_s33,synthetic,allocated,194,Quiesced,851,216,851,891,145208,6870,7,635,2827,15590458
synth_d11_s33,synthetic,live,194,Quiesced,851,216,851,891,145208,6870,7,635,2827,16001333
synth_d11_s34,synthetic,allocated,265,ClassCap(Allocated),3678,654,3678,3787,624008,9023,4,3019,3781,21346208
synth_d11_s34,synthetic,live,265,ClassCap(Live),7006,771,7006,7305,1193752,30398,6,6225,3786,60771084
synth_d11_s35,synthetic,allocated,238,Quiesced,377,184,377,388,63952,1179,4,193,2921,5057500
synth_d11_s35,synthetic,live,238,Quiesced,377,184,377,388,63952,1179,4,193,2921,4989458
synth_d11_s36,synthetic,allocated,24,Quiesced,29,15,29,32,5040,37,2,14,303,219458
synth_d11_s36,synthetic,live,24,Quiesced,29,15,29,32,5040,37,2,14,303,209042
synth_d11_s37,synthetic,allocated,216,ClassCap(Allocated),4348,864,4348,4473,737464,8673,4,3484,3496,24104334
synth_d11_s37,synthetic,live,216,ClassCap(Live),6532,1062,6532,6752,1109696,12691,4,5461,3496,29535500
synth_d11_s38,synthetic,allocated,230,Quiesced,1181,260,1181,1221,200648,11296,8,920,3418,24747875
synth_d11_s38,synthetic,live,230,Quiesced,1181,260,1181,1221,200648,11296,8,920,3418,24457292
synth_d11_s39,synthetic,allocated,475,ClassCap(Allocated),3509,813,3509,3631,596344,11218,5,2684,6791,39400958
synth_d11_s39,synthetic,live,475,ClassCap(Live),7330,1134,7330,7923,1264648,24916,6,6155,6778,311257750
