name,category,node_count,cap,stop,hit_cap,allocated,live,nodes,memo,ratio,extracted_cost
cellgrid:120x40_d2,cellgrid,623,5000,ClassCap,true,4583,1261,4583,4736,3.6344,432
cellgrid:80x24_d1,cellgrid,623,5000,ClassCap,true,4583,1260,4583,4736,3.6373,427
cellgrid:80x24_d2,cellgrid,623,5000,ClassCap,true,4583,1261,4583,4736,3.6344,432
glyph16:U+0020,glyph,1,500,Quiesced,false,1,1,1,1,1.0000,0
glyph16:U+0021,glyph,1927,5000,ClassCap,true,4703,1352,4703,4925,3.4786,3125
glyph16:U+0022,glyph,199,5000,ClassCap,true,2888,421,2888,3112,6.8599,310
glyph16:U+0023,glyph,615,5000,ClassCap,true,4309,826,4309,4674,5.2167,1014
glyph16:U+0024,glyph,7185,5000,ClassCap,true,5000,3246,5000,5075,1.5404,13131
glyph16:U+0025,glyph,7327,5000,ClassCap,true,5000,3186,5000,5085,1.5694,12640
glyph16:U+0026,glyph,9420,5000,ClassCap,true,5000,4308,5000,5003,1.1606,17979
glyph16:U+0027,glyph,127,5000,ClassCap,true,3566,582,3566,3759,6.1271,171
glyph16:U+0028,glyph,1855,5000,ClassCap,true,4719,1379,4719,4920,3.4220,3039
glyph16:U+0029,glyph,1855,5000,ClassCap,true,4718,1378,4718,4927,3.4238,3039
glyph16:U+002A,glyph,559,5000,ClassCap,true,4480,1002,4480,4828,4.4711,1143
glyph16:U+002B,glyph,247,5000,ClassCap,true,2055,244,2055,2244,8.4221,319
glyph16:U+002C,glyph,1694,5000,ClassCap,true,4678,1366,4678,4872,3.4246,2779
glyph16:U+002D,glyph,119,5000,Quiesced,false,1035,117,1035,1165,8.8462,133
glyph16:U+002E,glyph,1855,5000,ClassCap,true,4681,1354,4680,4894,3.4572,2881
glyph16:U+002F,glyph,127,5000,ClassCap,true,3444,447,3443,3635,7.7047,166
glyph16:U+0030,glyph,5402,5000,ClassCap,true,5000,2903,5000,5061,1.7224,9970
glyph16:U+0031,glyph,1452,5000,ClassCap,true,4418,1323,4418,4654,3.3394,2520
glyph16:U+0032,glyph,3891,5000,ClassCap,true,4945,2533,4945,4974,1.9522,6980
glyph16:U+0033,glyph,6993,5000,ClassCap,true,5000,3209,5000,5091,1.5581,12797
glyph16:U+0034,glyph,1637,5000,ClassCap,true,4557,1337,4557,4794,3.4084,2751
glyph16:U+0035,glyph,4546,5000,ClassCap,true,4981,2683,4981,5017,1.8565,8145
glyph16:U+0036,glyph,8067,5000,ClassCap,true,5000,3663,5000,5058,1.3650,15249
glyph16:U+0037,glyph,191,5000,ClassCap,true,2792,378,2792,3007,7.3862,288
glyph16:U+0038,glyph,9774,5000,ClassCap,true,5000,4420,5000,5002,1.1312,18500
glyph16:U+0039,glyph,8267,5000,ClassCap,true,5000,3774,5000,5036,1.3249,15698
glyph16:U+003A,glyph,3655,5000,ClassCap,true,4854,2312,4854,4871,2.0995,6228
glyph16:U+003B,glyph,3494,5000,ClassCap,true,4855,2307,4855,4876,2.1045,6080
glyph16:U+003C,glyph,295,5000,ClassCap,true,2697,420,2697,2969,6.4214,514
glyph16:U+003D,glyph,183,5000,Quiesced,false,1514,172,1514,1672,8.8023,231
glyph16:U+003E,glyph,295,5000,ClassCap,true,2711,421,2711,2980,6.4394,519
glyph16:U+003F,glyph,6716,5000,ClassCap,true,5000,3176,5000,5083,1.5743,12176
glyph16:U+0040,glyph,12056,5000,ClassCap,true,5226,5226,5226,5226,1.0000,23527
glyph16:U+0041,glyph,1605,5000,ClassCap,true,4509,1340,4509,4734,3.3649,2672
glyph16:U+0042,glyph,4470,5000,ClassCap,true,4975,2650,4975,5016,1.8774,7970
glyph16:U+0043,glyph,5129,5000,ClassCap,true,4996,2830,4996,5047,1.7654,9459
glyph16:U+0044,glyph,2606,5000,ClassCap,true,4367,1933,4367,4390,2.2592,4506
glyph16:U+0045,glyph,247,5000,ClassCap,true,2780,370,2780,2973,7.5135,335
glyph16:U+0046,glyph,215,5000,ClassCap,true,2535,331,2535,2713,7.6586,285
glyph16:U+0047,glyph,4563,5000,ClassCap,true,4983,2695,4983,5020,1.8490,8262
glyph16:U+0048,glyph,247,5000,ClassCap,true,2793,369,2793,2984,7.5691,314
glyph16:U+0049,glyph,391,5000,ClassCap,true,3418,565,3418,3722,6.0496,626
glyph16:U+004A,glyph,2425,5000,ClassCap,true,4282,1868,4282,4302,2.2923,4339
glyph16:U+004B,glyph,617,5000,ClassCap,true,4578,925,4578,4827,4.9492,1047
glyph16:U+004C,glyph,151,5000,ClassCap,true,3361,422,3361,3562,7.9645,185
glyph16:U+004D,glyph,2345,5000,ClassCap,true,4914,1703,4914,5235,2.8855,4133
glyph16:U+004E,glyph,1399,5000,ClassCap,true,4653,1325,4653,4909,3.5117,2457
glyph16:U+004F,glyph,5945,5000,ClassCap,true,5000,3006,5000,5077,1.6633,10769
glyph16:U+0050,glyph,2409,5000,ClassCap,true,4880,1714,4880,5106,2.8471,3990
glyph16:U+0051,glyph,6053,5000,ClassCap,true,5000,3029,5000,5059,1.6507,10749
glyph16:U+0052,glyph,2710,5000,ClassCap,true,4509,2000,4509,4527,2.2545,4725
glyph16:U+0053,glyph,7616,5000,ClassCap,true,5000,3414,5000,5080,1.4646,14066
glyph16:U+0054,glyph,183,5000,ClassCap,true,3521,468,3521,3720,7.5235,227
glyph16:U+0055,glyph,2899,5000,ClassCap,true,4686,2079,4686,4700,2.2540,5170
glyph16:U+0056,glyph,1573,5000,ClassCap,true,4614,1319,4614,4827,3.4981,2647
glyph16:U+0057,glyph,7232,5000,ClassCap,true,5000,3271,5000,5109,1.5286,13499
glyph16:U+0058,glyph,343,5000,ClassCap,true,3607,628,3607,3937,5.7436,652
glyph16:U+0059,glyph,263,5000,ClassCap,true,2684,412,2684,2942,6.5146,437
glyph16:U+005A,glyph,255,5000,ClassCap,true,3358,459,3358,3603,7.3159,393
glyph16:U+005B,glyph,183,5000,Quiesced,false,1519,175,1519,1677,8.6800,234
glyph16:U+005C,glyph,127,5000,ClassCap,true,3444,447,3443,3635,7.7047,166
glyph16:U+005D,glyph,183,5000,Quiesced,false,1517,177,1517,1675,8.5706,244
glyph16:U+005E,glyph,199,5000,ClassCap,true,2891,420,2891,3116,6.8833,319
glyph16:U+005F,glyph,119,5000,ClassCap,true,2994,321,2994,3172,9.3271,129
glyph16:U+0060,glyph,1722,5000,ClassCap,true,4689,1342,4689,4902,3.4940,2827
glyph16:U+0061,glyph,5743,5000,ClassCap,true,5000,3007,5000,5059,1.6628,10612
glyph16:U+0062,glyph,5129,5000,ClassCap,true,4995,2824,4995,5043,1.7688,9434
glyph16:U+0063,glyph,4671,5000,ClassCap,true,4984,2700,4984,5027,1.8459,8419
glyph16:U+0064,glyph,5864,5000,ClassCap,true,5000,3022,5000,5064,1.6545,10763
glyph16:U+0065,glyph,4872,5000,ClassCap,true,4989,2751,4989,5034,1.8135,8766
glyph16:U+0066,glyph,2364,5000,ClassCap,true,4880,1682,4880,5126,2.9013,3955
glyph16:U+0067,glyph,7009,5000,ClassCap,true,5000,3208,5000,5073,1.5586,12799
glyph16:U+0068,glyph,2931,5000,ClassCap,true,4717,2082,4717,4741,2.2656,5045
glyph16:U+0069,glyph,2123,5000,ClassCap,true,4727,1455,4727,4988,3.2488,3510
glyph16:U+006A,glyph,4293,5000,ClassCap,true,4971,2597,4971,5001,1.9141,7523
glyph16:U+006B,glyph,1460,5000,ClassCap,true,4460,1306,4460,4687,3.4150,2517
glyph16:U+006C,glyph,323,5000,ClassCap,true,3007,467,3007,3282,6.4390,522
glyph16:U+006D,glyph,5289,5000,ClassCap,true,4998,2856,4998,5062,1.7500,9624
glyph16:U+006E,glyph,2264,5000,ClassCap,true,4826,1631,4826,5051,2.9589,3759
glyph16:U+006F,glyph,5716,5000,ClassCap,true,5000,2947,5000,5055,1.6966,10262
glyph16:U+0070,glyph,5406,5000,ClassCap,true,4999,2901,4999,5057,1.7232,9922
glyph16:U+0071,glyph,5046,5000,ClassCap,true,4992,2802,4992,5041,1.7816,9172
glyph16:U+0072,glyph,2456,5000,ClassCap,true,4912,1804,4912,5158,2.7228,4180
glyph16:U+0073,glyph,6929,5000,ClassCap,true,5000,3201,5000,5088,1.5620,12680
glyph16:U+0074,glyph,2421,5000,ClassCap,true,4905,1796,4905,5142,2.7311,4109
glyph16:U+0075,glyph,2493,5000,ClassCap,true,4898,1809,4898,5116,2.7076,4153
glyph16:U+0076,glyph,1115,5000,ClassCap,true,4236,1182,4236,4416,3.5838,1760
glyph16:U+0077,glyph,3663,5000,ClassCap,true,4937,2492,4937,4971,1.9811,6602
glyph16:U+0078,glyph,343,5000,ClassCap,true,3590,620,3590,3918,5.7903,639
glyph16:U+0079,glyph,3530,5000,ClassCap,true,4915,2436,4915,4942,2.0177,6403
glyph16:U+007A,glyph,255,5000,ClassCap,true,3358,459,3358,3603,7.3159,393
glyph16:U+007B,glyph,4598,5000,ClassCap,true,4984,2694,4984,5032,1.8500,8205
glyph16:U+007C,glyph,119,5000,Quiesced,false,1044,112,1044,1178,9.3214,133
glyph16:U+007D,glyph,4598,5000,ClassCap,true,4983,2688,4983,5024,1.8538,8215
glyph16:U+007E,glyph,5093,5000,ClassCap,true,4996,2812,4996,5047,1.7767,9370
glyph32:U+0020,glyph,1,500,Quiesced,false,1,1,1,1,1.0000,0
glyph32:U+0021,glyph,1927,5000,ClassCap,true,4703,1352,4703,4925,3.4786,3125
glyph32:U+0022,glyph,199,5000,ClassCap,true,2888,421,2888,3112,6.8599,310
glyph32:U+0023,glyph,615,5000,ClassCap,true,4309,826,4309,4674,5.2167,1014
glyph32:U+0024,glyph,7185,5000,ClassCap,true,5000,3246,5000,5075,1.5404,13131
glyph32:U+0025,glyph,7327,5000,ClassCap,true,5000,3186,5000,5085,1.5694,12640
glyph32:U+0026,glyph,9420,5000,ClassCap,true,5000,4308,5000,5003,1.1606,17979
glyph32:U+0027,glyph,127,5000,ClassCap,true,3566,582,3566,3759,6.1271,171
glyph32:U+0028,glyph,1855,5000,ClassCap,true,4719,1379,4719,4920,3.4220,3039
glyph32:U+0029,glyph,1855,5000,ClassCap,true,4718,1378,4718,4927,3.4238,3039
glyph32:U+002A,glyph,559,5000,ClassCap,true,4480,1002,4480,4828,4.4711,1143
glyph32:U+002B,glyph,247,5000,ClassCap,true,2055,244,2055,2244,8.4221,319
glyph32:U+002C,glyph,1694,5000,ClassCap,true,4678,1366,4678,4872,3.4246,2779
glyph32:U+002D,glyph,119,5000,Quiesced,false,1034,116,1034,1164,8.9138,133
glyph32:U+002E,glyph,1855,5000,ClassCap,true,4681,1354,4680,4894,3.4572,2881
glyph32:U+002F,glyph,127,5000,ClassCap,true,3444,447,3443,3635,7.7047,166
glyph32:U+0030,glyph,5402,5000,ClassCap,true,5000,2903,5000,5061,1.7224,9970
glyph32:U+0031,glyph,1452,5000,ClassCap,true,4418,1323,4418,4654,3.3394,2520
glyph32:U+0032,glyph,3891,5000,ClassCap,true,4945,2533,4945,4974,1.9522,6980
glyph32:U+0033,glyph,6993,5000,ClassCap,true,5000,3209,5000,5091,1.5581,12797
glyph32:U+0034,glyph,1637,5000,ClassCap,true,4557,1337,4557,4794,3.4084,2751
glyph32:U+0035,glyph,4546,5000,ClassCap,true,4981,2683,4981,5017,1.8565,8145
glyph32:U+0036,glyph,8067,5000,ClassCap,true,5000,3663,5000,5058,1.3650,15249
glyph32:U+0037,glyph,191,5000,ClassCap,true,2791,377,2791,3006,7.4032,288
glyph32:U+0038,glyph,9774,5000,ClassCap,true,5000,4420,5000,5002,1.1312,18500
glyph32:U+0039,glyph,8267,5000,ClassCap,true,5000,3774,5000,5036,1.3249,15698
glyph32:U+003A,glyph,3655,5000,ClassCap,true,4854,2312,4854,4871,2.0995,6228
glyph32:U+003B,glyph,3494,5000,ClassCap,true,4855,2307,4855,4876,2.1045,6080
glyph32:U+003C,glyph,295,5000,ClassCap,true,2697,420,2697,2969,6.4214,514
glyph32:U+003D,glyph,183,5000,Quiesced,false,1514,172,1514,1672,8.8023,231
glyph32:U+003E,glyph,295,5000,ClassCap,true,2711,421,2711,2980,6.4394,519
glyph32:U+003F,glyph,6716,5000,ClassCap,true,5000,3176,5000,5083,1.5743,12176
glyph32:U+0040,glyph,12056,5000,ClassCap,true,5226,5226,5226,5226,1.0000,23527
glyph32:U+0041,glyph,1605,5000,ClassCap,true,4509,1340,4509,4734,3.3649,2672
glyph32:U+0042,glyph,4470,5000,ClassCap,true,4975,2650,4975,5016,1.8774,7970
glyph32:U+0043,glyph,5129,5000,ClassCap,true,4996,2830,4996,5047,1.7654,9459
glyph32:U+0044,glyph,2606,5000,ClassCap,true,4367,1933,4367,4390,2.2592,4506
glyph32:U+0045,glyph,247,5000,ClassCap,true,2779,369,2779,2972,7.5312,335
glyph32:U+0046,glyph,215,5000,ClassCap,true,2534,330,2534,2712,7.6788,285
glyph32:U+0047,glyph,4563,5000,ClassCap,true,4983,2695,4983,5020,1.8490,8262
glyph32:U+0048,glyph,247,5000,ClassCap,true,2792,368,2792,2983,7.5870,314
glyph32:U+0049,glyph,391,5000,ClassCap,true,3418,565,3418,3722,6.0496,626
glyph32:U+004A,glyph,2425,5000,ClassCap,true,4282,1868,4282,4302,2.2923,4339
glyph32:U+004B,glyph,617,5000,ClassCap,true,4578,925,4578,4827,4.9492,1047
glyph32:U+004C,glyph,151,5000,ClassCap,true,3360,421,3360,3561,7.9810,185
glyph32:U+004D,glyph,2345,5000,ClassCap,true,4914,1703,4914,5235,2.8855,4133
glyph32:U+004E,glyph,1399,5000,ClassCap,true,4653,1325,4653,4909,3.5117,2457
glyph32:U+004F,glyph,5945,5000,ClassCap,true,5000,3006,5000,5077,1.6633,10769
glyph32:U+0050,glyph,2409,5000,ClassCap,true,4880,1714,4880,5106,2.8471,3990
glyph32:U+0051,glyph,6053,5000,ClassCap,true,5000,3029,5000,5059,1.6507,10749
glyph32:U+0052,glyph,2710,5000,ClassCap,true,4509,2000,4509,4527,2.2545,4725
glyph32:U+0053,glyph,7616,5000,ClassCap,true,5000,3414,5000,5080,1.4646,14066
glyph32:U+0054,glyph,183,5000,ClassCap,true,3520,467,3520,3719,7.5375,227
glyph32:U+0055,glyph,2899,5000,ClassCap,true,4686,2079,4686,4700,2.2540,5170
glyph32:U+0056,glyph,1573,5000,ClassCap,true,4614,1319,4614,4827,3.4981,2647
glyph32:U+0057,glyph,7232,5000,ClassCap,true,5000,3271,5000,5109,1.5286,13499
glyph32:U+0058,glyph,343,5000,ClassCap,true,3607,628,3607,3937,5.7436,652
glyph32:U+0059,glyph,263,5000,ClassCap,true,2684,412,2684,2942,6.5146,437
glyph32:U+005A,glyph,255,5000,ClassCap,true,3357,458,3357,3602,7.3297,393
glyph32:U+005B,glyph,183,5000,Quiesced,false,1519,175,1519,1677,8.6800,234
glyph32:U+005C,glyph,127,5000,ClassCap,true,3444,447,3443,3635,7.7047,166
glyph32:U+005D,glyph,183,5000,Quiesced,false,1517,177,1517,1675,8.5706,244
glyph32:U+005E,glyph,199,5000,ClassCap,true,2891,420,2891,3116,6.8833,319
glyph32:U+005F,glyph,119,5000,ClassCap,true,2994,321,2994,3172,9.3271,129
glyph32:U+0060,glyph,1722,5000,ClassCap,true,4689,1342,4689,4902,3.4940,2827
glyph32:U+0061,glyph,5743,5000,ClassCap,true,5000,3007,5000,5059,1.6628,10612
glyph32:U+0062,glyph,5129,5000,ClassCap,true,4995,2824,4995,5043,1.7688,9434
glyph32:U+0063,glyph,4671,5000,ClassCap,true,4984,2700,4984,5027,1.8459,8419
glyph32:U+0064,glyph,5864,5000,ClassCap,true,5000,3022,5000,5064,1.6545,10763
glyph32:U+0065,glyph,4872,5000,ClassCap,true,4989,2751,4989,5034,1.8135,8766
glyph32:U+0066,glyph,2364,5000,ClassCap,true,4880,1682,4880,5126,2.9013,3955
glyph32:U+0067,glyph,7009,5000,ClassCap,true,5000,3208,5000,5073,1.5586,12799
glyph32:U+0068,glyph,2931,5000,ClassCap,true,4717,2082,4717,4741,2.2656,5045
glyph32:U+0069,glyph,2123,5000,ClassCap,true,4727,1455,4727,4988,3.2488,3510
glyph32:U+006A,glyph,4293,5000,ClassCap,true,4971,2597,4971,5001,1.9141,7523
glyph32:U+006B,glyph,1460,5000,ClassCap,true,4460,1306,4460,4687,3.4150,2517
glyph32:U+006C,glyph,323,5000,ClassCap,true,3007,467,3007,3282,6.4390,522
glyph32:U+006D,glyph,5289,5000,ClassCap,true,4998,2856,4998,5062,1.7500,9624
glyph32:U+006E,glyph,2264,5000,ClassCap,true,4826,1631,4826,5051,2.9589,3759
glyph32:U+006F,glyph,5716,5000,ClassCap,true,5000,2947,5000,5055,1.6966,10262
glyph32:U+0070,glyph,5406,5000,ClassCap,true,4999,2901,4999,5057,1.7232,9922
glyph32:U+0071,glyph,5046,5000,ClassCap,true,4992,2802,4992,5041,1.7816,9172
glyph32:U+0072,glyph,2456,5000,ClassCap,true,4912,1804,4912,5158,2.7228,4180
glyph32:U+0073,glyph,6929,5000,ClassCap,true,5000,3201,5000,5088,1.5620,12680
glyph32:U+0074,glyph,2421,5000,ClassCap,true,4905,1796,4905,5142,2.7311,4109
glyph32:U+0075,glyph,2493,5000,ClassCap,true,4898,1809,4898,5116,2.7076,4153
glyph32:U+0076,glyph,1115,5000,ClassCap,true,4236,1182,4236,4416,3.5838,1760
glyph32:U+0077,glyph,3663,5000,ClassCap,true,4937,2492,4937,4971,1.9811,6602
glyph32:U+0078,glyph,343,5000,ClassCap,true,3590,620,3590,3918,5.7903,639
glyph32:U+0079,glyph,3530,5000,ClassCap,true,4915,2436,4915,4942,2.0177,6403
glyph32:U+007A,glyph,255,5000,ClassCap,true,3358,459,3358,3603,7.3159,393
glyph32:U+007B,glyph,4598,5000,ClassCap,true,4984,2694,4984,5032,1.8500,8205
glyph32:U+007C,glyph,119,5000,Quiesced,false,1043,111,1043,1177,9.3964,133
glyph32:U+007D,glyph,4598,5000,ClassCap,true,4983,2688,4983,5024,1.8538,8215
glyph32:U+007E,glyph,5093,5000,ClassCap,true,4996,2812,4996,5047,1.7767,9370
psychedelic,psychedelic,102,5000,ClassCap,true,4847,946,4847,4994,5.1237,766
shader:cosine_palette,shader,40,2000,ClassCap,true,1767,474,1767,1801,3.7278,296
shader:domain_warp_fbm,shader,84,5000,ClassCap,true,4577,1245,4577,4748,3.6763,444
shader:gyroid_slice,shader,44,2000,Quiesced,false,779,104,779,816,7.4904,938
shader:julia_set,shader,122,5000,ClassCap,true,4533,819,4533,4783,5.5348,716
shader:kaleidoscope_fold,shader,46,2000,Quiesced,false,131,57,131,131,2.2982,554
shader:mandelbrot_distance,shader,152,5000,ClassCap,true,3678,415,3678,3933,8.8627,576
shader:metaballs,shader,62,5000,ClassCap,true,2584,286,2584,2882,9.0350,158
shader:plasma,shader,41,2000,ClassCap,true,1822,336,1822,1862,5.4226,363
shader:smooth_min_scene,shader,43,2000,ClassCap,true,1219,160,1219,1380,7.6188,136
shader:smoothstep_vignette,shader,64,5000,Quiesced,false,283,82,283,295,3.4512,161
shader:star_sdf,shader,66,5000,ClassCap,true,3828,632,3828,4089,6.0570,169
shader:torus_slice,shader,42,2000,ClassCap,true,1291,166,1291,1402,7.7771,141
synth_d3_s0,synthetic,19,2000,Quiesced,false,37,17,37,39,2.1765,163
synth_d3_s1,synthetic,30,2000,Quiesced,false,35,18,35,37,1.9444,361
synth_d3_s2,synthetic,14,2000,Quiesced,false,18,12,18,19,1.5000,318
synth_d3_s3,synthetic,30,2000,Quiesced,false,39,22,39,42,1.7727,325
synth_d3_s4,synthetic,24,2000,Quiesced,false,64,31,64,66,2.0645,188
synth_d3_s5,synthetic,18,2000,Quiesced,false,45,18,45,46,2.5000,40
synth_d3_s6,synthetic,42,2000,Quiesced,false,461,78,461,484,5.9103,240
synth_d3_s7,synthetic,6,500,Quiesced,false,7,5,7,8,1.4000,219
synth_d3_s8,synthetic,9,500,Quiesced,false,12,8,12,13,1.5000,98
synth_d3_s9,synthetic,14,2000,Quiesced,false,19,12,19,20,1.5833,33
synth_d3_s10,synthetic,20,2000,Quiesced,false,43,20,43,46,2.1500,90
synth_d3_s11,synthetic,16,2000,Quiesced,false,67,22,67,67,3.0455,232
synth_d3_s12,synthetic,13,2000,Quiesced,false,17,10,17,18,1.7000,149
synth_d3_s13,synthetic,16,2000,Quiesced,false,21,12,21,23,1.7500,280
synth_d3_s14,synthetic,26,2000,Quiesced,false,38,19,38,40,2.0000,235
synth_d3_s15,synthetic,13,2000,Quiesced,false,17,10,17,19,1.7000,208
synth_d3_s16,synthetic,21,2000,Quiesced,false,49,19,49,53,2.5789,153
synth_d3_s17,synthetic,37,2000,Quiesced,false,44,26,44,47,1.6923,400
synth_d3_s18,synthetic,16,2000,Quiesced,false,19,12,19,21,1.5833,343
synth_d3_s19,synthetic,26,2000,Quiesced,false,32,18,32,32,1.7778,614
synth_d3_s20,synthetic,9,500,Quiesced,false,14,9,14,14,1.5556,176
synth_d3_s21,synthetic,17,2000,Quiesced,false,23,16,23,23,1.4375,302
synth_d3_s22,synthetic,8,500,Quiesced,false,10,6,10,11,1.6667,81
synth_d3_s23,synthetic,35,2000,ClassCap,true,1704,333,1704,1761,5.1171,132
synth_d3_s24,synthetic,17,2000,Quiesced,false,34,17,34,36,2.0000,126
synth_d3_s25,synthetic,7,500,Quiesced,false,8,5,8,9,1.6000,237
synth_d3_s26,synthetic,10,500,Quiesced,false,13,7,13,15,1.8571,83
synth_d3_s27,synthetic,35,2000,Quiesced,false,65,29,65,67,2.2414,455
synth_d3_s28,synthetic,29,2000,Quiesced,false,93,29,93,100,3.2069,280
synth_d3_s29,synthetic,26,2000,Quiesced,false,60,23,60,61,2.6087,360
synth_d3_s30,synthetic,12,2000,Quiesced,false,16,11,16,17,1.4545,104
synth_d3_s31,synthetic,30,2000,Quiesced,false,47,19,47,51,2.4737,122
synth_d3_s32,synthetic,39,2000,Quiesced,false,73,33,73,77,2.2121,324
synth_d3_s33,synthetic,21,2000,Quiesced,false,88,27,88,89,3.2593,33
synth_d3_s34,synthetic,9,500,Quiesced,false,12,8,12,13,1.5000,25
synth_d3_s35,synthetic,35,2000,Quiesced,false,47,26,47,48,1.8077,430
synth_d3_s36,synthetic,28,2000,Quiesced,false,37,20,37,42,1.8500,446
synth_d3_s37,synthetic,12,2000,Quiesced,false,14,9,14,15,1.5556,172
synth_d3_s38,synthetic,14,2000,Quiesced,false,17,10,17,18,1.7000,99
synth_d3_s39,synthetic,15,2000,Quiesced,false,23,13,23,24,1.7692,43
synth_d5_s0,synthetic,22,2000,Quiesced,false,34,21,34,35,1.6190,603
synth_d5_s1,synthetic,58,5000,Quiesced,false,705,105,705,738,6.7143,441
synth_d5_s2,synthetic,50,2000,Quiesced,false,96,42,96,101,2.2857,532
synth_d5_s3,synthetic,84,5000,Quiesced,false,1123,177,1123,1195,6.3446,959
synth_d5_s4,synthetic,63,5000,Quiesced,false,314,74,314,331,4.2432,388
synth_d5_s5,synthetic,6,500,Quiesced,false,7,6,7,7,1.1667,242
synth_d5_s6,synthetic,55,5000,Quiesced,false,85,40,85,88,2.1250,394
synth_d5_s7,synthetic,51,5000,Quiesced,false,356,74,356,371,4.8108,906
synth_d5_s8,synthetic,71,5000,Quiesced,false,293,81,293,303,3.6173,652
synth_d5_s9,synthetic,52,5000,Quiesced,false,62,32,62,68,1.9375,631
synth_d5_s10,synthetic,40,2000,Quiesced,false,170,46,170,173,3.6957,336
synth_d5_s11,synthetic,81,5000,ClassCap,true,3656,363,3656,3862,10.0716,851
synth_d5_s12,synthetic,50,2000,Quiesced,false,259,78,259,267,3.3205,820
synth_d5_s13,synthetic,21,2000,Quiesced,false,28,9,28,33,3.1111,133
synth_d5_s14,synthetic,34,2000,Quiesced,false,42,25,42,46,1.6800,442
synth_d5_s15,synthetic,114,5000,Quiesced,false,250,99,250,256,2.5253,1740
synth_d5_s16,synthetic,25,2000,Quiesced,false,33,19,33,36,1.7368,391
synth_d5_s17,synthetic,43,2000,Quiesced,false,60,32,60,65,1.8750,443
synth_d5_s18,synthetic,49,2000,Quiesced,false,66,40,66,68,1.6500,386
synth_d5_s19,synthetic,22,2000,Quiesced,false,39,20,39,40,1.9500,211
synth_d5_s20,synthetic,48,2000,Quiesced,false,133,50,133,139,2.6600,394
synth_d5_s21,synthetic,42,2000,Quiesced,false,50,31,50,53,1.6129,679
synth_d5_s22,synthetic,56,5000,Quiesced,false,123,47,123,126,2.6170,915
synth_d5_s23,synthetic,63,5000,Quiesced,false,82,44,82,88,1.8636,759
synth_d5_s24,synthetic,49,2000,Quiesced,false,218,61,218,229,3.5738,823
synth_d5_s25,synthetic,22,2000,Quiesced,false,30,17,30,32,1.7647,237
synth_d5_s26,synthetic,44,2000,Quiesced,false,93,40,93,97,2.3250,793
synth_d5_s27,synthetic,27,2000,Quiesced,false,48,23,48,51,2.0870,356
synth_d5_s28,synthetic,61,5000,Quiesced,false,93,48,93,97,1.9375,679
synth_d5_s29,synthetic,69,5000,Quiesced,false,115,59,115,118,1.9492,1140
synth_d5_s30,synthetic,34,2000,Quiesced,false,51,27,51,54,1.8889,471
synth_d5_s31,synthetic,56,5000,Quiesced,false,171,59,171,174,2.8983,588
synth_d5_s32,synthetic,109,5000,Quiesced,false,307,97,307,316,3.1649,1153
synth_d5_s33,synthetic,42,2000,Quiesced,false,69,36,69,73,1.9167,420
synth_d5_s34,synthetic,64,5000,Quiesced,false,183,67,183,187,2.7313,685
synth_d5_s35,synthetic,74,5000,Quiesced,false,172,68,172,176,2.5294,889
synth_d5_s36,synthetic,21,2000,Quiesced,false,26,16,26,28,1.6250,445
synth_d5_s37,synthetic,74,5000,Quiesced,false,337,99,337,350,3.4040,1147
synth_d5_s38,synthetic,38,2000,Quiesced,false,43,29,43,45,1.4828,824
synth_d5_s39,synthetic,28,2000,Quiesced,false,34,21,34,37,1.6190,591
synth_d7_s0,synthetic,53,5000,Quiesced,false,119,51,119,123,2.3333,724
synth_d7_s1,synthetic,166,5000,Quiesced,false,300,140,300,309,2.1429,2583
synth_d7_s2,synthetic,6,500,Quiesced,false,8,6,8,8,1.3333,94
synth_d7_s3,synthetic,186,5000,Quiesced,false,603,186,603,631,3.2419,2198
synth_d7_s4,synthetic,98,5000,Quiesced,false,498,111,498,503,4.4865,1419
synth_d7_s5,synthetic,54,5000,Quiesced,false,370,66,370,402,5.6061,652
synth_d7_s6,synthetic,95,5000,Quiesced,false,341,99,341,363,3.4444,1454
synth_d7_s7,synthetic,85,5000,Quiesced,false,777,138,777,796,5.6304,802
synth_d7_s8,synthetic,122,5000,ClassCap,true,3453,422,3453,3568,8.1825,1387
synth_d7_s9,synthetic,14,2000,Quiesced,false,18,10,18,20,1.8000,147
synth_d7_s10,synthetic,58,5000,Quiesced,false,100,43,100,109,2.3256,413
synth_d7_s11,synthetic,73,5000,ClassCap,true,3532,483,3532,3728,7.3126,970
synth_d7_s12,synthetic,93,5000,ClassCap,true,2462,340,2462,2492,7.2412,1112
synth_d7_s13,synthetic,217,5000,ClassCap,true,4324,878,4324,4491,4.9248,2386
synth_d7_s14,synthetic,72,5000,ClassCap,true,3812,414,3812,4026,9.2077,680
synth_d7_s15,synthetic,56,5000,Quiesced,false,74,45,74,78,1.6444,709
synth_d7_s16,synthetic,36,2000,Quiesced,false,57,26,57,59,2.1923,249
synth_d7_s17,synthetic,137,5000,ClassCap,true,2229,319,2229,2287,6.9875,1803
synth_d7_s18,synthetic,203,5000,Quiesced,false,2839,436,2839,2885,6.5115,2943
synth_d7_s19,synthetic,105,5000,ClassCap,true,2881,327,2881,3030,8.8104,1931
synth_d7_s20,synthetic,106,5000,Quiesced,false,371,103,371,392,3.6019,1440
synth_d7_s21,synthetic,81,5000,Quiesced,false,140,59,140,151,2.3729,612
synth_d7_s22,synthetic,45,2000,Quiesced,false,270,55,270,285,4.9091,608
synth_d7_s23,synthetic,122,5000,ClassCap,true,3584,492,3584,3729,7.2846,2351
synth_d7_s24,synthetic,62,5000,Quiesced,false,85,48,85,90,1.7708,674
synth_d7_s25,synthetic,14,2000,Quiesced,false,21,14,21,21,1.5000,123
synth_d7_s26,synthetic,123,5000,ClassCap,true,4650,994,4650,4703,4.6781,1786
synth_d7_s27,synthetic,55,5000,Quiesced,false,83,42,83,89,1.9762,762
synth_d7_s28,synthetic,146,5000,ClassCap,true,3228,410,3228,3648,7.8732,2311
synth_d7_s29,synthetic,99,5000,Quiesced,false,468,113,468,493,4.1416,1438
synth_d7_s30,synthetic,83,5000,Quiesced,false,157,70,157,160,2.2429,1351
synth_d7_s31,synthetic,135,5000,ClassCap,true,4189,740,4189,4578,5.6608,1582
synth_d7_s32,synthetic,144,5000,Quiesced,false,385,136,385,395,2.8309,2026
synth_d7_s33,synthetic,46,2000,Quiesced,false,68,40,68,71,1.7000,512
synth_d7_s34,synthetic,37,2000,Quiesced,false,59,34,59,64,1.7353,503
synth_d7_s35,synthetic,139,5000,Quiesced,false,1187,186,1187,1250,6.3817,1832
synth_d7_s36,synthetic,72,5000,Quiesced,false,234,75,234,242,3.1200,729
synth_d7_s37,synthetic,143,5000,Quiesced,false,188,108,188,200,1.7407,2441
synth_d7_s38,synthetic,132,5000,Quiesced,false,658,137,658,713,4.8029,1410
synth_d7_s39,synthetic,43,2000,Quiesced,false,266,55,266,281,4.8364,659
synth_d9_s0,synthetic,318,5000,ClassCap,true,3541,867,3541,3614,4.0842,4257
synth_d9_s1,synthetic,83,5000,Quiesced,false,137,67,137,142,2.0448,1235
synth_d9_s2,synthetic,84,5000,Quiesced,false,121,69,121,123,1.7536,1055
synth_d9_s3,synthetic,300,5000,Quiesced,false,1689,361,1689,1774,4.6787,4198
synth_d9_s4,synthetic,47,2000,Quiesced,false,68,35,68,72,1.9429,668
synth_d9_s5,synthetic,213,5000,Quiesced,false,345,169,345,359,2.0414,3551
synth_d9_s6,synthetic,156,5000,Quiesced,false,239,121,239,250,1.9752,2039
synth_d9_s7,synthetic,24,2000,Quiesced,false,30,19,30,33,1.5789,459
synth_d9_s8,synthetic,188,5000,ClassCap,true,4320,1088,4320,4377,3.9706,1946
synth_d9_s9,synthetic,41,2000,Quiesced,false,66,38,66,68,1.7368,253
synth_d9_s10,synthetic,184,5000,Quiesced,false,842,202,842,870,4.1683,2381
synth_d9_s11,synthetic,38,2000,Quiesced,false,50,28,50,55,1.7857,317
synth_d9_s12,synthetic,104,5000,Quiesced,false,171,91,171,178,1.8791,1577
synth_d9_s13,synthetic,297,5000,ClassCap,true,3543,723,3543,3639,4.9004,4618
synth_d9_s14,synthetic,69,5000,Quiesced,false,99,50,99,106,1.9800,1053
synth_d9_s15,synthetic,151,5000,Quiesced,false,304,135,304,318,2.2519,1954
synth_d9_s16,synthetic,111,5000,Quiesced,false,224,103,224,234,2.1748,1304
synth_d9_s17,synthetic,15,2000,Quiesced,false,20,9,20,23,2.2222,162
synth_d9_s18,synthetic,15,2000,Quiesced,false,18,10,18,20,1.8000,282
synth_d9_s19,synthetic,109,5000,Quiesced,false,470,123,470,492,3.8211,1928
synth_d9_s20,synthetic,147,5000,Quiesced,false,200,113,200,206,1.7699,2004
synth_d9_s21,synthetic,106,5000,Quiesced,false,163,79,163,171,2.0633,1718
synth_d9_s22,synthetic,101,5000,Quiesced,false,275,103,275,288,2.6699,1133
synth_d9_s23,synthetic,51,5000,Quiesced,false,64,34,64,71,1.8824,442
synth_d9_s24,synthetic,206,5000,ClassCap,true,3613,489,3613,3750,7.3885,3157
synth_d9_s25,synthetic,764,5000,ClassCap,true,3539,1091,3539,3609,3.2438,10496
synth_d9_s26,synthetic,73,5000,Quiesced,false,205,84,205,211,2.4405,1010
synth_d9_s27,synthetic,113,5000,Quiesced,false,201,103,201,206,1.9515,1158
synth_d9_s28,synthetic,15,2000,Quiesced,false,19,10,19,21,1.9000,96
synth_d9_s29,synthetic,371,5000,ClassCap,true,4609,1088,4609,4846,4.2362,4999
synth_d9_s30,synthetic,111,5000,Quiesced,false,178,90,178,185,1.9778,1957
synth_d9_s31,synthetic,120,5000,Quiesced,false,172,88,172,181,1.9545,1575
synth_d9_s32,synthetic,318,5000,ClassCap,true,4405,818,4405,4608,5.3851,4175
synth_d9_s33,synthetic,77,5000,Quiesced,false,103,56,103,111,1.8393,1434
synth_d9_s34,synthetic,103,5000,Quiesced,false,385,114,385,405,3.3772,1521
synth_d9_s35,synthetic,267,5000,Quiesced,false,1326,292,1326,1384,4.5411,3098
synth_d9_s36,synthetic,156,5000,Quiesced,false,1199,219,1199,1258,5.4749,1142
synth_d9_s37,synthetic,176,5000,Quiesced,false,919,181,919,960,5.0773,2419
synth_d9_s38,synthetic,104,5000,Quiesced,false,138,78,138,146,1.7692,1622
synth_d9_s39,synthetic,179,5000,Quiesced,false,282,135,282,291,2.0889,2296
synth_d11_s0,synthetic,279,5000,Quiesced,false,582,234,582,599,2.4872,4028
synth_d11_s1,synthetic,206,5000,ClassCap,true,3998,660,3998,4171,6.0576,2962
synth_d11_s2,synthetic,19,2000,Quiesced,false,26,12,26,29,2.1667,147
synth_d11_s3,synthetic,835,5000,ClassCap,true,4664,1217,4664,4851,3.8324,11719
synth_d11_s4,synthetic,89,5000,Quiesced,false,232,89,232,244,2.6067,1665
synth_d11_s5,synthetic,456,5000,ClassCap,true,4588,973,4588,4676,4.7153,6816
synth_d11_s6,synthetic,95,5000,Quiesced,false,133,75,133,140,1.7733,1754
synth_d11_s7,synthetic,454,5000,ClassCap,true,3298,624,3298,3463,5.2853,7254
synth_d11_s8,synthetic,372,5000,ClassCap,true,3983,817,3983,4310,4.8752,4916
synth_d11_s9,synthetic,21,2000,Quiesced,false,27,18,27,28,1.5000,372
synth_d11_s10,synthetic,22,2000,Quiesced,false,33,20,33,34,1.6500,345
synth_d11_s11,synthetic,89,5000,Quiesced,false,159,72,159,167,2.2083,1338
synth_d11_s12,synthetic,329,5000,ClassCap,true,2401,483,2401,2414,4.9710,5020
synth_d11_s13,synthetic,25,2000,Quiesced,false,47,25,47,50,1.8800,195
synth_d11_s14,synthetic,636,5000,ClassCap,true,4463,1219,4463,4643,3.6612,7675
synth_d11_s15,synthetic,181,5000,ClassCap,true,4369,749,4369,4563,5.8331,2975
synth_d11_s16,synthetic,135,5000,ClassCap,true,4151,743,4151,4308,5.5868,1729
synth_d11_s17,synthetic,142,5000,Quiesced,false,237,122,237,246,1.9426,2177
synth_d11_s18,synthetic,221,5000,ClassCap,true,1951,363,1951,1988,5.3747,2144
synth_d11_s19,synthetic,202,5000,Quiesced,false,585,191,585,612,3.0628,2353
synth_d11_s20,synthetic,252,5000,ClassCap,true,4543,1173,4543,4846,3.8730,3283
synth_d11_s21,synthetic,80,5000,Quiesced,false,99,52,99,104,1.9038,905
synth_d11_s22,synthetic,366,5000,Quiesced,false,2336,472,2336,2456,4.9492,5564
synth_d11_s23,synthetic,221,5000,ClassCap,true,4247,976,4247,4361,4.3514,2569
synth_d11_s24,synthetic,495,5000,ClassCap,true,4373,958,4373,4569,4.5647,7514
synth_d11_s25,synthetic,86,5000,Quiesced,false,128,64,128,134,2.0000,1074
synth_d11_s26,synthetic,285,5000,Quiesced,false,903,299,903,930,3.0201,3607
synth_d11_s27,synthetic,289,5000,ClassCap,true,2859,420,2859,2951,6.8071,4665
synth_d11_s28,synthetic,114,5000,Quiesced,false,144,84,144,151,1.7143,1419
synth_d11_s29,synthetic,808,5000,ClassCap,true,3948,952,3948,4122,4.1471,10296
synth_d11_s30,synthetic,23,2000,Quiesced,false,54,25,54,55,2.1600,201
synth_d11_s31,synthetic,279,5000,ClassCap,true,4514,924,4514,4927,4.8853,3763
synth_d11_s32,synthetic,414,5000,ClassCap,true,3408,629,3408,3595,5.4181,5595
synth_d11_s33,synthetic,194,5000,Quiesced,false,851,216,851,891,3.9398,2827
synth_d11_s34,synthetic,265,5000,ClassCap,true,3678,654,3678,3787,5.6239,3781
synth_d11_s35,synthetic,238,5000,Quiesced,false,377,184,377,388,2.0489,2921
synth_d11_s36,synthetic,24,2000,Quiesced,false,29,15,29,32,1.9333,303
synth_d11_s37,synthetic,216,5000,ClassCap,true,4348,864,4348,4473,5.0324,3496
synth_d11_s38,synthetic,230,5000,Quiesced,false,1181,260,1181,1221,4.5423,3418
synth_d11_s39,synthetic,475,5000,ClassCap,true,3509,813,3509,3631,4.3161,6791

# recovery: raised cap = 5000 * base ratio, per cap-hit kernel
name,category,node_count,base_cap,raised_cap,base_ratio,base_allocated,base_live,base_stop,base_extracted_cost,raised_stop,raised_allocated,raised_live,raised_nodes,raised_memo,raised_extracted_cost,cost_improvement_frac,still_hit_cap
cellgrid:120x40_d2,cellgrid,623,5000,18172,3.6344,4583,1261,ClassCap,432,ClassCap,16796,3560,16796,17442,432,0.0000,true
cellgrid:80x24_d1,cellgrid,623,5000,18187,3.6373,4583,1260,ClassCap,427,ClassCap,16805,3560,16805,17451,427,0.0000,true
cellgrid:80x24_d2,cellgrid,623,5000,18172,3.6344,4583,1261,ClassCap,432,ClassCap,16796,3560,16796,17442,432,0.0000,true
glyph16:U+0021,glyph,1927,5000,17393,3.4786,4703,1352,ClassCap,3125,ClassCap,14143,2729,14143,14704,3012,0.0362,true
glyph16:U+0022,glyph,199,5000,34299,6.8599,2888,421,ClassCap,310,ClassCap,23956,2784,23956,24431,214,0.3097,true
glyph16:U+0023,glyph,615,5000,26084,5.2167,4309,826,ClassCap,1014,ClassCap,14003,2035,14003,14610,920,0.0927,true
glyph16:U+0024,glyph,7185,5000,7702,1.5404,5000,3246,ClassCap,13131,ClassCap,7668,4182,7668,7744,12898,0.0177,true
glyph16:U+0025,glyph,7327,5000,7847,1.5694,5000,3186,ClassCap,12640,ClassCap,7794,4120,7794,7873,12430,0.0166,true
glyph16:U+0026,glyph,9420,5000,5803,1.1606,5000,4308,ClassCap,17979,ClassCap,5803,4247,5803,5872,17674,0.0170,true
glyph16:U+0027,glyph,127,5000,30636,6.1271,3566,582,ClassCap,171,ClassCap,21323,2404,21323,21743,133,0.2222,true
glyph16:U+0028,glyph,1855,5000,17110,3.4220,4719,1379,ClassCap,3039,ClassCap,13876,2719,13876,14391,2968,0.0234,true
glyph16:U+0029,glyph,1855,5000,17119,3.4238,4718,1378,ClassCap,3039,ClassCap,14129,2769,14129,14647,2968,0.0234,true
glyph16:U+002A,glyph,559,5000,22355,4.4711,4480,1002,ClassCap,1143,ClassCap,12316,1841,12316,12889,1003,0.1225,true
glyph16:U+002B,glyph,247,5000,42111,8.4221,2055,244,ClassCap,319,Quiesced,2346,254,2346,2536,319,0.0000,false
glyph16:U+002C,glyph,1694,5000,17123,3.4246,4678,1366,ClassCap,2779,ClassCap,13075,2578,13075,13540,2695,0.0302,true
glyph16:U+002E,glyph,1855,5000,17286,3.4572,4681,1354,ClassCap,2881,ClassCap,14252,2694,14251,14838,2768,0.0392,true
glyph16:U+002F,glyph,127,5000,38523,7.7047,3444,447,ClassCap,166,ClassCap,22170,2385,22169,22816,134,0.1928,true
glyph16:U+0030,glyph,5402,5000,8612,1.7224,5000,2903,ClassCap,9970,ClassCap,8354,3773,8354,8414,9768,0.0203,true
glyph16:U+0031,glyph,1452,5000,16697,3.3394,4418,1323,ClassCap,2520,ClassCap,12107,2352,12107,12696,2438,0.0325,true
glyph16:U+0032,glyph,3891,5000,9761,1.9522,4945,2533,ClassCap,6980,ClassCap,9266,2892,9266,9641,6539,0.0632,true
glyph16:U+0033,glyph,6993,5000,7791,1.5581,5000,3209,ClassCap,12797,ClassCap,7746,4165,7746,7834,12605,0.0150,true
glyph16:U+0034,glyph,1637,5000,17042,3.4084,4557,1337,ClassCap,2751,ClassCap,14107,2832,14107,14645,2671,0.0291,true
glyph16:U+0035,glyph,4546,5000,9283,1.8565,4981,2683,ClassCap,8145,ClassCap,9088,3240,9088,9461,7553,0.0727,true
glyph16:U+0036,glyph,8067,5000,6825,1.3650,5000,3663,ClassCap,15249,ClassCap,6825,4138,6825,6930,14836,0.0271,true
glyph16:U+0037,glyph,191,5000,36931,7.3862,2792,378,ClassCap,288,ClassCap,22817,2679,22817,23468,240,0.1667,true
glyph16:U+0038,glyph,9774,5000,5656,1.1312,5000,4420,ClassCap,18500,ClassCap,5656,4400,5656,5678,18400,0.0054,true
glyph16:U+0039,glyph,8267,5000,6624,1.3249,5000,3774,ClassCap,15698,ClassCap,6624,4102,6624,6701,15139,0.0356,true
glyph16:U+003A,glyph,3655,5000,10497,2.0995,4854,2312,ClassCap,6228,ClassCap,9702,2838,9702,10010,5774,0.0729,true
glyph16:U+003B,glyph,3494,5000,10522,2.1045,4855,2307,ClassCap,6080,ClassCap,9667,2832,9667,9943,5609,0.0775,true
glyph16:U+003C,glyph,295,5000,32107,6.4214,2697,420,ClassCap,514,Quiesced,4347,456,4347,4629,394,0.2335,false
glyph16:U+003E,glyph,295,5000,32197,6.4394,2711,421,ClassCap,519,Quiesced,4360,457,4360,4639,399,0.2312,false
glyph16:U+003F,glyph,6716,5000,7872,1.5743,5000,3176,ClassCap,12176,ClassCap,7809,4106,7809,7889,11985,0.0157,true
glyph16:U+0040,glyph,12056,5000,5001,1.0000,5226,5226,ClassCap,23527,ClassCap,5226,5226,5226,5226,23527,0.0000,true
glyph16:U+0041,glyph,1605,5000,16825,3.3649,4509,1340,ClassCap,2672,ClassCap,13043,2589,13043,13563,2598,0.0277,true
glyph16:U+0042,glyph,4470,5000,9387,1.8774,4975,2650,ClassCap,7970,ClassCap,9132,3231,9132,9498,7432,0.0675,true
glyph16:U+0043,glyph,5129,5000,8827,1.7654,4996,2830,ClassCap,9459,ClassCap,8229,3689,8229,8280,9252,0.0219,true
glyph16:U+0044,glyph,2606,5000,11296,2.2592,4367,1933,ClassCap,4506,ClassCap,9727,2761,9727,10011,4230,0.0613,true
glyph16:U+0045,glyph,247,5000,37568,7.5135,2780,370,ClassCap,335,ClassCap,28612,3015,28612,29403,335,0.0000,true
glyph16:U+0046,glyph,215,5000,38293,7.6586,2535,331,ClassCap,285,ClassCap,27813,2951,27813,28590,285,0.0000,true
glyph16:U+0047,glyph,4563,5000,9245,1.8490,4983,2695,ClassCap,8262,ClassCap,9075,3295,9075,9417,7642,0.0750,true
glyph16:U+0048,glyph,247,5000,37846,7.5691,2793,369,ClassCap,314,ClassCap,22768,2260,22768,23435,306,0.0255,true
glyph16:U+0049,glyph,391,5000,30248,6.0496,3418,565,ClassCap,626,ClassCap,20210,2452,20210,20775,506,0.1917,true
glyph16:U+004A,glyph,2425,5000,11461,2.2923,4282,1868,ClassCap,4339,ClassCap,9766,2696,9766,10060,3926,0.0952,true
glyph16:U+004B,glyph,617,5000,24746,4.9492,4578,925,ClassCap,1047,ClassCap,19275,3248,19275,20087,1106,-0.0564,true
glyph16:U+004C,glyph,151,5000,39822,7.9645,3361,422,ClassCap,185,ClassCap,27107,2878,27107,27883,185,0.0000,true
glyph16:U+004D,glyph,2345,5000,14427,2.8855,4914,1703,ClassCap,4133,ClassCap,11309,3174,11309,11739,3977,0.0377,true
glyph16:U+004E,glyph,1399,5000,17558,3.5117,4653,1325,ClassCap,2457,ClassCap,15189,2938,15189,15795,2390,0.0273,true
glyph16:U+004F,glyph,5945,5000,8317,1.6633,5000,3006,ClassCap,10769,ClassCap,8129,3936,8129,8207,10539,0.0214,true
glyph16:U+0050,glyph,2409,5000,14236,2.8471,4880,1714,ClassCap,3990,ClassCap,9889,2849,9889,10169,3801,0.0474,true
glyph16:U+0051,glyph,6053,5000,8254,1.6507,5000,3029,ClassCap,10749,ClassCap,8087,3953,8087,8145,10532,0.0202,true
glyph16:U+0052,glyph,2710,5000,11273,2.2545,4509,2000,ClassCap,4725,ClassCap,9893,2817,9893,10183,4443,0.0597,true
glyph16:U+0053,glyph,7616,5000,7323,1.4646,5000,3414,ClassCap,14066,ClassCap,7314,4163,7314,7412,13957,0.0077,true
glyph16:U+0054,glyph,183,5000,37618,7.5235,3521,468,ClassCap,227,ClassCap,27561,2878,27561,28339,227,0.0000,true
glyph16:U+0055,glyph,2899,5000,11270,2.2540,4686,2079,ClassCap,5170,ClassCap,9916,2814,9916,10167,4701,0.0907,true
glyph16:U+0056,glyph,1573,5000,17491,3.4981,4614,1319,ClassCap,2647,ClassCap,13607,2605,13607,14148,2552,0.0359,true
glyph16:U+0057,glyph,7232,5000,7643,1.5286,5000,3271,ClassCap,13499,ClassCap,7623,4205,7623,7734,13231,0.0199,true
glyph16:U+0058,glyph,343,5000,28718,5.7436,3607,628,ClassCap,652,ClassCap,17387,2113,17387,18006,452,0.3067,true
glyph16:U+0059,glyph,263,5000,32573,6.5146,2684,412,ClassCap,437,ClassCap,20150,2235,20150,20783,317,0.2746,true
glyph16:U+005A,glyph,255,5000,36580,7.3159,3358,459,ClassCap,393,ClassCap,22735,2488,22735,23426,345,0.1221,true
glyph16:U+005C,glyph,127,5000,38523,7.7047,3444,447,ClassCap,166,ClassCap,22170,2385,22169,22816,134,0.1928,true
glyph16:U+005E,glyph,199,5000,34417,6.8833,2891,420,ClassCap,319,ClassCap,23932,2737,23932,24407,223,0.3009,true
glyph16:U+005F,glyph,119,5000,46636,9.3271,2994,321,ClassCap,129,ClassCap,19539,1297,19539,20281,129,0.0000,true
glyph16:U+0060,glyph,1722,5000,17470,3.4940,4689,1342,ClassCap,2827,ClassCap,13714,2547,13714,14238,2725,0.0361,true
glyph16:U+0061,glyph,5743,5000,8314,1.6628,5000,3007,ClassCap,10612,ClassCap,8122,3938,8122,8181,10414,0.0187,true
glyph16:U+0062,glyph,5129,5000,8844,1.7688,4995,2824,ClassCap,9434,ClassCap,8182,3674,8182,8231,9228,0.0218,true
glyph16:U+0063,glyph,4671,5000,9230,1.8459,4984,2700,ClassCap,8419,ClassCap,7867,3481,7867,7910,8409,0.0012,true
glyph16:U+0064,glyph,5864,5000,8273,1.6545,5000,3022,ClassCap,10763,ClassCap,8102,3961,8102,8166,10560,0.0189,true
glyph16:U+0065,glyph,4872,5000,9068,1.8135,4989,2751,ClassCap,8766,ClassCap,8032,3580,8032,8077,8756,0.0011,true
glyph16:U+0066,glyph,2364,5000,14507,2.9013,4880,1682,ClassCap,3955,ClassCap,10054,2821,10054,10345,3754,0.0508,true
glyph16:U+0067,glyph,7009,5000,7793,1.5586,5000,3208,ClassCap,12799,ClassCap,7747,4164,7747,7817,12607,0.0150,true
glyph16:U+0068,glyph,2931,5000,11328,2.2656,4717,2082,ClassCap,5045,ClassCap,10045,2832,10045,10341,4751,0.0583,true
glyph16:U+0069,glyph,2123,5000,16244,3.2488,4727,1455,ClassCap,3510,ClassCap,14176,2948,14176,14744,3308,0.0575,true
glyph16:U+006A,glyph,4293,5000,9571,1.9141,4971,2597,ClassCap,7523,ClassCap,9193,3060,9193,9562,7021,0.0667,true
glyph16:U+006B,glyph,1460,5000,17075,3.4150,4460,1306,ClassCap,2517,ClassCap,12555,2448,12555,13072,2409,0.0429,true
glyph16:U+006C,glyph,323,5000,32195,6.4390,3007,467,ClassCap,522,ClassCap,20311,2232,20311,21027,431,0.1743,true
glyph16:U+006D,glyph,5289,5000,8750,1.7500,4998,2856,ClassCap,9624,ClassCap,8512,3778,8512,8576,9128,0.0515,true
glyph16:U+006E,glyph,2264,5000,14795,2.9589,4826,1631,ClassCap,3759,ClassCap,13436,3054,13436,13897,3592,0.0444,true
glyph16:U+006F,glyph,5716,5000,8483,1.6966,5000,2947,ClassCap,10262,ClassCap,8224,3814,8224,8278,10042,0.0214,true
glyph16:U+0070,glyph,5406,5000,8616,1.7232,4999,2901,ClassCap,9922,ClassCap,8372,3791,8372,8429,9722,0.0202,true
glyph16:U+0071,glyph,5046,5000,8908,1.7816,4992,2802,ClassCap,9172,ClassCap,8177,3632,8177,8226,8958,0.0233,true
glyph16:U+0072,glyph,2456,5000,13614,2.7228,4912,1804,ClassCap,4180,ClassCap,10363,2931,10363,10695,3977,0.0486,true
glyph16:U+0073,glyph,6929,5000,7810,1.5620,5000,3201,ClassCap,12680,ClassCap,7762,4147,7762,7843,12487,0.0152,true
glyph16:U+0074,glyph,2421,5000,13655,2.7311,4905,1796,ClassCap,4109,ClassCap,10576,2976,10576,10849,3912,0.0479,true
glyph16:U+0075,glyph,2493,5000,13538,2.7076,4898,1809,ClassCap,4153,ClassCap,10078,2893,10078,10354,3955,0.0477,true
glyph16:U+0076,glyph,1115,5000,17919,3.5838,4236,1182,ClassCap,1760,ClassCap,15702,2831,15702,16443,1989,-0.1301,true
glyph16:U+0077,glyph,3663,5000,9906,1.9811,4937,2492,ClassCap,6602,ClassCap,9439,2802,9439,9850,6225,0.0571,true
glyph16:U+0078,glyph,343,5000,28952,5.7903,3590,620,ClassCap,639,ClassCap,17695,2138,17695,18327,431,0.3255,true
glyph16:U+0079,glyph,3530,5000,10088,2.0177,4915,2436,ClassCap,6403,ClassCap,9658,2831,9658,10003,5928,0.0742,true
glyph16:U+007A,glyph,255,5000,36580,7.3159,3358,459,ClassCap,393,ClassCap,22734,2487,22734,23425,345,0.1221,true
glyph16:U+007B,glyph,4598,5000,9250,1.8500,4984,2694,ClassCap,8205,ClassCap,9087,3279,9087,9457,7663,0.0661,true
glyph16:U+007D,glyph,4598,5000,9269,1.8538,4983,2688,ClassCap,8215,ClassCap,9089,3251,9089,9485,7663,0.0672,true
glyph16:U+007E,glyph,5093,5000,8883,1.7767,4996,2812,ClassCap,9370,ClassCap,8274,3678,8274,8326,9150,0.0235,true
glyph32:U+0021,glyph,1927,5000,17393,3.4786,4703,1352,ClassCap,3125,ClassCap,14143,2729,14143,14704,3012,0.0362,true
glyph32:U+0022,glyph,199,5000,34299,6.8599,2888,421,ClassCap,310,ClassCap,23956,2784,23956,24431,214,0.3097,true
glyph32:U+0023,glyph,615,5000,26084,5.2167,4309,826,ClassCap,1014,ClassCap,14002,2034,14002,14609,920,0.0927,true
glyph32:U+0024,glyph,7185,5000,7702,1.5404,5000,3246,ClassCap,13131,ClassCap,7668,4182,7668,7744,12898,0.0177,true
glyph32:U+0025,glyph,7327,5000,7847,1.5694,5000,3186,ClassCap,12640,ClassCap,7794,4120,7794,7873,12430,0.0166,true
glyph32:U+0026,glyph,9420,5000,5803,1.1606,5000,4308,ClassCap,17979,ClassCap,5803,4247,5803,5872,17674,0.0170,true
glyph32:U+0027,glyph,127,5000,30636,6.1271,3566,582,ClassCap,171,ClassCap,21323,2404,21323,21743,133,0.2222,true
glyph32:U+0028,glyph,1855,5000,17110,3.4220,4719,1379,ClassCap,3039,ClassCap,13876,2719,13876,14391,2968,0.0234,true
glyph32:U+0029,glyph,1855,5000,17119,3.4238,4718,1378,ClassCap,3039,ClassCap,14129,2769,14129,14647,2968,0.0234,true
glyph32:U+002A,glyph,559,5000,22355,4.4711,4480,1002,ClassCap,1143,ClassCap,12316,1841,12316,12889,1003,0.1225,true
glyph32:U+002B,glyph,247,5000,42111,8.4221,2055,244,ClassCap,319,Quiesced,2346,254,2346,2536,319,0.0000,false
glyph32:U+002C,glyph,1694,5000,17123,3.4246,4678,1366,ClassCap,2779,ClassCap,13075,2578,13075,13540,2695,0.0302,true
glyph32:U+002E,glyph,1855,5000,17286,3.4572,4681,1354,ClassCap,2881,ClassCap,14252,2694,14251,14838,2768,0.0392,true
glyph32:U+002F,glyph,127,5000,38523,7.7047,3444,447,ClassCap,166,ClassCap,22170,2385,22169,22816,134,0.1928,true
glyph32:U+0030,glyph,5402,5000,8612,1.7224,5000,2903,ClassCap,9970,ClassCap,8354,3773,8354,8414,9768,0.0203,true
glyph32:U+0031,glyph,1452,5000,16697,3.3394,4418,1323,ClassCap,2520,ClassCap,12107,2352,12107,12696,2438,0.0325,true
glyph32:U+0032,glyph,3891,5000,9761,1.9522,4945,2533,ClassCap,6980,ClassCap,9266,2892,9266,9641,6539,0.0632,true
glyph32:U+0033,glyph,6993,5000,7791,1.5581,5000,3209,ClassCap,12797,ClassCap,7746,4165,7746,7834,12605,0.0150,true
glyph32:U+0034,glyph,1637,5000,17042,3.4084,4557,1337,ClassCap,2751,ClassCap,14107,2832,14107,14645,2671,0.0291,true
glyph32:U+0035,glyph,4546,5000,9283,1.8565,4981,2683,ClassCap,8145,ClassCap,9088,3240,9088,9461,7553,0.0727,true
glyph32:U+0036,glyph,8067,5000,6825,1.3650,5000,3663,ClassCap,15249,ClassCap,6825,4138,6825,6930,14836,0.0271,true
glyph32:U+0037,glyph,191,5000,37016,7.4032,2791,377,ClassCap,288,ClassCap,22837,2678,22837,23488,240,0.1667,true
glyph32:U+0038,glyph,9774,5000,5656,1.1312,5000,4420,ClassCap,18500,ClassCap,5656,4400,5656,5678,18400,0.0054,true
glyph32:U+0039,glyph,8267,5000,6624,1.3249,5000,3774,ClassCap,15698,ClassCap,6624,4102,6624,6701,15139,0.0356,true
glyph32:U+003A,glyph,3655,5000,10497,2.0995,4854,2312,ClassCap,6228,ClassCap,9702,2838,9702,10010,5774,0.0729,true
glyph32:U+003B,glyph,3494,5000,10522,2.1045,4855,2307,ClassCap,6080,ClassCap,9667,2832,9667,9943,5609,0.0775,true
glyph32:U+003C,glyph,295,5000,32107,6.4214,2697,420,ClassCap,514,Quiesced,4348,457,4348,4630,394,0.2335,false
glyph32:U+003E,glyph,295,5000,32197,6.4394,2711,421,ClassCap,519,Quiesced,4361,458,4361,4640,399,0.2312,false
glyph32:U+003F,glyph,6716,5000,7872,1.5743,5000,3176,ClassCap,12176,ClassCap,7809,4106,7809,7889,11985,0.0157,true
glyph32:U+0040,glyph,12056,5000,5001,1.0000,5226,5226,ClassCap,23527,ClassCap,5226,5226,5226,5226,23527,0.0000,true
glyph32:U+0041,glyph,1605,5000,16825,3.3649,4509,1340,ClassCap,2672,ClassCap,13043,2589,13043,13563,2598,0.0277,true
glyph32:U+0042,glyph,4470,5000,9387,1.8774,4975,2650,ClassCap,7970,ClassCap,9132,3231,9132,9498,7432,0.0675,true
glyph32:U+0043,glyph,5129,5000,8827,1.7654,4996,2830,ClassCap,9459,ClassCap,8229,3689,8229,8280,9252,0.0219,true
glyph32:U+0044,glyph,2606,5000,11296,2.2592,4367,1933,ClassCap,4506,ClassCap,9727,2761,9727,10011,4230,0.0613,true
glyph32:U+0045,glyph,247,5000,37656,7.5312,2779,369,ClassCap,335,ClassCap,28615,3015,28615,29406,335,0.0000,true
glyph32:U+0046,glyph,215,5000,38394,7.6788,2534,330,ClassCap,285,ClassCap,27851,2959,27851,28628,285,0.0000,true
glyph32:U+0047,glyph,4563,5000,9245,1.8490,4983,2695,ClassCap,8262,ClassCap,9075,3295,9075,9417,7642,0.0750,true
glyph32:U+0048,glyph,247,5000,37935,7.5870,2792,368,ClassCap,314,ClassCap,22781,2259,22781,23446,306,0.0255,true
glyph32:U+0049,glyph,391,5000,30248,6.0496,3418,565,ClassCap,626,ClassCap,20209,2451,20209,20774,506,0.1917,true
glyph32:U+004A,glyph,2425,5000,11461,2.2923,4282,1868,ClassCap,4339,ClassCap,9766,2696,9766,10060,3926,0.0952,true
glyph32:U+004B,glyph,617,5000,24746,4.9492,4578,925,ClassCap,1047,ClassCap,19274,3247,19274,20086,1106,-0.0564,true
glyph32:U+004C,glyph,151,5000,39905,7.9810,3360,421,ClassCap,185,ClassCap,27125,2882,27125,27901,185,0.0000,true
glyph32:U+004D,glyph,2345,5000,14427,2.8855,4914,1703,ClassCap,4133,ClassCap,11309,3174,11309,11739,3977,0.0377,true
glyph32:U+004E,glyph,1399,5000,17558,3.5117,4653,1325,ClassCap,2457,ClassCap,15189,2938,15189,15795,2390,0.0273,true
glyph32:U+004F,glyph,5945,5000,8317,1.6633,5000,3006,ClassCap,10769,ClassCap,8129,3936,8129,8207,10539,0.0214,true
glyph32:U+0050,glyph,2409,5000,14236,2.8471,4880,1714,ClassCap,3990,ClassCap,9889,2849,9889,10169,3801,0.0474,true
glyph32:U+0051,glyph,6053,5000,8254,1.6507,5000,3029,ClassCap,10749,ClassCap,8087,3953,8087,8145,10532,0.0202,true
glyph32:U+0052,glyph,2710,5000,11273,2.2545,4509,2000,ClassCap,4725,ClassCap,9893,2817,9893,10183,4443,0.0597,true
glyph32:U+0053,glyph,7616,5000,7323,1.4646,5000,3414,ClassCap,14066,ClassCap,7314,4163,7314,7412,13957,0.0077,true
glyph32:U+0054,glyph,183,5000,37687,7.5375,3520,467,ClassCap,227,ClassCap,27586,2884,27586,28364,227,0.0000,true
glyph32:U+0055,glyph,2899,5000,11270,2.2540,4686,2079,ClassCap,5170,ClassCap,9916,2814,9916,10167,4701,0.0907,true
glyph32:U+0056,glyph,1573,5000,17491,3.4981,4614,1319,ClassCap,2647,ClassCap,13607,2605,13607,14148,2552,0.0359,true
glyph32:U+0057,glyph,7232,5000,7643,1.5286,5000,3271,ClassCap,13499,ClassCap,7623,4205,7623,7734,13231,0.0199,true
glyph32:U+0058,glyph,343,5000,28718,5.7436,3607,628,ClassCap,652,ClassCap,17387,2113,17387,18006,452,0.3067,true
glyph32:U+0059,glyph,263,5000,32573,6.5146,2684,412,ClassCap,437,ClassCap,20150,2234,20150,20782,317,0.2746,true
glyph32:U+005A,glyph,255,5000,36648,7.3297,3357,458,ClassCap,393,ClassCap,22783,2497,22783,23474,345,0.1221,true
glyph32:U+005C,glyph,127,5000,38523,7.7047,3444,447,ClassCap,166,ClassCap,22170,2385,22169,22816,134,0.1928,true
glyph32:U+005E,glyph,199,5000,34417,6.8833,2891,420,ClassCap,319,ClassCap,23932,2737,23932,24407,223,0.3009,true
glyph32:U+005F,glyph,119,5000,46636,9.3271,2994,321,ClassCap,129,ClassCap,19539,1297,19539,20281,129,0.0000,true
glyph32:U+0060,glyph,1722,5000,17470,3.4940,4689,1342,ClassCap,2827,ClassCap,13714,2547,13714,14238,2725,0.0361,true
glyph32:U+0061,glyph,5743,5000,8314,1.6628,5000,3007,ClassCap,10612,ClassCap,8122,3938,8122,8181,10414,0.0187,true
glyph32:U+0062,glyph,5129,5000,8844,1.7688,4995,2824,ClassCap,9434,ClassCap,8182,3674,8182,8231,9228,0.0218,true
glyph32:U+0063,glyph,4671,5000,9230,1.8459,4984,2700,ClassCap,8419,ClassCap,7867,3481,7867,7910,8409,0.0012,true
glyph32:U+0064,glyph,5864,5000,8273,1.6545,5000,3022,ClassCap,10763,ClassCap,8102,3961,8102,8166,10560,0.0189,true
glyph32:U+0065,glyph,4872,5000,9068,1.8135,4989,2751,ClassCap,8766,ClassCap,8032,3580,8032,8077,8756,0.0011,true
glyph32:U+0066,glyph,2364,5000,14507,2.9013,4880,1682,ClassCap,3955,ClassCap,10054,2821,10054,10345,3754,0.0508,true
glyph32:U+0067,glyph,7009,5000,7793,1.5586,5000,3208,ClassCap,12799,ClassCap,7747,4164,7747,7817,12607,0.0150,true
glyph32:U+0068,glyph,2931,5000,11328,2.2656,4717,2082,ClassCap,5045,ClassCap,10045,2832,10045,10341,4751,0.0583,true
glyph32:U+0069,glyph,2123,5000,16244,3.2488,4727,1455,ClassCap,3510,ClassCap,14176,2948,14176,14744,3308,0.0575,true
glyph32:U+006A,glyph,4293,5000,9571,1.9141,4971,2597,ClassCap,7523,ClassCap,9193,3060,9193,9562,7021,0.0667,true
glyph32:U+006B,glyph,1460,5000,17075,3.4150,4460,1306,ClassCap,2517,ClassCap,12555,2448,12555,13072,2409,0.0429,true
glyph32:U+006C,glyph,323,5000,32195,6.4390,3007,467,ClassCap,522,ClassCap,20312,2233,20312,21028,431,0.1743,true
glyph32:U+006D,glyph,5289,5000,8750,1.7500,4998,2856,ClassCap,9624,ClassCap,8512,3778,8512,8576,9128,0.0515,true
glyph32:U+006E,glyph,2264,5000,14795,2.9589,4826,1631,ClassCap,3759,ClassCap,13436,3054,13436,13897,3592,0.0444,true
glyph32:U+006F,glyph,5716,5000,8483,1.6966,5000,2947,ClassCap,10262,ClassCap,8224,3814,8224,8278,10042,0.0214,true
glyph32:U+0070,glyph,5406,5000,8616,1.7232,4999,2901,ClassCap,9922,ClassCap,8372,3791,8372,8429,9722,0.0202,true
glyph32:U+0071,glyph,5046,5000,8908,1.7816,4992,2802,ClassCap,9172,ClassCap,8177,3632,8177,8226,8958,0.0233,true
glyph32:U+0072,glyph,2456,5000,13614,2.7228,4912,1804,ClassCap,4180,ClassCap,10363,2931,10363,10695,3977,0.0486,true
glyph32:U+0073,glyph,6929,5000,7810,1.5620,5000,3201,ClassCap,12680,ClassCap,7762,4147,7762,7843,12487,0.0152,true
glyph32:U+0074,glyph,2421,5000,13655,2.7311,4905,1796,ClassCap,4109,ClassCap,10576,2976,10576,10849,3912,0.0479,true
glyph32:U+0075,glyph,2493,5000,13538,2.7076,4898,1809,ClassCap,4153,ClassCap,10078,2893,10078,10354,3955,0.0477,true
glyph32:U+0076,glyph,1115,5000,17919,3.5838,4236,1182,ClassCap,1760,ClassCap,15702,2831,15702,16443,1989,-0.1301,true
glyph32:U+0077,glyph,3663,5000,9906,1.9811,4937,2492,ClassCap,6602,ClassCap,9439,2802,9439,9850,6225,0.0571,true
glyph32:U+0078,glyph,343,5000,28952,5.7903,3590,620,ClassCap,639,ClassCap,17695,2138,17695,18327,431,0.3255,true
glyph32:U+0079,glyph,3530,5000,10088,2.0177,4915,2436,ClassCap,6403,ClassCap,9658,2831,9658,10003,5928,0.0742,true
glyph32:U+007A,glyph,255,5000,36580,7.3159,3358,459,ClassCap,393,ClassCap,22734,2487,22734,23425,345,0.1221,true
glyph32:U+007B,glyph,4598,5000,9250,1.8500,4984,2694,ClassCap,8205,ClassCap,9087,3279,9087,9457,7663,0.0661,true
glyph32:U+007D,glyph,4598,5000,9269,1.8538,4983,2688,ClassCap,8215,ClassCap,9089,3251,9089,9485,7663,0.0672,true
glyph32:U+007E,glyph,5093,5000,8883,1.7767,4996,2812,ClassCap,9370,ClassCap,8274,3678,8274,8326,9150,0.0235,true
psychedelic,psychedelic,102,5000,25618,5.1237,4847,946,ClassCap,766,ClassCap,23798,3454,23798,24660,816,-0.0653,true
shader:cosine_palette,shader,40,2000,18639,3.7278,1767,474,ClassCap,296,ClassCap,17011,2720,17011,18099,292,0.0135,true
shader:domain_warp_fbm,shader,84,5000,18382,3.6763,4577,1245,ClassCap,444,ClassCap,17591,4307,17591,17978,422,0.0495,true
shader:julia_set,shader,122,5000,27674,5.5348,4533,819,ClassCap,716,ClassCap,22546,3708,22546,23330,631,0.1187,true
shader:mandelbrot_distance,shader,152,5000,44313,8.8627,3678,415,ClassCap,576,Quiesced,6260,237,6260,6748,595,-0.0330,false
shader:metaballs,shader,62,5000,45175,9.0350,2584,286,ClassCap,158,ClassCap,31702,4155,31702,33082,230,-0.4557,true
shader:plasma,shader,41,2000,27113,5.4226,1822,336,ClassCap,363,ClassCap,17930,1533,17930,18639,363,0.0000,true
shader:smooth_min_scene,shader,43,2000,38094,7.6188,1219,160,ClassCap,136,ClassCap,12077,584,12077,12325,124,0.0882,true
shader:star_sdf,shader,66,5000,30285,6.0570,3828,632,ClassCap,169,ClassCap,22858,2806,22858,25124,169,0.0000,true
shader:torus_slice,shader,42,2000,38886,7.7771,1291,166,ClassCap,141,Quiesced,3009,200,3009,3230,141,0.0000,false
synth_d3_s23,synthetic,35,2000,25586,5.1171,1704,333,ClassCap,132,ClassCap,14039,845,14039,14657,132,0.0000,true
synth_d5_s11,synthetic,81,5000,50358,10.0716,3656,363,ClassCap,851,Quiesced,4257,338,4257,4523,851,0.0000,false
synth_d7_s8,synthetic,122,5000,40912,8.1825,3453,422,ClassCap,1387,Quiesced,15113,599,15113,15688,1387,0.0000,false
synth_d7_s11,synthetic,73,5000,36563,7.3126,3532,483,ClassCap,970,Quiesced,8057,494,8057,8518,970,0.0000,false
synth_d7_s12,synthetic,93,5000,36206,7.2412,2462,340,ClassCap,1112,ClassCap,13018,1014,13018,13085,1115,-0.0027,true
synth_d7_s13,synthetic,217,5000,24624,4.9248,4324,878,ClassCap,2386,ClassCap,16034,1822,16034,17849,2386,0.0000,true
synth_d7_s14,synthetic,72,5000,46039,9.2077,3812,414,ClassCap,680,Quiesced,17624,667,17624,18389,680,0.0000,false
synth_d7_s17,synthetic,137,5000,34937,6.9875,2229,319,ClassCap,1803,ClassCap,10112,469,10112,10170,1803,0.0000,true
synth_d7_s19,synthetic,105,5000,44052,8.8104,2881,327,ClassCap,1931,Quiesced,3148,320,3148,3310,1931,0.0000,false
synth_d7_s23,synthetic,122,5000,36423,7.2846,3584,492,ClassCap,2351,Quiesced,7537,465,7537,7897,2351,0.0000,false
synth_d7_s26,synthetic,123,5000,23390,4.6781,4650,994,ClassCap,1786,ClassCap,21611,2920,21611,22502,1786,0.0000,true
synth_d7_s28,synthetic,146,5000,39366,7.8732,3228,410,ClassCap,2311,Quiesced,7096,399,7096,7710,2311,0.0000,false
synth_d7_s31,synthetic,135,5000,28304,5.6608,4189,740,ClassCap,1582,ClassCap,20734,2309,20734,22393,1582,0.0000,true
synth_d9_s0,synthetic,318,5000,20421,4.0842,3541,867,ClassCap,4257,ClassCap,18168,3327,18168,19533,4257,0.0000,true
synth_d9_s8,synthetic,188,5000,19853,3.9706,4320,1088,ClassCap,1946,ClassCap,17380,3371,17380,17773,1946,0.0000,true
synth_d9_s13,synthetic,297,5000,24502,4.9004,3543,723,ClassCap,4618,ClassCap,17998,2360,17998,19177,4641,-0.0050,true
synth_d9_s24,synthetic,206,5000,36943,7.3885,3613,489,ClassCap,3157,Quiesced,14332,667,14332,14925,3157,0.0000,false
synth_d9_s25,synthetic,764,5000,16219,3.2438,3539,1091,ClassCap,10496,ClassCap,14945,3092,14945,15584,10557,-0.0058,true
synth_d9_s29,synthetic,371,5000,21181,4.2362,4609,1088,ClassCap,4999,ClassCap,18301,3832,18301,19075,5000,-0.0002,true
synth_d9_s32,synthetic,318,5000,26925,5.3851,4405,818,ClassCap,4175,ClassCap,19830,1926,19830,20721,4179,-0.0010,true
synth_d11_s1,synthetic,206,5000,30288,6.0576,3998,660,ClassCap,2962,ClassCap,16053,997,16053,16836,2962,0.0000,true
synth_d11_s3,synthetic,835,5000,19162,3.8324,4664,1217,ClassCap,11719,ClassCap,17511,3553,17511,18341,11728,-0.0008,true
synth_d11_s5,synthetic,456,5000,23577,4.7153,4588,973,ClassCap,6816,ClassCap,15698,3418,15698,16062,6816,0.0000,true
synth_d11_s7,synthetic,454,5000,26426,5.2853,3298,624,ClassCap,7254,ClassCap,11981,872,11981,12530,7258,-0.0006,true
synth_d11_s8,synthetic,372,5000,24376,4.8752,3983,817,ClassCap,4916,ClassCap,16067,1848,16067,16896,4916,0.0000,true
synth_d11_s12,synthetic,329,5000,24855,4.9710,2401,483,ClassCap,5020,ClassCap,8969,1054,8969,9005,5024,-0.0008,true
synth_d11_s14,synthetic,636,5000,18306,3.6612,4463,1219,ClassCap,7675,ClassCap,13732,2522,13732,14492,7974,-0.0390,true
synth_d11_s15,synthetic,181,5000,29166,5.8331,4369,749,ClassCap,2975,ClassCap,20870,1818,20870,22733,2975,0.0000,true
synth_d11_s16,synthetic,135,5000,27934,5.5868,4151,743,ClassCap,1729,ClassCap,19413,1452,19413,20285,1729,0.0000,true
synth_d11_s18,synthetic,221,5000,26873,5.3747,1951,363,ClassCap,2144,ClassCap,11612,1226,11612,11787,2140,0.0019,true
synth_d11_s20,synthetic,252,5000,19365,3.8730,4543,1173,ClassCap,3283,ClassCap,17120,3378,17120,18437,3283,0.0000,true
synth_d11_s23,synthetic,221,5000,21757,4.3514,4247,976,ClassCap,2569,ClassCap,17484,2511,17484,18907,2403,0.0646,true
synth_d11_s24,synthetic,495,5000,22824,4.5647,4373,958,ClassCap,7514,ClassCap,19418,3614,19418,20160,7514,0.0000,true
synth_d11_s27,synthetic,289,5000,34036,6.8071,2859,420,ClassCap,4665,Quiesced,3112,416,3112,3214,4665,0.0000,false
synth_d11_s29,synthetic,808,5000,20735,4.1471,3948,952,ClassCap,10296,Quiesced,9655,1109,9655,10141,10296,0.0000,false
synth_d11_s31,synthetic,279,5000,24426,4.8853,4514,924,ClassCap,3763,ClassCap,19024,3046,19024,20561,3763,0.0000,true
synth_d11_s32,synthetic,414,5000,27091,5.4181,3408,629,ClassCap,5595,ClassCap,12316,879,12316,12898,5595,0.0000,true
synth_d11_s34,synthetic,265,5000,28119,5.6239,3678,654,ClassCap,3781,Quiesced,10315,697,10315,10768,3786,-0.0013,false
synth_d11_s37,synthetic,216,5000,25162,5.0324,4348,864,ClassCap,3496,ClassCap,15812,1572,15812,16542,3496,0.0000,true
synth_d11_s39,synthetic,475,5000,21581,4.3161,3509,813,ClassCap,6791,ClassCap,12791,1188,12791,14224,6790,0.0001,true
