kernel,family,b_lo,b_hi,live_lo,live_hi,objective_witness,objective_greedy,delta_objective,dag_witness,dag_greedy,delta_dag,occupied,merges,divergences,frontier,best_single_swap,greedy_swaps,swaps_accepted,witness_kind,realizable,first_class,first_label,first_stage,first_rule
shader_smooth_min_scene,shader,5000,50000,39,39,7345152,6755349,589803,132,144,-12,39,0,5,2,6755349,6755349,0,static-only,n/a (static-only),20,TIE,min-of-two,seed
shader_smooth_min_scene,shader,10000,50000,39,39,7345152,6755349,589803,132,144,-12,39,0,5,2,6755349,6755349,0,static-only,n/a (static-only),20,TIE,min-of-two,seed
shader_smooth_min_scene,shader,20000,50000,39,39,7345152,6755349,589803,132,144,-12,39,0,7,2,6755349,6755349,0,static-only,n/a (static-only),20,TIE,min-of-two,seed
shader_smooth_min_scene,shader,5000,100000,39,39,7345152,6755349,589803,132,144,-12,39,0,5,2,6755349,6755349,0,static-only,n/a (static-only),20,TIE,min-of-two,seed
shader_smooth_min_scene,shader,10000,100000,39,39,7345152,6755349,589803,132,144,-12,39,0,5,2,6755349,6755349,0,static-only,n/a (static-only),20,TIE,min-of-two,seed
shader_smooth_min_scene,shader,20000,100000,39,39,7345152,6755349,589803,132,144,-12,39,0,7,2,6755349,6755349,0,static-only,n/a (static-only),20,TIE,min-of-two,seed
shader_mandelbrot_distance,shader,5000,10000,96,105,32707328,35067648,-2360320,518,558,-40,96,0,26,3,34805504,34805248,2,objective,PARTIAL,84,CYCLE-PRICED,repair,seed
shader_mandelbrot_distance,shader,5000,20000,96,115,32707328,37492480,-4785152,518,595,-77,96,0,27,3,37230336,37230080,2,objective,PARTIAL,84,CYCLE-PRICED,repair,seed
shader_mandelbrot_distance,shader,10000,20000,105,115,35067648,37492480,-2424832,558,595,-37,105,0,16,3,37295872,37295872,1,objective,PARTIAL,35,CYCLE-PRICED,repair,associative(Add)
shader_mandelbrot_distance,shader,5000,50000,96,115,32707328,37492480,-4785152,518,595,-77,96,0,27,3,37230336,37230080,2,objective,PARTIAL,84,CYCLE-PRICED,repair,seed
shader_mandelbrot_distance,shader,10000,50000,105,115,35067648,37492480,-2424832,558,595,-37,105,0,16,3,37295872,37295872,1,objective,PARTIAL,35,CYCLE-PRICED,repair,associative(Add)
shader_mandelbrot_distance,shader,5000,100000,96,115,32707328,37492480,-4785152,518,595,-77,96,0,27,3,37230336,37230080,2,objective,PARTIAL,84,CYCLE-PRICED,repair,seed
shader_mandelbrot_distance,shader,10000,100000,105,115,35067648,37492480,-2424832,558,595,-37,105,0,16,3,37295872,37295872,1,objective,PARTIAL,35,CYCLE-PRICED,repair,associative(Add)
shader_domain_warp_fbm,shader,10000,20000,56,62,26286596,27205376,-918780,431,446,-15,56,0,10,3,26943232,26943232,1,objective,PARTIAL,3519,COORDINATED,dp,constant-fold
shader_domain_warp_fbm,shader,10000,50000,56,59,26286596,26876164,-589568,431,439,-8,56,0,11,3,26614020,26614020,1,objective,PARTIAL,3519,COORDINATED,dp,constant-fold
shader_domain_warp_fbm,shader,10000,100000,56,58,26286596,26941696,-655100,431,436,-5,56,0,12,3,26941696,26941696,0,objective,COORDINATED,3519,COORDINATED,dp,constant-fold
shader_domain_warp_fbm,shader,50000,100000,59,58,26876164,26941696,-65532,439,436,3,59,0,3,2,26941696,26941696,0,objective,COORDINATED,17272,COORDINATED,dp,constant-fold
shader_metaballs,shader,5000,50000,50,75,7740672,9530880,-1790208,155,255,-100,48,2,9,3,9268736,9260288,2,objective,PARTIAL,15,CYCLE-PRICED,repair,seed
shader_metaballs,shader,10000,50000,46,75,7281920,9530880,-2248960,140,255,-115,46,0,7,3,9268736,9260288,2,objective,PARTIAL,35,CYCLE-PRICED,repair,distribute
shader_metaballs,shader,20000,50000,45,75,7019776,9530880,-2511104,136,255,-119,45,0,7,3,9268736,9260288,2,objective,PARTIAL,35,CYCLE-PRICED,repair,distribute
shader_metaballs,shader,5000,100000,50,73,7740672,14496000,-6755328,155,270,-115,48,2,10,3,13578496,12655872,3,objective,PARTIAL,15,CYCLE-PRICED,repair,seed
shader_metaballs,shader,10000,100000,46,73,7281920,14496000,-7214080,140,270,-130,46,0,8,3,13578496,12655872,3,objective,PARTIAL,35,CYCLE-PRICED,repair,associative(Mul)
shader_metaballs,shader,20000,100000,45,73,7019776,14496000,-7476224,136,270,-134,45,0,8,3,13578496,12655872,3,objective,PARTIAL,35,CYCLE-PRICED,repair,associative(Mul)
shader_metaballs,shader,50000,100000,75,73,9530880,14496000,-4965120,255,270,-15,75,0,22,6,13840640,13840640,1,objective,PARTIAL,114,CYCLE-PRICED,repair,distribute
shader_julia_set,shader,5000,10000,123,140,45226752,50663936,-5437184,717,791,-74,123,0,37,4,50598400,50598400,1,objective,PARTIAL,27,COORDINATED,min-of-two,factor
shader_julia_set,shader,5000,50000,123,170,45226752,55980544,-10753792,717,904,-187,123,0,46,3,54933248,54669824,2,objective,PARTIAL,743,CYCLE-PRICED,min-of-two,associative(Mul)
shader_julia_set,shader,10000,50000,140,170,50663936,55980544,-5316608,791,904,-113,140,0,63,4,55259648,54668544,2,objective,PARTIAL,2493,CYCLE-PRICED,min-of-two,reverse-associative(Add)
shader_julia_set,shader,20000,50000,118,170,43459072,55980544,-12521472,697,904,-207,118,0,35,3,54933248,54933248,1,objective,PARTIAL,743,CYCLE-PRICED,min-of-two,associative(Mul)
shader_julia_set,shader,5000,100000,123,174,45226752,61214208,-15987456,717,948,-231,123,0,49,4,60952064,60952064,1,objective,PARTIAL,205,CYCLE-PRICED,repair,fma-fusion
shader_julia_set,shader,10000,100000,140,174,50663936,61214208,-10550272,791,948,-157,140,0,71,4,60296704,60296704,1,objective,PARTIAL,2493,CYCLE-PRICED,repair,factor
shader_julia_set,shader,20000,100000,118,174,43459072,61214208,-17755136,697,948,-251,118,0,50,4,60689920,60689920,1,objective,PARTIAL,205,CYCLE-PRICED,repair,fma-fusion
shader_julia_set,shader,50000,100000,170,174,53685760,61214208,-7528448,904,948,-44,162,8,73,4,60689920,60689920,1,objective,PARTIAL,205,CYCLE-PRICED,repair,fma-fusion
psychedelic_packed,psychedelic,5000,10000,112,111,750939309,750944705,-5396,825,826,-1,112,0,1,1,750939309,750939309,1,objective,REALIZABLE-1,1266,DISTRACTOR,min-of-two,reverse-associative(Add)
psychedelic_packed,psychedelic,5000,20000,112,111,750939309,750944708,-5399,825,829,-4,112,0,2,2,750939308,750939308,1,objective,REALIZABLE-1,110,COORDINATED,dp,constant-fold
psychedelic_packed,psychedelic,10000,20000,111,111,750944705,750944708,-3,826,829,-3,111,0,2,2,750944704,750944704,1,objective,REALIZABLE-1,110,COORDINATED,dp,constant-fold
psychedelic_packed,psychedelic,5000,50000,112,111,750939309,750944708,-5399,825,829,-4,112,0,2,2,750939308,750939308,1,objective,REALIZABLE-1,110,COORDINATED,dp,constant-fold
psychedelic_packed,psychedelic,10000,50000,111,111,750944705,750944708,-3,826,829,-3,111,0,2,2,750944704,750944704,1,objective,REALIZABLE-1,110,COORDINATED,dp,constant-fold
psychedelic_packed,psychedelic,5000,100000,112,111,750939309,750944708,-5399,825,829,-4,112,0,2,2,750939308,750939308,1,objective,REALIZABLE-1,110,COORDINATED,dp,constant-fold
psychedelic_packed,psychedelic,10000,100000,111,111,750944705,750944708,-3,826,829,-3,111,0,2,2,750944704,750944704,1,objective,REALIZABLE-1,110,COORDINATED,dp,constant-fold
glyph16_U0023,glyph16,5000,10000,272,276,102121,106101,-3980,1051,1071,-20,271,1,45,18,106101,106101,0,objective,COORDINATED,659,COORDINATED,dp,associative(Mul)
glyph16_U0025,glyph16,5000,10000,3921,3870,989044,880963,108081,17484,17563,-79,3755,166,133,2,880963,880963,0,static-only,n/a (static-only),16,COORDINATED,dp,fma-fusion
glyph16_U0026,glyph16,5000,10000,3509,3522,881823,766141,115682,15451,15751,-300,3367,142,203,3,766140,766140,1,static-only,n/a (static-only),16,COORDINATED,dp,fma-fusion
glyph16_U0028,glyph16,10000,20000,732,749,175188,156675,18513,3138,3285,-147,732,0,107,23,156606,156015,10,static-only,n/a (static-only),798,SHARING,dp,seed
glyph16_U0029,glyph16,10000,20000,674,694,162953,145703,17250,2903,3053,-150,674,0,97,24,145549,145081,8,static-only,n/a (static-only),719,SHARING,dp,seed
glyph16_U002A,glyph16,5000,10000,302,304,92732,103236,-10504,1204,1236,-32,294,8,52,12,103236,103236,0,objective,COORDINATED,2259,COORDINATED,dp,constant-fold
glyph16_U0030,glyph16,5000,10000,2408,2491,573199,528926,44273,10954,11351,-397,2408,0,308,2,528926,528926,0,static-only,n/a (static-only),17,COORDINATED,dp,fma-fusion
glyph16_U0033,glyph16,5000,10000,2548,2630,603358,554065,49293,11458,11845,-387,2548,0,282,2,554065,554065,0,static-only,n/a (static-only),17,COORDINATED,dp,fma-fusion
glyph16_U0036,glyph16,5000,10000,2527,2607,585706,541164,44542,11401,11784,-383,2527,0,293,2,541164,541164,0,static-only,n/a (static-only),17,COORDINATED,dp,fma-fusion
glyph16_U0038,glyph16,5000,10000,3325,3368,848269,732681,115588,14789,15261,-472,3203,122,212,2,732681,732681,0,static-only,n/a (static-only),16,COORDINATED,dp,fma-fusion
glyph16_U0039,glyph16,5000,10000,2547,2634,588458,544225,44233,11498,11905,-407,2547,0,277,2,544225,544225,0,static-only,n/a (static-only),17,COORDINATED,dp,fma-fusion
glyph16_U0044,glyph16,10000,20000,752,825,188905,188377,528,3235,3622,-387,752,0,108,19,188313,187993,6,static-only,n/a (static-only),929,COORDINATED,dp,associative(Add)
glyph16_U004A,glyph16,10000,20000,794,845,204499,199249,5250,3349,3649,-300,794,0,106,26,199180,198589,10,static-only,n/a (static-only),871,SHARING,dp,seed
glyph16_U0053,glyph16,5000,10000,2623,2728,611816,563828,47988,11756,12233,-477,2623,0,279,2,563828,563828,0,static-only,n/a (static-only),17,COORDINATED,dp,fma-fusion
glyph16_U0058,glyph16,5000,10000,205,203,59972,61528,-1556,842,838,4,205,0,26,16,61523,61488,8,objective,PARTIAL,440,DISTRACTOR,dp,fma-fusion
glyph16_U0058,glyph16,5000,20000,205,184,59972,61328,-1356,842,638,204,205,0,40,16,61328,61328,0,objective,COORDINATED,440,COORDINATED,dp,fma-fusion
glyph16_U005E,glyph16,5000,10000,117,111,33996,34084,-88,441,409,32,117,0,11,7,34084,34084,0,objective,COORDINATED,112,COORDINATED,dp,constant-fold
glyph16_U005E,glyph16,5000,20000,117,107,33996,34024,-28,441,349,92,117,0,15,7,34024,34024,0,objective,COORDINATED,112,COORDINATED,dp,constant-fold
glyph16_U0066,glyph16,5000,20000,447,526,124447,117133,7314,1821,2158,-337,438,9,106,7,117069,117069,1,static-only,n/a (static-only),16,LOCAL-MISS,repair,fma-fusion
glyph16_U0066,glyph16,10000,20000,456,526,118376,117133,1243,1875,2158,-283,444,12,76,8,117069,117069,1,static-only,n/a (static-only),27,TIE,dp,distribute
glyph16_U006A,glyph16,5000,20000,450,488,123683,113181,10502,1828,1956,-128,441,9,110,8,113053,113053,1,static-only,n/a (static-only),44,CYCLE-PRICED,dp,constant-fold
glyph16_U006C,glyph16,5000,10000,432,437,118623,112182,6441,1773,1827,-54,432,0,49,13,112113,111916,4,static-only,n/a (static-only),529,COORDINATED,dp,associative(Add)
glyph16_U006C,glyph16,5000,20000,432,526,118048,111597,6451,1773,2172,-399,426,6,109,7,111533,111533,1,static-only,n/a (static-only),590,COORDINATED,dp,constant-fold
glyph16_U006C,glyph16,10000,20000,437,526,111907,111597,310,1827,2172,-345,429,8,80,9,111533,111533,1,static-only,n/a (static-only),590,COORDINATED,dp,constant-fold
glyph16_U0073,glyph16,5000,10000,2526,2615,594704,548237,46467,11279,11687,-408,2526,0,280,2,548237,548237,0,static-only,n/a (static-only),17,COORDINATED,dp,fma-fusion
glyph16_U0074,glyph16,5000,20000,441,484,124079,113355,10724,1798,1935,-137,430,11,104,7,113355,113355,0,static-only,n/a (static-only),42,COORDINATED,dp,constant-fold
glyph16_U0074,glyph16,10000,20000,460,484,118528,113355,5173,1907,1935,-28,449,11,81,22,113355,113355,0,static-only,n/a (static-only),628,COORDINATED,dp,constant-fold
glyph16_U0078,glyph16,5000,20000,200,178,57603,60018,-2415,828,603,225,192,8,37,15,60018,60018,0,objective,COORDINATED,440,COORDINATED,dp,fma-fusion
glyph16_U0079,glyph16,10000,20000,670,679,169558,148626,20932,2818,2931,-113,670,0,117,33,148557,147828,12,static-only,n/a (static-only),796,DISTRACTOR,dp,associative(Add)
glyph32_U0023,glyph32,5000,10000,272,276,398425,414549,-16124,1051,1071,-20,271,1,45,18,414549,414549,0,objective,COORDINATED,659,COORDINATED,dp,associative(Mul)
glyph32_U0025,glyph32,5000,10000,3921,3870,3531620,3057299,474321,17484,17563,-79,3755,166,133,2,3057299,3057299,0,static-only,n/a (static-only),16,COORDINATED,dp,fma-fusion
glyph32_U0026,glyph32,5000,10000,3509,3522,3156335,2651805,504530,15451,15751,-300,3367,142,203,3,2651804,2651804,1,static-only,n/a (static-only),16,COORDINATED,dp,fma-fusion
glyph32_U0028,glyph32,10000,20000,732,749,617124,538531,78593,3138,3285,-147,732,0,107,23,538398,537231,10,static-only,n/a (static-only),798,SHARING,dp,seed
glyph32_U0029,glyph32,10000,20000,674,694,575721,502215,73506,2903,3053,-150,674,0,97,24,501917,501001,8,static-only,n/a (static-only),719,SHARING,dp,seed
glyph32_U002A,glyph32,5000,10000,302,304,359532,401508,-41976,1204,1236,-32,294,8,52,12,401508,401508,0,objective,COORDINATED,2259,COORDINATED,dp,constant-fold
glyph32_U0030,glyph32,5000,10000,2408,2491,1998767,1813598,185169,10954,11351,-397,2408,0,308,2,1813598,1813598,0,static-only,n/a (static-only),17,COORDINATED,dp,fma-fusion
glyph32_U0033,glyph32,5000,10000,2548,2630,2108174,1903217,204957,11458,11845,-387,2548,0,282,2,1903217,1903217,0,static-only,n/a (static-only),17,COORDINATED,dp,fma-fusion
glyph32_U0036,glyph32,5000,10000,2527,2607,2037530,1851820,185710,11401,11784,-383,2527,0,293,2,1851820,1851820,0,static-only,n/a (static-only),17,COORDINATED,dp,fma-fusion
glyph32_U0038,glyph32,5000,10000,3325,3368,3026077,2519689,506388,14789,15261,-472,3203,122,212,2,2519689,2519689,0,static-only,n/a (static-only),16,COORDINATED,dp,fma-fusion
glyph32_U0039,glyph32,5000,10000,2547,2634,2045594,1860001,185593,11498,11905,-407,2547,0,277,2,1860001,1860001,0,static-only,n/a (static-only),17,COORDINATED,dp,fma-fusion
glyph32_U003B,glyph32,5000,10000,122,108,168464,168509,-45,413,334,79,122,0,16,9,168509,168509,0,objective,COORDINATED,1095,COORDINATED,dp,constant-fold
glyph32_U003B,glyph32,5000,20000,122,108,168464,168509,-45,413,334,79,122,0,16,9,168509,168509,0,objective,COORDINATED,1095,COORDINATED,dp,constant-fold
glyph32_U0044,glyph32,10000,20000,752,825,671657,658745,12912,3235,3622,-387,752,0,108,19,658617,657977,6,static-only,n/a (static-only),929,COORDINATED,dp,associative(Add)
glyph32_U004A,glyph32,10000,20000,795,845,732531,704001,28530,3349,3649,-300,795,0,106,26,703868,702701,10,static-only,n/a (static-only),871,SHARING,dp,seed
glyph32_U0053,glyph32,5000,10000,2623,2728,2136248,1934388,201860,11756,12233,-477,2623,0,279,2,1934388,1934388,0,static-only,n/a (static-only),17,COORDINATED,dp,fma-fusion
glyph32_U0058,glyph32,5000,10000,205,203,232164,239352,-7188,842,838,4,205,0,26,16,239347,239312,8,objective,PARTIAL,440,DISTRACTOR,dp,fma-fusion
glyph32_U0058,glyph32,5000,20000,205,184,232164,239152,-6988,842,638,204,205,0,40,16,239152,239152,0,objective,COORDINATED,440,COORDINATED,dp,fma-fusion
glyph32_U005E,glyph32,5000,10000,117,111,132284,132500,-216,441,409,32,117,0,11,7,132500,132500,0,objective,COORDINATED,112,COORDINATED,dp,constant-fold
glyph32_U005E,glyph32,5000,20000,117,107,132284,132440,-156,441,349,92,117,0,15,7,132440,132440,0,objective,COORDINATED,112,COORDINATED,dp,constant-fold
glyph32_U0066,glyph32,5000,20000,447,526,455183,411885,43298,1821,2158,-337,438,9,106,7,411757,411757,1,static-only,n/a (static-only),16,LOCAL-MISS,repair,fma-fusion
glyph32_U0066,glyph32,10000,20000,456,526,429192,411885,17307,1875,2158,-283,444,12,76,8,411757,411757,1,static-only,n/a (static-only),27,TIE,dp,distribute
glyph32_U006A,glyph32,5000,20000,450,488,452115,402445,49670,1828,1956,-128,441,9,110,8,402189,402189,1,static-only,n/a (static-only),44,CYCLE-PRICED,dp,constant-fold
glyph32_U006C,glyph32,5000,10000,432,437,431247,404486,26761,1773,1827,-54,432,0,49,13,404353,403964,4,static-only,n/a (static-only),529,COORDINATED,dp,associative(Add)
glyph32_U006C,glyph32,5000,20000,432,526,430112,388525,41587,1773,2172,-399,426,6,109,7,388397,388397,1,static-only,n/a (static-only),590,COORDINATED,dp,constant-fold
glyph32_U006C,glyph32,10000,20000,437,526,403971,388525,15446,1827,2172,-345,429,8,80,9,388397,388397,1,static-only,n/a (static-only),590,COORDINATED,dp,constant-fold
glyph32_U0073,glyph32,5000,10000,2526,2615,2083536,1889853,193683,11279,11687,-408,2526,0,280,2,1889853,1889853,0,static-only,n/a (static-only),17,COORDINATED,dp,fma-fusion
glyph32_U0074,glyph32,5000,20000,441,484,454447,404315,50132,1798,1935,-137,430,11,104,7,404315,404315,0,static-only,n/a (static-only),42,COORDINATED,dp,constant-fold
glyph32_U0074,glyph32,10000,20000,460,484,429456,404315,25141,1907,1935,-28,449,11,81,22,404315,404315,0,static-only,n/a (static-only),628,COORDINATED,dp,constant-fold
glyph32_U0078,glyph32,5000,20000,200,178,222883,234002,-11119,828,603,225,192,8,37,15,234002,234002,0,objective,COORDINATED,440,COORDINATED,dp,fma-fusion
glyph32_U0079,glyph32,10000,20000,670,679,611286,525250,86036,2818,2931,-113,670,0,117,33,525117,523684,12,static-only,n/a (static-only),796,DISTRACTOR,dp,associative(Add)
