name,category,node_count,classes,reachable_classes,tree_dag,tree_tree,sharing_dag,sharing_tree,chosen_dag,sharing_changed_term,sharing_gain,dag_delta_pct,treeopt_dag,exact_status,exact_dag,gap_closed_frac,tree_arm_ns,scoped_ns
cellgrid:120x40_d2,cellgrid,623,4582,1260,428,6231,427,7375,427,true,1,-0.2336,428,UNSOLVED,427,NaN,1023667,2485791
cellgrid:80x24_d1,cellgrid,623,4582,1257,423,6231,422,7375,422,true,1,-0.2364,423,UNSOLVED,422,NaN,1017709,2478750
cellgrid:80x24_d2,cellgrid,623,4582,1260,428,6231,427,7375,427,true,1,-0.2336,428,UNSOLVED,427,NaN,1011625,2480416
glyph16:U+0020,glyph,1,1,1,0,0,0,0,0,false,0,0.0000,0,OPTIMAL,0,NaN,666,1208
glyph16:U+0021,glyph,1927,4703,1352,3018,14949,3037,17193,3018,true,0,0.0000,3018,UNSOLVED,3018,NaN,1131833,2582958
glyph16:U+0022,glyph,199,2888,418,297,488,297,488,297,true,0,0.0000,297,UNSOLVED,297,NaN,439916,946750
glyph16:U+0023,glyph,615,4309,819,979,1730,1023,1758,979,true,0,0.0000,979,UNSOLVED,979,NaN,801292,1832708
glyph16:U+0024,glyph,7185,5000,3246,12726,136074,12725,136400,12725,true,1,-0.0079,12726,UNSOLVED,12725,NaN,1952000,4237292
glyph16:U+0025,glyph,7327,5000,3186,12247,138553,12250,152531,12247,true,0,0.0000,12242,UNSOLVED,12242,NaN,1971250,4284375
glyph16:U+0026,glyph,9420,5000,4308,17443,285170,17443,285170,17443,false,0,0.0000,17443,UNSOLVED,17443,NaN,2309708,4941833
glyph16:U+0027,glyph,127,3562,578,164,263,164,263,164,true,0,0.0000,164,UNSOLVED,164,NaN,559166,1245500
glyph16:U+0028,glyph,1855,4707,1376,2934,14308,2944,16948,2934,true,0,0.0000,2934,UNSOLVED,2934,NaN,1135000,2594084
glyph16:U+0029,glyph,1855,4707,1375,2934,14308,2944,16948,2934,true,0,0.0000,2934,UNSOLVED,2934,NaN,1149916,2623792
glyph16:U+002A,glyph,559,4480,994,1100,1633,1100,1633,1100,true,0,0.0000,1100,UNSOLVED,1100,NaN,883875,2027625
glyph16:U+002B,glyph,247,2053,241,312,571,312,571,312,true,0,0.0000,312,UNSOLVED,312,NaN,298500,628791
glyph16:U+002C,glyph,1694,4675,1365,2684,12311,2698,16007,2684,true,0,0.0000,2684,UNSOLVED,2684,NaN,1121959,2596250
glyph16:U+002D,glyph,119,1035,113,130,229,130,229,130,false,0,0.0000,130,OPTIMAL,130,NaN,107792,230500
glyph16:U+002E,glyph,1855,4675,1352,2784,13912,2806,16948,2784,true,0,0.0000,2784,UNSOLVED,2784,NaN,1161042,2643958
glyph16:U+002F,glyph,127,3444,446,159,259,159,259,159,true,0,0.0000,165,OPTIMAL,159,NaN,503542,1110916
glyph16:U+0030,glyph,5402,5000,2903,9658,71063,9595,97572,9595,true,63,-0.6523,9614,UNSOLVED,9595,NaN,1748083,3898458
glyph16:U+0031,glyph,1452,4416,1323,2433,9019,2439,10555,2433,true,0,0.0000,2433,UNSOLVED,2433,NaN,1086417,2514208
glyph16:U+0032,glyph,3891,4945,2533,6757,49102,6845,64094,6757,true,0,0.0000,6744,UNSOLVED,6744,NaN,1621042,3628625
glyph16:U+0033,glyph,6993,5000,3209,12398,133782,12408,147000,12398,true,0,0.0000,12398,UNSOLVED,12398,NaN,1950042,4208500
glyph16:U+0034,glyph,1637,4552,1336,2658,10565,2666,12613,2658,true,0,0.0000,2658,UNSOLVED,2658,NaN,1131500,2568292
glyph16:U+0035,glyph,4546,4981,2683,7888,53485,7967,81981,7888,true,0,0.0000,7848,UNSOLVED,7848,NaN,1651333,3693125
glyph16:U+0036,glyph,8067,5000,3663,14787,242919,14787,242919,14787,false,0,0.0000,14787,UNSOLVED,14787,NaN,2122750,4614542
glyph16:U+0037,glyph,191,2792,374,279,433,287,441,279,true,0,0.0000,279,UNSOLVED,279,NaN,437167,923833
glyph16:U+0038,glyph,9774,5000,4420,17948,295893,17948,295893,17948,false,0,0.0000,17948,UNSOLVED,17948,NaN,2312667,4963458
glyph16:U+0039,glyph,8267,5000,3774,15226,252011,15226,252011,15226,false,0,0.0000,15226,UNSOLVED,15226,NaN,2137750,4692500
glyph16:U+003A,glyph,3655,4854,2312,6031,42492,5976,66014,5976,true,55,-0.9120,5875,UNSOLVED,5875,NaN,1629083,3683084
glyph16:U+003B,glyph,3494,4855,2307,5889,41440,5800,63568,5800,true,89,-1.5113,5705,UNSOLVED,5705,NaN,1581208,3546542
glyph16:U+003C,glyph,295,2697,415,498,774,564,934,498,true,0,0.0000,498,UNSOLVED,498,NaN,463417,998041
glyph16:U+003D,glyph,183,1514,170,226,400,226,400,226,false,0,0.0000,226,UNSOLVED,226,NaN,184542,405000
glyph16:U+003E,glyph,295,2710,416,503,779,575,977,503,true,0,0.0000,503,UNSOLVED,503,NaN,463333,998250
glyph16:U+003F,glyph,6716,5000,3176,11795,126410,11791,140204,11791,true,4,-0.0339,11795,UNSOLVED,11791,NaN,1961833,4221459
glyph16:U+0040,glyph,12056,5226,5226,22834,404751,22834,404751,22834,false,0,0.0000,22834,OPTIMAL,22834,NaN,2631917,5590250
glyph16:U+0041,glyph,1605,4501,1338,2579,10499,2609,13059,2579,true,0,0.0000,2579,UNSOLVED,2579,NaN,1120875,2540792
glyph16:U+0042,glyph,4470,4975,2650,7716,56347,7822,74307,7716,true,0,0.0000,7703,UNSOLVED,7703,NaN,1681541,3775542
glyph16:U+0043,glyph,5129,4996,2830,9166,65251,9084,94613,9084,true,82,-0.8946,9130,UNSOLVED,9084,NaN,1668708,3759750
glyph16:U+0044,glyph,2606,4367,1933,4358,30373,4414,42149,4358,true,0,0.0000,4349,UNSOLVED,4349,NaN,1301209,2956500
glyph16:U+0045,glyph,247,2780,368,328,546,328,546,328,true,0,0.0000,328,UNSOLVED,322,NaN,413083,892416
glyph16:U+0046,glyph,215,2532,329,279,465,279,465,279,true,0,0.0000,279,UNSOLVED,273,NaN,367375,771000
glyph16:U+0047,glyph,4563,4983,2695,8003,53749,8081,82381,8003,true,0,0.0000,7963,UNSOLVED,7963,NaN,1645584,3712042
glyph16:U+0048,glyph,247,2793,367,307,555,307,555,307,true,0,0.0000,307,UNSOLVED,300,NaN,419250,918750
glyph16:U+0049,glyph,391,3416,562,607,1022,662,1057,607,true,0,0.0000,607,UNSOLVED,607,NaN,619625,1335084
glyph16:U+004A,glyph,2425,4282,1868,4203,28258,4120,43335,4120,true,83,-1.9748,4055,UNSOLVED,4055,NaN,1272875,2909416
glyph16:U+004B,glyph,617,4576,921,1012,2756,1023,2763,1012,true,0,0.0000,1012,UNSOLVED,1012,NaN,939209,2151083
glyph16:U+004C,glyph,151,3354,420,181,303,181,303,181,true,0,0.0000,181,UNSOLVED,165,NaN,521375,1127250
glyph16:U+004D,glyph,2345,4914,1703,3988,16881,4049,18145,3988,true,0,0.0000,3988,UNSOLVED,3988,NaN,1387292,3156500
glyph16:U+004E,glyph,1399,4650,1324,2380,8701,2376,10791,2376,true,4,-0.1681,2380,UNSOLVED,2376,NaN,1143500,2588917
glyph16:U+004F,glyph,5945,5000,3006,10434,92884,10385,117718,10385,true,49,-0.4696,10418,UNSOLVED,10385,NaN,1864084,4082125
glyph16:U+0050,glyph,2409,4880,1714,3854,21268,3854,21268,3854,true,0,0.0000,3854,UNSOLVED,3854,NaN,1281584,2931125
glyph16:U+0051,glyph,6053,5000,3029,10417,94345,10371,118286,10371,true,46,-0.4416,10409,UNSOLVED,10371,NaN,1852083,4070041
glyph16:U+0052,glyph,2710,4509,2000,4570,30891,4632,43851,4570,true,0,0.0000,4561,UNSOLVED,4561,NaN,1361917,3124708
glyph16:U+0053,glyph,7616,5000,3414,13634,148853,13634,148853,13634,false,0,0.0000,13634,UNSOLVED,13634,NaN,2028875,4375708
glyph16:U+0054,glyph,183,3522,466,222,389,222,389,222,true,0,0.0000,222,UNSOLVED,209,NaN,533500,1188417
glyph16:U+0055,glyph,2899,4686,2079,5007,33290,4920,51364,4920,true,87,-1.7376,4843,UNSOLVED,4843,NaN,1427667,3259584
glyph16:U+0056,glyph,1573,4611,1318,2556,10699,2568,13771,2556,true,0,0.0000,2556,UNSOLVED,2556,NaN,1110917,2521416
glyph16:U+0057,glyph,7232,5000,3271,13081,137887,13075,126914,13075,true,6,-0.0459,13076,UNSOLVED,13075,NaN,1984125,4261208
glyph16:U+0058,glyph,343,3607,623,627,938,671,966,627,true,0,0.0000,627,UNSOLVED,627,NaN,627541,1377958
glyph16:U+0059,glyph,263,2680,411,422,672,488,832,422,true,0,0.0000,422,UNSOLVED,422,NaN,437250,985583
glyph16:U+005A,glyph,255,3358,457,382,600,390,608,382,true,0,0.0000,382,UNSOLVED,382,NaN,535459,1175000
glyph16:U+005B,glyph,183,1519,174,229,395,229,395,229,false,0,0.0000,229,UNSOLVED,229,NaN,194542,410542
glyph16:U+005C,glyph,127,3444,446,159,259,159,259,159,true,0,0.0000,165,OPTIMAL,159,NaN,522625,1115000
glyph16:U+005D,glyph,183,1517,176,239,405,239,405,239,false,0,0.0000,239,UNSOLVED,239,NaN,193333,412833
glyph16:U+005E,glyph,199,2891,416,306,488,306,488,306,true,0,0.0000,306,UNSOLVED,306,NaN,441083,954500
glyph16:U+005F,glyph,119,2994,318,126,213,126,213,126,true,0,0.0000,126,OPTIMAL,126,NaN,396500,821709
glyph16:U+0060,glyph,1722,4684,1341,2731,13196,2742,16100,2731,true,0,0.0000,2731,UNSOLVED,2731,NaN,1162083,2639292
glyph16:U+0061,glyph,5743,5000,3007,10282,86365,10233,110602,10233,true,49,-0.4766,10270,UNSOLVED,10233,NaN,1879875,4132500
glyph16:U+0062,glyph,5129,4995,2824,9140,64036,9059,92971,9059,true,81,-0.8862,9100,UNSOLVED,9059,NaN,1702291,3801334
glyph16:U+0063,glyph,4671,4984,2700,8152,55857,8241,85837,8152,true,0,0.0000,8116,UNSOLVED,8116,NaN,1678083,3764458
glyph16:U+0064,glyph,5864,5000,3022,10429,90437,10381,114706,10381,true,48,-0.4603,10421,UNSOLVED,10381,NaN,1853583,4103500
glyph16:U+0065,glyph,4872,4989,2751,8488,58259,8585,88472,8488,true,0,0.0000,8460,UNSOLVED,8460,NaN,1692250,3774875
glyph16:U+0066,glyph,2364,4879,1682,3823,20181,3823,20181,3823,true,0,0.0000,3823,UNSOLVED,3823,NaN,1310792,2965416
glyph16:U+0067,glyph,7009,5000,3208,12399,133005,12404,145832,12399,true,0,0.0000,12399,UNSOLVED,12399,NaN,1984458,4302500
glyph16:U+0068,glyph,2931,4717,2082,4881,33725,4949,47873,4881,true,0,0.0000,4872,UNSOLVED,4872,NaN,1454375,3316709
glyph16:U+0069,glyph,2123,4726,1455,3393,16386,3397,17410,3393,true,0,0.0000,3393,UNSOLVED,3393,NaN,1250333,2837000
glyph16:U+006A,glyph,4293,4971,2597,7287,49773,7340,76640,7287,true,0,0.0000,7227,UNSOLVED,7227,NaN,1729292,3833292
glyph16:U+006B,glyph,1460,4454,1304,2431,9343,2439,11391,2431,true,0,0.0000,2431,UNSOLVED,2431,NaN,1090042,2454000
glyph16:U+006C,glyph,323,3005,465,507,829,585,1065,507,true,0,0.0000,507,UNSOLVED,507,NaN,517416,1115292
glyph16:U+006D,glyph,5289,4998,2856,9326,70803,9298,88657,9298,true,28,-0.3002,9313,UNSOLVED,9298,NaN,1740541,3863334
glyph16:U+006E,glyph,2264,4826,1631,3632,19604,3633,19860,3632,true,0,0.0000,3632,UNSOLVED,3632,NaN,1263042,2849208
glyph16:U+006F,glyph,5716,5000,2947,9944,79507,9885,105594,9885,true,59,-0.5933,9908,UNSOLVED,9885,NaN,1802792,3987083
glyph16:U+0070,glyph,5406,4999,2901,9614,72381,9553,98404,9553,true,61,-0.6345,9574,UNSOLVED,9553,NaN,1769791,3917750
glyph16:U+0071,glyph,5046,4992,2802,8892,59409,8811,89986,8811,true,81,-0.9109,8880,UNSOLVED,8811,NaN,1751458,3917667
glyph16:U+0072,glyph,2456,4912,1804,4040,21014,4040,21014,4040,true,0,0.0000,4040,UNSOLVED,4040,NaN,1367708,3097458
glyph16:U+0073,glyph,6929,5000,3201,12283,133114,12292,146610,12283,true,0,0.0000,12283,UNSOLVED,12283,NaN,1960791,4252167
glyph16:U+0074,glyph,2421,4905,1796,3974,20647,3966,21043,3966,true,8,-0.2013,3974,UNSOLVED,3966,NaN,1352125,3062375
glyph16:U+0075,glyph,2493,4898,1809,4013,21961,4006,22621,4006,true,7,-0.1744,4013,UNSOLVED,4006,NaN,1346625,3065000
glyph16:U+0076,glyph,1115,4224,1180,1699,7179,1691,8267,1691,true,8,-0.4709,1699,UNSOLVED,1691,NaN,979167,2299791
glyph16:U+0077,glyph,3663,4937,2492,6393,45975,6460,58225,6393,true,0,0.0000,6380,UNSOLVED,6380,NaN,1648208,3714250
glyph16:U+0078,glyph,343,3589,616,614,938,658,966,614,true,0,0.0000,614,UNSOLVED,614,NaN,626709,1375916
glyph16:U+0079,glyph,3530,4915,2436,6203,41479,6171,62588,6171,true,32,-0.5159,6083,UNSOLVED,6083,NaN,1608083,3652167
glyph16:U+007A,glyph,255,3358,458,382,600,390,608,382,true,0,0.0000,382,UNSOLVED,382,NaN,523792,1188417
glyph16:U+007B,glyph,4598,4984,2694,7947,52208,8030,80585,7947,true,0,0.0000,7911,UNSOLVED,7911,NaN,1674334,3759000
glyph16:U+007C,glyph,119,1044,111,130,229,130,229,130,true,0,0.0000,130,OPTIMAL,130,NaN,109750,235667
glyph16:U+007D,glyph,4598,4983,2688,7957,52208,8032,80269,7957,true,0,0.0000,7917,UNSOLVED,7917,NaN,1700166,3782125
glyph16:U+007E,glyph,5093,4996,2812,9083,65732,8998,96086,8998,true,85,-0.9358,9051,UNSOLVED,8998,NaN,1718500,3803166
glyph32:U+0020,glyph,1,1,1,0,0,0,0,0,false,0,0.0000,0,OPTIMAL,0,NaN,584,1167
glyph32:U+0021,glyph,1927,4703,1352,3018,14949,3037,17193,3018,true,0,0.0000,3018,UNSOLVED,3018,NaN,1148625,2617667
glyph32:U+0022,glyph,199,2888,418,297,488,297,488,297,true,0,0.0000,297,UNSOLVED,297,NaN,434000,958208
glyph32:U+0023,glyph,615,4309,819,979,1730,1023,1758,979,true,0,0.0000,979,UNSOLVED,979,NaN,818958,1855584
glyph32:U+0024,glyph,7185,5000,3246,12726,136074,12725,136400,12725,true,1,-0.0079,12726,UNSOLVED,12725,NaN,1961708,4241667
glyph32:U+0025,glyph,7327,5000,3186,12247,138553,12250,152531,12247,true,0,0.0000,12242,UNSOLVED,12242,NaN,1988083,4307833
glyph32:U+0026,glyph,9420,5000,4308,17443,285170,17443,285170,17443,false,0,0.0000,17443,UNSOLVED,17443,NaN,2309917,4955000
glyph32:U+0027,glyph,127,3562,578,164,263,164,263,164,true,0,0.0000,164,UNSOLVED,164,NaN,564708,1252417
glyph32:U+0028,glyph,1855,4707,1376,2934,14308,2944,16948,2934,true,0,0.0000,2934,UNSOLVED,2934,NaN,1134125,2604500
glyph32:U+0029,glyph,1855,4707,1375,2934,14308,2944,16948,2934,true,0,0.0000,2934,UNSOLVED,2934,NaN,1139000,2607042
glyph32:U+002A,glyph,559,4480,994,1100,1633,1100,1633,1100,true,0,0.0000,1100,UNSOLVED,1100,NaN,886083,2029125
glyph32:U+002B,glyph,247,2053,241,312,571,312,571,312,true,0,0.0000,312,UNSOLVED,312,NaN,311292,646750
glyph32:U+002C,glyph,1694,4675,1365,2684,12311,2698,16007,2684,true,0,0.0000,2684,UNSOLVED,2684,NaN,1156667,2647833
glyph32:U+002D,glyph,119,1034,113,130,229,130,229,130,false,0,0.0000,130,OPTIMAL,130,NaN,121083,240708
glyph32:U+002E,glyph,1855,4675,1352,2784,13912,2806,16948,2784,true,0,0.0000,2784,UNSOLVED,2784,NaN,1195958,2721250
glyph32:U+002F,glyph,127,3444,446,159,259,159,259,159,true,0,0.0000,165,OPTIMAL,159,NaN,499542,1110958
glyph32:U+0030,glyph,5402,5000,2903,9658,71063,9595,97572,9595,true,63,-0.6523,9614,UNSOLVED,9595,NaN,1761000,3921541
glyph32:U+0031,glyph,1452,4416,1323,2433,9019,2439,10555,2433,true,0,0.0000,2433,UNSOLVED,2433,NaN,1098875,2511625
glyph32:U+0032,glyph,3891,4945,2533,6757,49102,6845,64094,6757,true,0,0.0000,6744,UNSOLVED,6744,NaN,1601750,3621750
glyph32:U+0033,glyph,6993,5000,3209,12398,133782,12408,147000,12398,true,0,0.0000,12398,UNSOLVED,12398,NaN,1930875,4219208
glyph32:U+0034,glyph,1637,4552,1336,2658,10565,2666,12613,2658,true,0,0.0000,2658,UNSOLVED,2658,NaN,1144667,2590667
glyph32:U+0035,glyph,4546,4981,2683,7888,53485,7967,81981,7888,true,0,0.0000,7848,UNSOLVED,7848,NaN,1648458,3691833
glyph32:U+0036,glyph,8067,5000,3663,14787,242919,14787,242919,14787,false,0,0.0000,14787,UNSOLVED,14787,NaN,2123208,4629750
glyph32:U+0037,glyph,191,2791,374,279,433,287,441,279,true,0,0.0000,279,UNSOLVED,279,NaN,433417,924250
glyph32:U+0038,glyph,9774,5000,4420,17948,295893,17948,295893,17948,false,0,0.0000,17948,UNSOLVED,17948,NaN,2313541,4965250
glyph32:U+0039,glyph,8267,5000,3774,15226,252011,15226,252011,15226,false,0,0.0000,15226,UNSOLVED,15226,NaN,2155834,4699750
glyph32:U+003A,glyph,3655,4854,2312,6031,42492,5976,66014,5976,true,55,-0.9120,5875,UNSOLVED,5875,NaN,1579917,3609167
glyph32:U+003B,glyph,3494,4855,2307,5889,41440,5800,63568,5800,true,89,-1.5113,5705,UNSOLVED,5705,NaN,1562292,3547000
glyph32:U+003C,glyph,295,2697,415,498,774,564,934,498,true,0,0.0000,498,UNSOLVED,498,NaN,464167,1024667
glyph32:U+003D,glyph,183,1514,170,226,400,226,400,226,false,0,0.0000,226,UNSOLVED,226,NaN,185208,393041
glyph32:U+003E,glyph,295,2710,416,503,779,575,977,503,true,0,0.0000,503,UNSOLVED,503,NaN,464334,1009667
glyph32:U+003F,glyph,6716,5000,3176,11795,126410,11791,140204,11791,true,4,-0.0339,11795,UNSOLVED,11791,NaN,1966375,4221791
glyph32:U+0040,glyph,12056,5226,5226,22834,404751,22834,404751,22834,false,0,0.0000,22834,OPTIMAL,22834,NaN,2633125,5610541
glyph32:U+0041,glyph,1605,4501,1338,2579,10499,2609,13059,2579,true,0,0.0000,2579,UNSOLVED,2579,NaN,1128458,2521583
glyph32:U+0042,glyph,4470,4975,2650,7716,56347,7822,74307,7716,true,0,0.0000,7703,UNSOLVED,7703,NaN,1652750,3704584
glyph32:U+0043,glyph,5129,4996,2830,9166,65251,9084,94613,9084,true,82,-0.8946,9130,UNSOLVED,9084,NaN,1693625,3820917
glyph32:U+0044,glyph,2606,4367,1933,4358,30373,4414,42149,4358,true,0,0.0000,4349,UNSOLVED,4349,NaN,1339791,3043834
glyph32:U+0045,glyph,247,2779,368,328,546,328,546,328,true,0,0.0000,328,UNSOLVED,322,NaN,421125,910708
glyph32:U+0046,glyph,215,2531,329,279,465,279,465,279,true,0,0.0000,279,UNSOLVED,273,NaN,362958,783083
glyph32:U+0047,glyph,4563,4983,2695,8003,53749,8081,82381,8003,true,0,0.0000,7963,UNSOLVED,7963,NaN,1643167,3717500
glyph32:U+0048,glyph,247,2792,367,307,555,307,555,307,true,0,0.0000,307,UNSOLVED,300,NaN,421334,923416
glyph32:U+0049,glyph,391,3416,562,607,1022,662,1057,607,true,0,0.0000,607,UNSOLVED,607,NaN,607375,1331791
glyph32:U+004A,glyph,2425,4282,1868,4203,28258,4120,43335,4120,true,83,-1.9748,4055,UNSOLVED,4055,NaN,1290042,2919833
glyph32:U+004B,glyph,617,4576,921,1012,2756,1023,2763,1012,true,0,0.0000,1012,UNSOLVED,1012,NaN,936166,2118334
glyph32:U+004C,glyph,151,3354,420,181,303,181,303,181,true,0,0.0000,181,UNSOLVED,165,NaN,514959,1087583
glyph32:U+004D,glyph,2345,4914,1703,3988,16881,4049,18145,3988,true,0,0.0000,3988,UNSOLVED,3988,NaN,1358959,3069167
glyph32:U+004E,glyph,1399,4650,1324,2380,8701,2376,10791,2376,true,4,-0.1681,2380,UNSOLVED,2376,NaN,1132500,2562208
glyph32:U+004F,glyph,5945,5000,3006,10434,92884,10385,117718,10385,true,49,-0.4696,10418,UNSOLVED,10385,NaN,1863416,4067833
glyph32:U+0050,glyph,2409,4880,1714,3854,21268,3854,21268,3854,true,0,0.0000,3854,UNSOLVED,3854,NaN,1281750,2915500
glyph32:U+0051,glyph,6053,5000,3029,10417,94345,10371,118286,10371,true,46,-0.4416,10409,UNSOLVED,10371,NaN,1847458,4053583
glyph32:U+0052,glyph,2710,4509,2000,4570,30891,4632,43851,4570,true,0,0.0000,4561,UNSOLVED,4561,NaN,1356500,3152166
glyph32:U+0053,glyph,7616,5000,3414,13634,148853,13634,148853,13634,false,0,0.0000,13634,UNSOLVED,13634,NaN,2022958,4364083
glyph32:U+0054,glyph,183,3521,466,222,389,222,389,222,true,0,0.0000,222,UNSOLVED,209,NaN,560000,1159583
glyph32:U+0055,glyph,2899,4686,2079,5007,33290,4920,51364,4920,true,87,-1.7376,4843,UNSOLVED,4843,NaN,1433166,3250542
glyph32:U+0056,glyph,1573,4611,1318,2556,10699,2568,13771,2556,true,0,0.0000,2556,UNSOLVED,2556,NaN,1122292,2564667
glyph32:U+0057,glyph,7232,5000,3271,13081,137887,13075,126914,13075,true,6,-0.0459,13076,UNSOLVED,13075,NaN,1984625,4245084
glyph32:U+0058,glyph,343,3607,623,627,938,671,966,627,true,0,0.0000,627,UNSOLVED,627,NaN,625666,1373875
glyph32:U+0059,glyph,263,2680,411,422,672,488,832,422,true,0,0.0000,422,UNSOLVED,422,NaN,437750,970541
glyph32:U+005A,glyph,255,3357,457,382,600,390,608,382,true,0,0.0000,382,UNSOLVED,382,NaN,539208,1153375
glyph32:U+005B,glyph,183,1519,174,229,395,229,395,229,false,0,0.0000,229,UNSOLVED,229,NaN,180375,393708
glyph32:U+005C,glyph,127,3444,446,159,259,159,259,159,true,0,0.0000,165,OPTIMAL,159,NaN,524875,1086208
glyph32:U+005D,glyph,183,1517,176,239,405,239,405,239,false,0,0.0000,239,UNSOLVED,239,NaN,192583,407542
glyph32:U+005E,glyph,199,2891,416,306,488,306,488,306,true,0,0.0000,306,UNSOLVED,306,NaN,443208,953000
glyph32:U+005F,glyph,119,2994,318,126,213,126,213,126,true,0,0.0000,126,OPTIMAL,126,NaN,389958,832834
glyph32:U+0060,glyph,1722,4684,1341,2731,13196,2742,16100,2731,true,0,0.0000,2731,UNSOLVED,2731,NaN,1175833,2651416
glyph32:U+0061,glyph,5743,5000,3007,10282,86365,10233,110602,10233,true,49,-0.4766,10270,UNSOLVED,10233,NaN,1858167,4071708
glyph32:U+0062,glyph,5129,4995,2824,9140,64036,9059,92971,9059,true,81,-0.8862,9100,UNSOLVED,9059,NaN,1675125,3773584
glyph32:U+0063,glyph,4671,4984,2700,8152,55857,8241,85837,8152,true,0,0.0000,8116,UNSOLVED,8116,NaN,1652667,3725750
glyph32:U+0064,glyph,5864,5000,3022,10429,90437,10381,114706,10381,true,48,-0.4603,10421,UNSOLVED,10381,NaN,1838125,4062250
glyph32:U+0065,glyph,4872,4989,2751,8488,58259,8585,88472,8488,true,0,0.0000,8460,UNSOLVED,8460,NaN,1670375,3738334
glyph32:U+0066,glyph,2364,4879,1682,3823,20181,3823,20181,3823,true,0,0.0000,3823,UNSOLVED,3823,NaN,1289625,2926708
glyph32:U+0067,glyph,7009,5000,3208,12399,133005,12404,145832,12399,true,0,0.0000,12399,UNSOLVED,12399,NaN,1945875,4218625
glyph32:U+0068,glyph,2931,4717,2082,4881,33725,4949,47873,4881,true,0,0.0000,4872,UNSOLVED,4872,NaN,1443208,3239625
glyph32:U+0069,glyph,2123,4726,1455,3393,16386,3397,17410,3393,true,0,0.0000,3393,UNSOLVED,3393,NaN,1190667,2740333
glyph32:U+006A,glyph,4293,4971,2597,7287,49773,7340,76640,7287,true,0,0.0000,7227,UNSOLVED,7227,NaN,1650375,3707459
glyph32:U+006B,glyph,1460,4454,1304,2431,9343,2439,11391,2431,true,0,0.0000,2431,UNSOLVED,2431,NaN,1068333,2480041
glyph32:U+006C,glyph,323,3005,465,507,829,585,1065,507,true,0,0.0000,507,UNSOLVED,507,NaN,503958,1127875
glyph32:U+006D,glyph,5289,4998,2856,9326,70803,9298,88657,9298,true,28,-0.3002,9313,UNSOLVED,9298,NaN,1742208,3861542
glyph32:U+006E,glyph,2264,4826,1631,3632,19604,3633,19860,3632,true,0,0.0000,3632,UNSOLVED,3632,NaN,1261167,2866959
glyph32:U+006F,glyph,5716,5000,2947,9944,79507,9885,105594,9885,true,59,-0.5933,9908,UNSOLVED,9885,NaN,1795917,3974250
glyph32:U+0070,glyph,5406,4999,2901,9614,72381,9553,98404,9553,true,61,-0.6345,9574,UNSOLVED,9553,NaN,1768417,3912583
glyph32:U+0071,glyph,5046,4992,2802,8892,59409,8811,89986,8811,true,81,-0.9109,8880,UNSOLVED,8811,NaN,1726250,3835584
glyph32:U+0072,glyph,2456,4912,1804,4040,21014,4040,21014,4040,true,0,0.0000,4040,UNSOLVED,4040,NaN,1352084,3052833
glyph32:U+0073,glyph,6929,5000,3201,12283,133114,12292,146610,12283,true,0,0.0000,12283,UNSOLVED,12283,NaN,1953000,4227667
glyph32:U+0074,glyph,2421,4905,1796,3974,20647,3966,21043,3966,true,8,-0.2013,3974,UNSOLVED,3966,NaN,1350833,3060625
glyph32:U+0075,glyph,2493,4898,1809,4013,21961,4006,22621,4006,true,7,-0.1744,4013,UNSOLVED,4006,NaN,1340875,3064416
glyph32:U+0076,glyph,1115,4224,1180,1699,7179,1691,8267,1691,true,8,-0.4709,1699,UNSOLVED,1691,NaN,988792,2271334
glyph32:U+0077,glyph,3663,4937,2492,6393,45975,6460,58225,6393,true,0,0.0000,6380,UNSOLVED,6380,NaN,1644333,3700791
glyph32:U+0078,glyph,343,3589,616,614,938,658,966,614,true,0,0.0000,614,UNSOLVED,614,NaN,622208,1372917
glyph32:U+0079,glyph,3530,4915,2436,6203,41479,6171,62588,6171,true,32,-0.5159,6083,UNSOLVED,6083,NaN,1610708,3658709
glyph32:U+007A,glyph,255,3358,458,382,600,390,608,382,true,0,0.0000,382,UNSOLVED,382,NaN,555416,1144875
glyph32:U+007B,glyph,4598,4984,2694,7947,52208,8030,80585,7947,true,0,0.0000,7911,UNSOLVED,7911,NaN,1673042,3754375
glyph32:U+007C,glyph,119,1043,111,130,229,130,229,130,true,0,0.0000,130,OPTIMAL,130,NaN,107666,241791
glyph32:U+007D,glyph,4598,4983,2688,7957,52208,8032,80269,7957,true,0,0.0000,7917,UNSOLVED,7917,NaN,1692167,3755958
glyph32:U+007E,glyph,5093,4996,2812,9083,65732,8998,96086,8998,true,85,-0.9358,9051,UNSOLVED,8998,NaN,1716000,3798958
psychedelic,psychedelic,102,4845,940,841,4509,1388,9211,841,true,0,0.0000,841,UNSOLVED,841,NaN,972500,2176291
shader:cosine_palette,shader,40,1767,474,378,484,378,484,378,true,0,0.0000,378,UNSOLVED,378,NaN,385333,826833
shader:domain_warp_fbm,shader,84,4592,1248,544,2706,558,8592,544,true,0,0.0000,544,UNSOLVED,544,NaN,1059500,2552542
shader:gyroid_slice,shader,44,779,104,1256,1325,1256,1325,1256,false,0,0.0000,1256,OPTIMAL,1256,NaN,88417,201542
shader:julia_set,shader,122,4533,819,706,14028037,848,596980395,706,true,0,0.0000,666,UNSOLVED,666,NaN,960209,2202833
shader:kaleidoscope_fold,shader,46,131,57,682,2045,682,2045,682,false,0,0.0000,682,OPTIMAL,682,NaN,15958,32625
shader:mandelbrot_distance,shader,152,3675,415,556,843379,498,844891,498,true,58,-10.4317,507,UNSOLVED,498,NaN,594000,1396375
shader:metaballs,shader,62,2584,286,157,414,154,406,154,true,3,-1.9108,134,UNSOLVED,134,NaN,383625,822041
shader:plasma,shader,41,1822,336,461,515,461,515,461,true,0,0.0000,461,OPTIMAL,461,NaN,289708,684209
shader:smooth_min_scene,shader,43,1215,159,132,426,130,444,130,true,2,-1.5152,122,OPTIMAL,122,0.200000,152458,335834
shader:smoothstep_vignette,shader,64,283,82,159,673,159,673,159,false,0,0.0000,159,OPTIMAL,159,NaN,31042,68334
shader:star_sdf,shader,66,3828,632,166,2354,169,2410,166,true,0,0.0000,166,UNSOLVED,166,NaN,682583,1650375
shader:torus_slice,shader,42,1283,165,133,285,128,301,128,true,5,-3.7594,133,UNSOLVED,123,NaN,166875,370083
synth_d2_s0,synthetic,16,25,15,128,128,128,128,128,false,0,0.0000,128,OPTIMAL,128,NaN,3541,6958
synth_d2_s1,synthetic,14,17,8,232,232,232,232,232,false,0,0.0000,232,OPTIMAL,232,NaN,2583,4834
synth_d2_s2,synthetic,11,13,9,373,373,376,376,373,true,0,0.0000,373,OPTIMAL,373,NaN,2375,4667
synth_d2_s3,synthetic,24,60,22,167,167,167,167,167,false,0,0.0000,167,OPTIMAL,167,NaN,7125,14084
synth_d2_s4,synthetic,21,40,17,54,54,54,54,54,false,0,0.0000,54,OPTIMAL,54,NaN,4625,9250
synth_d2_s5,synthetic,14,19,10,31,31,31,31,31,false,0,0.0000,31,OPTIMAL,31,NaN,3041,5500
synth_d2_s6,synthetic,20,27,12,307,307,307,307,307,false,0,0.0000,307,OPTIMAL,307,NaN,3334,6500
synth_d2_s7,synthetic,23,27,15,422,422,608,608,422,true,0,0.0000,422,OPTIMAL,422,NaN,3666,7167
synth_d2_s8,synthetic,8,10,6,133,133,133,133,133,false,0,0.0000,133,OPTIMAL,133,NaN,1792,3459
synth_d2_s9,synthetic,8,13,5,122,122,122,122,122,false,0,0.0000,122,OPTIMAL,122,NaN,1959,3708
synth_d2_s10,synthetic,12,15,7,19,19,19,19,19,false,0,0.0000,19,OPTIMAL,19,NaN,2042,3917
synth_d2_s11,synthetic,7,8,5,182,182,185,185,182,true,0,0.0000,182,OPTIMAL,182,NaN,1542,3083
synth_d3_s0,synthetic,19,37,17,191,191,191,191,191,false,0,0.0000,191,OPTIMAL,191,NaN,5042,9875
synth_d3_s1,synthetic,30,35,18,361,368,361,368,361,false,0,0.0000,361,OPTIMAL,361,NaN,4750,9083
synth_d3_s2,synthetic,14,18,12,346,346,346,346,346,false,0,0.0000,346,OPTIMAL,346,NaN,3167,6083
synth_d3_s3,synthetic,30,39,22,350,350,353,353,350,true,0,0.0000,350,OPTIMAL,350,NaN,5375,10458
synth_d3_s4,synthetic,24,64,31,244,244,244,244,244,false,0,0.0000,244,OPTIMAL,244,NaN,7667,15500
synth_d3_s5,synthetic,18,45,18,40,40,47,47,40,true,0,0.0000,40,OPTIMAL,40,NaN,5583,11084
synth_d3_s6,synthetic,42,461,78,289,513,289,513,289,false,0,0.0000,289,OPTIMAL,289,NaN,37791,86750
synth_d3_s7,synthetic,6,7,5,247,247,247,247,247,false,0,0.0000,247,OPTIMAL,247,NaN,1583,3000
synth_d3_s8,synthetic,9,12,8,98,98,98,98,98,false,0,0.0000,98,OPTIMAL,98,NaN,2333,4541
synth_d3_s9,synthetic,14,19,12,33,33,33,33,33,false,0,0.0000,33,OPTIMAL,33,NaN,3375,6542
synth_d3_s10,synthetic,20,43,20,115,115,115,115,115,false,0,0.0000,115,OPTIMAL,115,NaN,4667,9417
synth_d3_s11,synthetic,16,67,22,262,262,262,262,262,false,0,0.0000,262,OPTIMAL,262,NaN,7459,14667
synth_d4_s0,synthetic,48,283,68,437,437,437,437,437,true,0,0.0000,437,OPTIMAL,437,NaN,26125,62334
synth_d4_s1,synthetic,38,65,32,209,209,209,209,209,false,0,0.0000,209,OPTIMAL,209,NaN,8000,15333
synth_d4_s2,synthetic,19,34,19,154,154,154,154,154,false,0,0.0000,154,OPTIMAL,154,NaN,5042,9708
synth_d4_s3,synthetic,57,104,48,529,532,529,532,529,false,0,0.0000,529,OPTIMAL,529,NaN,12541,25125
synth_d4_s4,synthetic,22,25,16,452,452,458,458,452,true,0,0.0000,452,OPTIMAL,452,NaN,4042,7708
synth_d4_s5,synthetic,29,36,17,271,271,274,274,271,true,0,0.0000,271,OPTIMAL,271,NaN,4458,8708
synth_d4_s6,synthetic,62,184,58,584,587,587,590,584,true,0,0.0000,584,OPTIMAL,584,NaN,18583,41458
synth_d4_s7,synthetic,71,118,53,638,713,633,718,633,true,5,-0.7837,638,OPTIMAL,633,1.000000,14000,27084
synth_d4_s8,synthetic,23,29,17,286,286,289,289,286,true,0,0.0000,286,OPTIMAL,286,NaN,4542,8750
synth_d4_s9,synthetic,48,119,45,530,652,902,1024,530,true,0,0.0000,530,OPTIMAL,530,NaN,13167,26583
synth_d4_s10,synthetic,23,42,23,242,320,242,320,242,false,0,0.0000,242,OPTIMAL,242,NaN,6209,12334
synth_d4_s11,synthetic,38,214,48,377,384,377,384,377,false,0,0.0000,377,OPTIMAL,377,NaN,19458,41500
synth_d5_s0,synthetic,22,34,21,718,718,718,718,718,true,0,0.0000,718,OPTIMAL,718,NaN,5000,9750
synth_d5_s1,synthetic,58,705,105,467,474,467,474,467,false,0,0.0000,467,OPTIMAL,467,NaN,64750,164375
synth_d5_s2,synthetic,50,96,42,558,558,564,564,558,true,0,0.0000,558,OPTIMAL,558,NaN,11583,23375
synth_d5_s3,synthetic,84,1123,177,1093,1364,1093,1364,1093,true,0,0.0000,1093,UNSOLVED,1093,NaN,145417,345291
synth_d5_s4,synthetic,63,314,74,384,745,384,745,384,true,0,0.0000,384,OPTIMAL,384,NaN,30416,70625
synth_d5_s5,synthetic,6,7,6,272,272,272,272,272,false,0,0.0000,272,OPTIMAL,272,NaN,1750,3292
synth_d5_s6,synthetic,55,85,40,392,470,399,477,392,true,0,0.0000,392,OPTIMAL,392,NaN,10500,20916
synth_d5_s7,synthetic,51,356,74,1118,1710,1118,1710,1118,false,0,0.0000,1118,OPTIMAL,1118,NaN,31417,70750
synth_d5_s8,synthetic,71,293,81,708,708,708,708,708,false,0,0.0000,708,OPTIMAL,708,NaN,29417,64875
synth_d5_s9,synthetic,52,62,32,631,634,828,831,631,true,0,0.0000,631,OPTIMAL,631,NaN,7834,15750
synth_d5_s10,synthetic,40,170,46,364,364,376,510,364,true,0,0.0000,364,OPTIMAL,364,NaN,16958,34625
synth_d5_s11,synthetic,81,3660,363,900,903,900,903,900,true,0,0.0000,900,UNSOLVED,900,NaN,540542,1274500
synth_d6_s0,synthetic,94,124,66,1765,1779,1765,1779,1765,false,0,0.0000,1765,OPTIMAL,1765,NaN,16375,32208
synth_d6_s1,synthetic,82,163,70,780,780,780,780,780,false,0,0.0000,780,OPTIMAL,780,NaN,20042,41167
synth_d6_s2,synthetic,92,370,113,1513,1513,1513,1513,1513,true,0,0.0000,1513,OPTIMAL,1513,NaN,38500,96333
synth_d6_s3,synthetic,70,3527,521,746,753,1053,1069,746,true,0,0.0000,746,UNSOLVED,746,NaN,601500,1390209
synth_d6_s4,synthetic,64,709,117,1061,1146,1061,1146,1061,false,0,0.0000,1061,OPTIMAL,1061,NaN,76792,185917
synth_d6_s5,synthetic,75,130,59,1040,1040,1046,1046,1040,true,0,0.0000,1040,OPTIMAL,1040,NaN,14875,30167
synth_d6_s6,synthetic,84,352,102,853,853,856,856,853,true,0,0.0000,853,OPTIMAL,853,NaN,35167,76625
synth_d6_s7,synthetic,23,29,15,459,459,459,459,459,false,0,0.0000,459,OPTIMAL,459,NaN,4041,7833
synth_d6_s8,synthetic,77,339,87,838,1150,838,1150,838,true,0,0.0000,838,OPTIMAL,838,NaN,35666,77250
synth_d6_s9,synthetic,30,38,21,414,414,414,414,414,false,0,0.0000,414,OPTIMAL,414,NaN,5792,11333
synth_d6_s10,synthetic,65,85,51,1190,2131,1190,2131,1190,false,0,0.0000,1190,OPTIMAL,1190,NaN,12875,25625
synth_d6_s11,synthetic,69,90,55,893,1075,893,1075,893,false,0,0.0000,893,OPTIMAL,893,NaN,13125,25125
synth_d7_s0,synthetic,53,119,51,802,825,802,825,802,false,0,0.0000,802,OPTIMAL,802,NaN,13250,26792
synth_d7_s1,synthetic,166,300,140,2776,2781,2776,2786,2776,true,0,0.0000,2776,UNSOLVED,2776,NaN,40625,75500
synth_d7_s2,synthetic,6,8,6,124,124,124,124,124,false,0,0.0000,124,OPTIMAL,124,NaN,1792,3375
synth_d7_s3,synthetic,186,603,186,2538,3345,2538,3345,2538,true,0,0.0000,2538,UNSOLVED,2538,NaN,85416,182417
synth_d7_s4,synthetic,98,498,111,1505,1512,1505,1512,1505,false,0,0.0000,1505,UNSOLVED,1505,NaN,48458,116667
synth_d7_s5,synthetic,54,370,66,682,682,682,682,682,false,0,0.0000,682,OPTIMAL,682,NaN,30750,66375
synth_d7_s6,synthetic,95,341,99,1564,3105,1564,3105,1564,true,0,0.0000,1564,UNSOLVED,1564,NaN,35417,83500
synth_d7_s7,synthetic,85,777,138,855,855,858,858,855,true,0,0.0000,855,UNSOLVED,855,NaN,104500,241000
synth_d7_s8,synthetic,122,3453,422,1430,2991,1425,3591,1425,true,5,-0.3497,1430,UNSOLVED,1425,NaN,510792,1187375
synth_d7_s9,synthetic,14,18,10,145,145,145,145,145,false,0,0.0000,145,OPTIMAL,145,NaN,2750,5417
synth_d7_s10,synthetic,58,100,43,441,441,625,625,441,true,0,0.0000,441,OPTIMAL,441,NaN,11333,22542
synth_d7_s11,synthetic,73,3532,483,1028,1028,1028,1028,1028,true,0,0.0000,1028,UNSOLVED,1028,NaN,580125,1369792
synth_d9_s0,synthetic,318,3541,867,4574,6059,4574,6059,4574,true,0,0.0000,4574,UNSOLVED,4574,NaN,758250,1776417
synth_d9_s1,synthetic,83,137,67,1391,1398,1391,1398,1391,false,0,0.0000,1391,OPTIMAL,1391,NaN,17833,36541
synth_d9_s2,synthetic,84,121,69,1106,1132,1106,1132,1106,false,0,0.0000,1106,OPTIMAL,1106,NaN,18209,36541
synth_d9_s3,synthetic,300,1689,361,4375,4804,4359,4839,4359,true,16,-0.3657,4375,UNSOLVED,4359,NaN,283459,624916
synth_d9_s4,synthetic,47,68,35,723,723,729,729,723,true,0,0.0000,723,OPTIMAL,723,NaN,9542,18791
synth_d9_s5,synthetic,213,345,169,3829,4076,3832,4079,3829,true,0,0.0000,3829,UNSOLVED,3829,NaN,52667,117917
synth_d9_s6,synthetic,156,239,121,2091,2116,2091,2116,2091,false,0,0.0000,2091,UNSOLVED,2091,NaN,33292,69958
synth_d9_s7,synthetic,24,30,19,514,514,514,514,514,false,0,0.0000,514,OPTIMAL,514,NaN,4542,8791
synth_d9_s8,synthetic,188,4320,1088,2039,4871,2042,4877,2039,true,0,0.0000,2039,UNSOLVED,2039,NaN,932584,2522334
synth_d9_s9,synthetic,41,66,38,251,279,251,279,251,false,0,0.0000,251,OPTIMAL,251,NaN,9917,19750
synth_d9_s10,synthetic,184,842,202,2531,2915,2531,2925,2531,true,0,0.0000,2531,UNSOLVED,2531,NaN,132958,291958
synth_d9_s11,synthetic,38,50,28,369,369,560,560,369,true,0,0.0000,369,OPTIMAL,369,NaN,6667,13000
synth_d11_s0,synthetic,279,582,234,4351,5063,4351,5063,4351,false,0,0.0000,4351,UNSOLVED,4351,NaN,110000,229250
synth_d11_s1,synthetic,206,3998,660,3229,3951,3229,3951,3229,true,0,0.0000,3229,UNSOLVED,3229,NaN,704500,1676291
synth_d11_s2,synthetic,19,26,12,145,145,145,145,145,false,0,0.0000,145,OPTIMAL,145,NaN,3458,6625
synth_d11_s3,synthetic,835,4664,1209,12667,14777,12667,14777,12667,true,0,0.0000,12667,UNSOLVED,12667,NaN,1098083,2589250
synth_d11_s4,synthetic,89,232,89,1848,2443,1668,2634,1668,true,180,-9.7403,1848,OPTIMAL,1668,1.000000,26042,55125
synth_d11_s5,synthetic,456,4590,973,7180,7409,7511,49366,7180,true,0,0.0000,7180,UNSOLVED,7180,NaN,971958,2207959
synth_d11_s6,synthetic,95,133,75,1941,3235,1948,3249,1941,true,0,0.0000,1941,OPTIMAL,1941,NaN,19792,40958
synth_d11_s7,synthetic,454,3287,625,7736,8852,7740,8866,7736,true,0,0.0000,7736,UNSOLVED,7736,NaN,612958,1407334
synth_d11_s8,synthetic,372,3978,817,5352,8259,5351,8471,5351,true,1,-0.0187,5352,UNSOLVED,5351,NaN,776417,1843042
synth_d11_s9,synthetic,21,27,18,372,372,372,372,372,false,0,0.0000,372,OPTIMAL,372,NaN,4583,8833
synth_d11_s10,synthetic,22,33,20,368,713,368,713,368,false,0,0.0000,368,OPTIMAL,368,NaN,5000,9583
synth_d11_s11,synthetic,89,159,72,1480,1483,1480,1483,1480,false,0,0.0000,1480,OPTIMAL,1480,NaN,19625,39875
