extractor,family,kernel,extent,cap,app_cap,input_nodes,inserted_classes,classes_after,live_classes,objective,scale,claimed,tree_cost,dag_cost,signed_error,error_frac,repaired_picks,sentinel_classes,arena_nodes,arena_dag_unweighted,sharing_ratio
cost-order-settling,cellgrid,cellgrid_80x24_d2,1600x768,5000,200000,667,123,4634,1322,shared,dag,471885322,7171840536,471885322,0,0.000000,,,116,428,15.198
dfs-post-order,cellgrid,cellgrid_80x24_d2,1600x768,5000,200000,667,123,4634,1322,shared,dag,471885322,7171840536,471885322,0,0.000000,0,0,117,428,15.198
cost-order-settling,cellgrid,cellgrid_80x24_d2,1600x768,20000,800000,667,123,18425,3998,shared,dag,470656522,10141211760,470656522,0,0.000000,,,116,427,21.547
dfs-post-order,cellgrid,cellgrid_80x24_d2,1600x768,20000,800000,667,123,18425,3998,shared,dag,470656522,10141211760,470656522,0,0.000000,0,0,117,427,21.547
cost-order-settling,cellgrid,cellgrid_80x24_d2,1600x768,50000,2000000,667,123,44441,8233,shared,dag,470656522,10141211760,470656522,0,0.000000,,,116,427,21.547
dfs-post-order,cellgrid,cellgrid_80x24_d2,1600x768,50000,2000000,667,123,44441,8233,shared,dag,470656522,10141211760,470656522,0,0.000000,15,1,117,427,21.547
cost-order-settling,chrome,chrome_packed,1920x1080,5000,200000,390815,465,4944,1351,shared,dag,3485751868,4137984610451,3485751868,0,0.000000,,,410,1737,1187.114
dfs-post-order,chrome,chrome_packed,1920x1080,5000,200000,390815,465,4944,1351,shared,dag,3346823903,4680920867178,3346823903,0,0.000000,0,8,398,1668,1398.616
cost-order-settling,chrome,chrome_packed,1920x1080,20000,800000,390815,465,17886,4054,shared,dag,3483709601,4777249033684,3483709601,0,0.000000,,,423,1778,1371.311
dfs-post-order,chrome,chrome_packed,1920x1080,20000,800000,390815,465,17886,4054,shared,dag,3301227397,5200036272570,3301227397,0,0.000000,0,10,403,1681,1575.183
cost-order-settling,chrome,chrome_packed,1920x1080,50000,2000000,390815,465,46074,10256,shared,dag,3533454368,4900698113946,3533454368,0,0.000000,,,419,1749,1386.943
dfs-post-order,chrome,chrome_packed,1920x1080,50000,2000000,390815,465,46074,10256,shared,dag,281,10961193953152,4564003324,-4564003043,-1.000000,1361,1620,518,2214,2401.662
cost-order-settling,chrome_channel,chrome_R,1920x1080,5000,200000,133101,351,4903,1208,shared,dag,2969425466,1316442394452,2969425466,0,0.000000,,,310,1486,443.332
dfs-post-order,chrome_channel,chrome_R,1920x1080,5000,200000,133101,351,4903,1208,shared,dag,2822203106,1377432219620,2822203106,0,0.000000,0,8,300,1418,488.070
cost-order-settling,chrome_channel,chrome_R,1920x1080,20000,800000,133101,351,17003,3829,shared,dag,2913458796,1595502007822,2913458796,0,0.000000,,,312,1488,547.632
dfs-post-order,chrome_channel,chrome_R,1920x1080,20000,800000,133101,351,17003,3829,shared,dag,2712319596,1723106591000,2712319596,0,0.000000,0,8,294,1391,635.289
cost-order-settling,chrome_channel,chrome_R,1920x1080,50000,2000000,133101,351,45777,10205,shared,dag,2946630967,1635727682372,2946630967,0,0.000000,,,312,1470,555.118
dfs-post-order,chrome_channel,chrome_R,1920x1080,50000,2000000,133101,351,45777,10205,shared,dag,738,4816394938248,4126473723,-4126472985,-1.000000,1177,1863,428,2002,1167.194
cost-order-settling,glyph16,glyph16_U0040,16x16,5000,200000,7803,3513,5000,3663,tree_cheaper,tree,48737049,48737049,3837896,0,0.000000,,,3432,15236,12.699
dfs-post-order,glyph16,glyph16_U0040,16x16,5000,200000,7803,3513,5000,3663,tree_cheaper,tree,48737049,48737049,3837896,0,0.000000,0,0,3432,15236,12.699
cost-order-settling,glyph16,glyph16_U0040,16x16,20000,800000,7803,3513,19508,7768,shared,dag,717660,1869295,717660,0,0.000000,,,3004,13815,2.605
dfs-post-order,glyph16,glyph16_U0040,16x16,20000,800000,7803,3513,19508,7768,shared,dag,715440,2245307,719146,-3706,-0.005153,82,92,2993,13786,3.122
cost-order-settling,glyph16,glyph16_U0040,16x16,50000,2000000,7803,3513,46744,12064,shared,dag,704562,1453570,704562,0,0.000000,,,2773,12522,2.063
dfs-post-order,glyph16,glyph16_U0040,16x16,50000,2000000,7803,3513,46744,12064,shared,dag,675984,1625536,705932,-29948,-0.042423,132,243,2839,12677,2.303
cost-order-settling,glyph16,glyph16_U0041,16x16,5000,200000,283,164,3699,575,tree_cheaper,tree,53340,53340,48108,0,0.000000,,,160,633,1.109
dfs-post-order,glyph16,glyph16_U0041,16x16,5000,200000,283,164,3699,575,tree_cheaper,tree,13835058055282200219,53340,48108,13835058055282146879,259374916671956.281250,3,3,160,633,1.109
cost-order-settling,glyph16,glyph16_U0041,16x16,20000,800000,283,164,13000,1273,tree_cheaper,tree,52380,52380,44968,0,0.000000,,,128,403,1.165
dfs-post-order,glyph16,glyph16_U0041,16x16,20000,800000,283,164,13000,1273,tree_cheaper,tree,13835058055282199739,52380,44968,13835058055282147359,264128637939712.625000,24,21,128,403,1.165
cost-order-settling,glyph16,glyph16_U0041,16x16,50000,2000000,283,164,28741,2976,tree_cheaper,tree,52380,52380,44968,0,0.000000,,,128,403,1.165
dfs-post-order,glyph16,glyph16_U0041,16x16,50000,2000000,283,164,28741,2976,tree_cheaper,tree,13835058055282199739,52380,44968,13835058055282147359,264128637939712.625000,94,88,128,403,1.165
cost-order-settling,glyph16,glyph16_U0042,16x16,5000,200000,3965,1820,4990,2637,shared,dag,394288,1431996,394288,0,0.000000,,,1749,7813,3.632
dfs-post-order,glyph16,glyph16_U0042,16x16,5000,200000,3965,1820,4990,2637,shared,dag,395639,1817322,395772,-133,-0.000336,4,36,1772,7902,4.592
cost-order-settling,glyph16,glyph16_U0042,16x16,20000,800000,3965,1820,19002,4790,shared,dag,364969,848770,364969,0,0.000000,,,1504,6559,2.326
dfs-post-order,glyph16,glyph16_U0042,16x16,20000,800000,3965,1820,19002,4790,shared,dag,356138,835618,360217,-4079,-0.011324,2,40,1466,6337,2.320
cost-order-settling,glyph16,glyph16_U0042,16x16,50000,2000000,3965,1820,40974,9726,shared,dag,318435,1446266,318435,0,0.000000,,,1466,6525,4.542
dfs-post-order,glyph16,glyph16_U0042,16x16,50000,2000000,3965,1820,40974,9726,shared,dag,315265,1459288,320029,-4764,-0.014886,20,58,1488,6559,4.560
cost-order-settling,glyph16,glyph16_U0043,16x16,5000,200000,3963,1807,4994,2636,shared,dag,387943,1514588,387943,0,0.000000,,,1747,7858,3.904
dfs-post-order,glyph16,glyph16_U0043,16x16,5000,200000,3963,1807,4994,2636,shared,dag,389213,1885242,389614,-401,-0.001029,6,24,1770,7954,4.839
cost-order-settling,glyph16,glyph16_U0043,16x16,20000,800000,3963,1807,19108,4725,shared,dag,358244,871386,358244,0,0.000000,,,1497,6584,2.432
dfs-post-order,glyph16,glyph16_U0043,16x16,20000,800000,3963,1807,19108,4725,shared,dag,347877,858672,354426,-6549,-0.018478,5,52,1469,6411,2.423
cost-order-settling,glyph16,glyph16_U0043,16x16,50000,2000000,3963,1807,41216,9768,shared,dag,312182,1419938,312182,0,0.000000,,,1448,6512,4.548
dfs-post-order,glyph16,glyph16_U0043,16x16,50000,2000000,3963,1807,41216,9768,shared,dag,292443,1628000,317686,-25243,-0.079459,154,113,1514,6781,5.125
cost-order-settling,glyph16,glyph16_U0044,16x16,5000,200000,2027,939,4870,2012,shared,dag,193819,491493,193819,0,0.000000,,,814,3649,2.536
dfs-post-order,glyph16,glyph16_U0044,16x16,5000,200000,2027,939,4870,2012,shared,dag,193403,495659,193964,-561,-0.002892,14,33,812,3644,2.555
cost-order-settling,glyph16,glyph16_U0044,16x16,20000,800000,2027,939,18017,4534,shared,dag,185008,566902,185008,0,0.000000,,,768,3388,3.064
dfs-post-order,glyph16,glyph16_U0044,16x16,20000,800000,2027,939,18017,4534,shared,dag,167562,757155,188377,-20815,-0.110497,100,77,825,3622,4.019
cost-order-settling,glyph16,glyph16_U0044,16x16,50000,2000000,2027,939,45337,8316,shared,dag,166285,630518,166285,0,0.000000,,,743,3190,3.792
dfs-post-order,glyph16,glyph16_U0044,16x16,50000,2000000,2027,939,45337,8316,shared,dag,121631,1773596,183528,-61897,-0.337262,1185,1409,984,4263,9.664
cost-order-settling,glyph16,glyph16_U0045,16x16,5000,200000,259,134,3531,497,tree_cheaper,tree,48092,48092,34606,0,0.000000,,,83,226,1.390
dfs-post-order,glyph16,glyph16_U0045,16x16,5000,200000,259,134,3531,497,tree_cheaper,tree,4611686018427430833,48092,34606,4611686018427382741,95892997139386.656250,4,4,83,226,1.390
cost-order-settling,glyph16,glyph16_U0045,16x16,20000,800000,259,134,14803,2345,tree_cheaper,tree,48092,48092,34606,0,0.000000,,,83,226,1.390
dfs-post-order,glyph16,glyph16_U0045,16x16,20000,800000,259,134,14803,2345,tree_cheaper,tree,4611686018427430833,48092,34606,4611686018427382741,95892997139386.656250,14,13,83,226,1.390
cost-order-settling,glyph16,glyph16_U0045,16x16,50000,2000000,259,134,34765,5641,tree_cheaper,tree,48092,48092,34606,0,0.000000,,,83,226,1.390
dfs-post-order,glyph16,glyph16_U0045,16x16,50000,2000000,259,134,34765,5641,tree_cheaper,tree,4611686018427430833,48092,34606,4611686018427382741,95892997139386.656250,46,41,83,226,1.390
cost-order-settling,glyph16,glyph16_U0046,16x16,5000,200000,225,118,3184,433,tree_cheaper,tree,41762,41762,29881,0,0.000000,,,72,196,1.398
dfs-post-order,glyph16,glyph16_U0046,16x16,5000,200000,225,118,3184,433,tree_cheaper,tree,4611686018427424503,41762,29881,4611686018427382741,110427805622991.781250,4,4,72,196,1.398
cost-order-settling,glyph16,glyph16_U0046,16x16,20000,800000,225,118,15019,2379,tree_cheaper,tree,41762,41762,29881,0,0.000000,,,72,196,1.398
dfs-post-order,glyph16,glyph16_U0046,16x16,20000,800000,225,118,15019,2379,tree_cheaper,tree,4611686018427424503,41762,29881,4611686018427382741,110427805622991.781250,20,20,72,196,1.398
cost-order-settling,glyph16,glyph16_U0046,16x16,50000,2000000,225,118,34637,5566,tree_cheaper,tree,41762,41762,29881,0,0.000000,,,72,196,1.398
dfs-post-order,glyph16,glyph16_U0046,16x16,50000,2000000,225,118,34637,5566,tree_cheaper,tree,4611686018427424503,41762,29881,4611686018427382741,110427805622991.781250,50,48,72,196,1.398
cost-order-settling,glyph16,glyph16_U0047,16x16,5000,200000,4031,1854,4994,2660,shared,dag,406546,1502710,406546,0,0.000000,,,1782,7936,3.696
dfs-post-order,glyph16,glyph16_U0047,16x16,5000,200000,4031,1854,4994,2660,shared,dag,407448,1847231,407849,-401,-0.000983,6,27,1801,8009,4.529
cost-order-settling,glyph16,glyph16_U0047,16x16,20000,800000,4031,1854,18874,4587,shared,dag,376509,889030,376509,0,0.000000,,,1538,6669,2.361
dfs-post-order,glyph16,glyph16_U0047,16x16,20000,800000,4031,1854,18874,4587,shared,dag,359639,882028,373347,-13708,-0.036717,24,65,1511,6537,2.362
cost-order-settling,glyph16,glyph16_U0047,16x16,50000,2000000,4031,1854,41150,9842,shared,dag,327787,1432472,327787,0,0.000000,,,1502,6667,4.370
dfs-post-order,glyph16,glyph16_U0047,16x16,50000,2000000,4031,1854,41150,9842,shared,dag,308404,1427845,331408,-23004,-0.069413,94,101,1545,6823,4.308
cost-order-settling,glyph16,glyph16_U0048,16x16,5000,200000,259,118,3202,428,tree_cheaper,tree,50652,50652,32985,0,0.000000,,,68,195,1.536
dfs-post-order,glyph16,glyph16_U0048,16x16,5000,200000,259,118,3202,428,tree_cheaper,tree,13835058055282198875,50652,32985,13835058055282148223,273139423029340.343750,10,10,68,195,1.536
cost-order-settling,glyph16,glyph16_U0048,16x16,20000,800000,259,118,14456,2149,tree_cheaper,tree,50652,50652,32985,0,0.000000,,,68,195,1.536
dfs-post-order,glyph16,glyph16_U0048,16x16,20000,800000,259,118,14456,2149,tree_cheaper,tree,13835058055282198875,50652,32985,13835058055282148223,273139423029340.343750,37,37,68,195,1.536
cost-order-settling,glyph16,glyph16_U0048,16x16,50000,2000000,259,118,35131,5622,tree_cheaper,tree,50652,50652,32985,0,0.000000,,,68,195,1.536
dfs-post-order,glyph16,glyph16_U0048,16x16,50000,2000000,259,118,35131,5622,tree_cheaper,tree,13835058055282198875,50652,32985,13835058055282148223,273139423029340.343750,96,96,68,195,1.536
cost-order-settling,glyph16,glyph16_U0049,16x16,5000,200000,259,122,3224,429,tree_cheaper,tree,50652,50652,33081,0,0.000000,,,70,201,1.531
dfs-post-order,glyph16,glyph16_U0049,16x16,5000,200000,259,122,3224,429,tree_cheaper,tree,13835058055282198875,50652,33081,13835058055282148223,273139423029340.343750,10,10,70,201,1.531
cost-order-settling,glyph16,glyph16_U0049,16x16,20000,800000,259,122,14767,2168,tree_cheaper,tree,50652,50652,33081,0,0.000000,,,70,201,1.531
dfs-post-order,glyph16,glyph16_U0049,16x16,20000,800000,259,122,14767,2168,tree_cheaper,tree,13835058055282198875,50652,33081,13835058055282148223,273139423029340.343750,46,46,70,201,1.531
cost-order-settling,glyph16,glyph16_U0049,16x16,50000,2000000,259,122,35088,5618,tree_cheaper,tree,50652,50652,33081,0,0.000000,,,70,201,1.531
dfs-post-order,glyph16,glyph16_U0049,16x16,50000,2000000,259,122,35088,5618,tree_cheaper,tree,13835058055282198875,50652,33081,13835058055282148223,273139423029340.343750,96,96,70,201,1.531
cost-order-settling,glyph16,glyph16_U004A,16x16,5000,200000,2111,982,4878,2061,shared,dag,209915,593610,209915,0,0.000000,,,867,3830,2.828
dfs-post-order,glyph16,glyph16_U004A,16x16,5000,200000,2111,982,4878,2061,shared,dag,209911,720604,210139,-228,-0.001085,4,29,860,3799,3.429
cost-order-settling,glyph16,glyph16_U004A,16x16,20000,800000,2111,982,17889,4619,shared,dag,197786,588604,197786,0,0.000000,,,810,3506,2.976
dfs-post-order,glyph16,glyph16_U004A,16x16,20000,800000,2111,982,17889,4619,shared,dag,186667,657337,199249,-12582,-0.063147,38,52,845,3649,3.299
cost-order-settling,glyph16,glyph16_U004A,16x16,50000,2000000,2111,982,45059,8185,shared,dag,179884,706456,179884,0,0.000000,,,790,3334,3.927
dfs-post-order,glyph16,glyph16_U004A,16x16,50000,2000000,2111,982,45059,8185,shared,dag,132152,1213544,197933,-65781,-0.332340,1194,1174,1022,4373,6.131
cost-order-settling,glyph16,glyph16_U004B,16x16,5000,200000,347,190,3750,581,tree_cheaper,tree,65603,65603,54634,0,0.000000,,,171,649,1.201
dfs-post-order,glyph16,glyph16_U004B,16x16,5000,200000,347,190,3750,581,tree_cheaper,tree,13835058055282212913,65603,54634,13835058055282147310,210890630844353.875000,3,3,171,649,1.201
cost-order-settling,glyph16,glyph16_U004B,16x16,20000,800000,347,190,12677,1593,tree_cheaper,tree,64812,64812,54197,0,0.000000,,,154,512,1.196
dfs-post-order,glyph16,glyph16_U004B,16x16,20000,800000,347,190,12677,1593,tree_cheaper,tree,13835058055282212435,64812,54197,13835058055282147623,213464451880549.093750,50,44,154,512,1.196
cost-order-settling,glyph16,glyph16_U004B,16x16,50000,2000000,347,190,37540,4304,tree_cheaper,tree,64752,64752,54177,0,0.000000,,,148,492,1.195
dfs-post-order,glyph16,glyph16_U004B,16x16,50000,2000000,347,190,37540,4304,tree_cheaper,tree,13835058055282212399,64752,54177,13835058055282147647,213662250668429.500000,79,70,148,492,1.195
cost-order-settling,glyph16,glyph16_U004C,16x16,5000,200000,157,87,2666,356,tree_cheaper,tree,29102,29102,22996,0,0.000000,,,55,151,1.266
dfs-post-order,glyph16,glyph16_U004C,16x16,5000,200000,157,87,2666,356,tree_cheaper,tree,4611686018427411843,29102,22996,4611686018427382741,158466291609765.062500,5,5,55,151,1.266
cost-order-settling,glyph16,glyph16_U004C,16x16,20000,800000,157,87,12207,1648,tree_cheaper,tree,29102,29102,22996,0,0.000000,,,55,151,1.266
dfs-post-order,glyph16,glyph16_U004C,16x16,20000,800000,157,87,12207,1648,tree_cheaper,tree,4611686018427411843,29102,22996,4611686018427382741,158466291609765.062500,32,27,55,151,1.266
cost-order-settling,glyph16,glyph16_U004C,16x16,50000,2000000,157,87,33004,5403,tree_cheaper,tree,29102,29102,22996,0,0.000000,,,55,151,1.266
dfs-post-order,glyph16,glyph16_U004C,16x16,50000,2000000,157,87,33004,5403,tree_cheaper,tree,4611686018427411843,29102,22996,4611686018427382741,158466291609765.062500,126,126,55,151,1.266
cost-order-settling,glyph16,glyph16_U004D,16x16,5000,200000,343,175,3654,558,tree_cheaper,tree,66452,66452,56634,0,0.000000,,,159,594,1.173
dfs-post-order,glyph16,glyph16_U004D,16x16,5000,200000,343,175,3654,558,tree_cheaper,tree,18446744073709551615,66452,56634,18446744073709485163,277595017060577.343750,4,4,159,594,1.173
cost-order-settling,glyph16,glyph16_U004D,16x16,20000,800000,343,175,12091,1505,tree_cheaper,tree,65792,65792,56273,0,0.000000,,,142,473,1.169
dfs-post-order,glyph16,glyph16_U004D,16x16,20000,800000,343,175,12091,1505,tree_cheaper,tree,18446744073709551615,65792,56273,18446744073709485823,280379743338240.000000,55,47,142,473,1.169
cost-order-settling,glyph16,glyph16_U004D,16x16,50000,2000000,343,175,36609,4464,tree_cheaper,tree,65744,65744,56257,0,0.000000,,,137,457,1.169
dfs-post-order,glyph16,glyph16_U004D,16x16,50000,2000000,343,175,36609,4464,tree_cheaper,tree,18446744073709551615,65744,56257,18446744073709485871,280584449892149.656250,86,74,137,457,1.169
cost-order-settling,glyph16,glyph16_U004E,16x16,5000,200000,267,130,2645,368,tree_cheaper,tree,51578,51578,41209,0,0.000000,,,104,334,1.252
dfs-post-order,glyph16,glyph16_U004E,16x16,5000,200000,267,130,2645,368,tree_cheaper,tree,13835058055282199338,51578,41209,13835058055282147760,268235644175465.250000,7,7,104,334,1.252
cost-order-settling,glyph16,glyph16_U004E,16x16,20000,800000,267,130,14580,2358,tree_cheaper,tree,51228,51228,41155,0,0.000000,,,91,280,1.245
dfs-post-order,glyph16,glyph16_U004E,16x16,20000,800000,267,130,14580,2358,tree_cheaper,tree,13835058055282199163,51228,41155,13835058055282147935,270068284049389.937500,29,29,91,280,1.245
cost-order-settling,glyph16,glyph16_U004E,16x16,50000,2000000,267,130,35493,5804,tree_cheaper,tree,51228,51228,41155,0,0.000000,,,91,280,1.245
dfs-post-order,glyph16,glyph16_U004E,16x16,50000,2000000,267,130,35493,5804,tree_cheaper,tree,13835058055282199163,51228,41155,13835058055282147935,270068284049389.937500,91,73,91,280,1.245
cost-order-settling,glyph16,glyph16_U004F,16x16,5000,200000,3863,1707,4991,2585,shared,dag,364244,1492023,364244,0,0.000000,,,1654,7454,4.096
dfs-post-order,glyph16,glyph16_U004F,16x16,5000,200000,3863,1707,4991,2585,shared,dag,365414,1964711,366336,-922,-0.002517,14,33,1685,7581,5.363
cost-order-settling,glyph16,glyph16_U004F,16x16,20000,800000,3863,1707,19163,4892,shared,dag,345380,834484,345380,0,0.000000,,,1416,6260,2.416
dfs-post-order,glyph16,glyph16_U004F,16x16,20000,800000,3863,1707,19163,4892,shared,dag,327212,820194,340857,-13645,-0.040031,8,69,1378,6057,2.406
cost-order-settling,glyph16,glyph16_U004F,16x16,50000,2000000,3863,1707,40876,9738,shared,dag,301896,1362228,301896,0,0.000000,,,1390,6276,4.512
dfs-post-order,glyph16,glyph16_U004F,16x16,50000,2000000,3863,1707,40876,9738,shared,dag,284069,1485446,305026,-20957,-0.068706,128,146,1431,6406,4.870
cost-order-settling,psychedelic,psychedelic_packed,1920x1080,5000,200000,1246,112,4670,1263,shared,dag,742644909,4903648303,742644909,0,0.000000,,,111,821,6.603
dfs-post-order,psychedelic,psychedelic_packed,1920x1080,5000,200000,1246,112,4670,1263,tree_cheaper,tree,4044763099,4044763099,750939309,0,0.000000,2,2,112,825,5.386
cost-order-settling,psychedelic,psychedelic_packed,1920x1080,20000,800000,1246,112,17907,3694,shared,dag,742650308,4903635342,742650308,0,0.000000,,,110,825,6.603
dfs-post-order,psychedelic,psychedelic_packed,1920x1080,20000,800000,1246,112,17907,3694,tree_cheaper,tree,4044756618,4044756618,750944708,0,0.000000,9,8,111,829,5.386
cost-order-settling,psychedelic,psychedelic_packed,1920x1080,50000,2000000,1246,112,47130,7712,shared,dag,742650308,4903635342,742650308,0,0.000000,,,110,825,6.603
dfs-post-order,psychedelic,psychedelic_packed,1920x1080,50000,2000000,1246,112,47130,7712,tree_cheaper,tree,4044756618,4044756618,750944708,0,0.000000,209,164,111,829,5.386
cost-order-settling,shader,shader_cosine_palette,256x256,5000,200000,40,34,4611,1308,tree_cheaper,tree,23016192,23016192,18418432,0,0.000000,,,25,292,1.250
dfs-post-order,shader,shader_cosine_palette,256x256,5000,200000,40,34,4611,1308,tree_cheaper,tree,23016192,23016192,18418432,0,0.000000,18,6,25,292,1.250
cost-order-settling,shader,shader_cosine_palette,256x256,20000,800000,40,34,18258,3234,shared,dag,14945324,39474732,14945324,0,0.000000,,,37,539,2.641
dfs-post-order,shader,shader_cosine_palette,256x256,20000,800000,40,34,18258,3234,tree_cheaper,tree,23016192,23016192,18418432,0,0.000000,205,114,25,292,1.250
cost-order-settling,shader,shader_cosine_palette,256x256,50000,2000000,40,34,43848,8882,shared,dag,14158886,31343910,14158886,0,0.000000,,,33,521,2.214
dfs-post-order,shader,shader_cosine_palette,256x256,50000,2000000,40,34,43848,8882,tree_cheaper,tree,23016192,23016192,18418432,0,0.000000,576,264,25,292,1.250
cost-order-settling,shader,shader_domain_warp_fbm,256x256,5000,200000,84,67,4591,1244,shared,dag,26813184,327324672,26813184,0,0.000000,,,58,444,12.208
dfs-post-order,shader,shader_domain_warp_fbm,256x256,5000,200000,84,67,4591,1244,tree_cheaper,tree,127599632,127599632,27664132,0,0.000000,1,1,63,457,4.612
cost-order-settling,shader,shader_domain_warp_fbm,256x256,20000,800000,84,67,18774,4694,shared,dag,26419968,252053504,26419968,0,0.000000,,,58,438,9.540
dfs-post-order,shader,shader_domain_warp_fbm,256x256,20000,800000,84,67,18774,4694,tree_cheaper,tree,126288896,126288896,27205376,0,0.000000,5,4,62,446,4.642
cost-order-settling,shader,shader_domain_warp_fbm,256x256,50000,2000000,84,67,44384,10173,shared,dag,26418692,252068912,26418692,0,0.000000,,,58,437,9.541
dfs-post-order,shader,shader_domain_warp_fbm,256x256,50000,2000000,84,67,44384,10173,tree_cheaper,tree,125500448,125500448,26876164,0,0.000000,8,3,59,439,4.670
cost-order-settling,shader,shader_gyroid_slice,256x256,5000,200000,40,38,775,102,tree_cheaper,tree,22957868,22957868,21444647,0,0.000000,,,33,932,1.071
dfs-post-order,shader,shader_gyroid_slice,256x256,5000,200000,40,38,775,102,tree_cheaper,tree,22957868,22957868,21444647,0,0.000000,0,0,33,932,1.071
cost-order-settling,shader,shader_gyroid_slice,256x256,20000,800000,40,38,775,102,tree_cheaper,tree,22957868,22957868,21444647,0,0.000000,,,33,932,1.071
dfs-post-order,shader,shader_gyroid_slice,256x256,20000,800000,40,38,775,102,tree_cheaper,tree,22957868,22957868,21444647,0,0.000000,0,0,33,932,1.071
cost-order-settling,shader,shader_gyroid_slice,256x256,50000,2000000,40,38,775,102,tree_cheaper,tree,22957868,22957868,21444647,0,0.000000,,,33,932,1.071
dfs-post-order,shader,shader_gyroid_slice,256x256,50000,2000000,40,38,775,102,tree_cheaper,tree,22957868,22957868,21444647,0,0.000000,0,0,33,932,1.071
cost-order-settling,shader,shader_julia_set,256x256,5000,200000,122,110,4535,819,shared,dag,39788800,421772985856,39788800,0,0.000000,,,106,640,10600.294
dfs-post-order,shader,shader_julia_set,256x256,5000,200000,122,110,4535,819,tree_cheaper,tree,18446744073709551615,583256506368,45226752,18446743490453045247,31627154.243547,81,12,123,717,12896.272
cost-order-settling,shader,shader_julia_set,256x256,20000,800000,122,110,17032,2602,tree_cheaper,tree,367820210176,367820210176,38740480,0,0.000000,,,102,625,9494.467
dfs-post-order,shader,shader_julia_set,256x256,20000,800000,122,110,17032,2602,tree_cheaper,tree,18446744073709551615,551213438976,43459072,18446743522496112639,33465699.887080,573,211,118,697,12683.507
cost-order-settling,shader,shader_julia_set,256x256,50000,2000000,122,110,34749,4499,tree_cheaper,tree,367820210176,367820210176,38740480,0,0.000000,,,102,625,9494.467
dfs-post-order,shader,shader_julia_set,256x256,50000,2000000,122,110,34749,4499,shared,dag,155916,9584548203520,55980544,-55824628,-0.997215,1077,1135,170,904,171212.130
cost-order-settling,shader,shader_kaleidoscope_fold,256x256,5000,200000,46,43,131,57,tree_cheaper,tree,107906368,107906368,34605840,0,0.000000,,,39,555,3.118
dfs-post-order,shader,shader_kaleidoscope_fold,256x256,5000,200000,46,43,131,57,tree_cheaper,tree,107906368,107906368,34933520,0,0.000000,0,0,40,560,3.089
cost-order-settling,shader,shader_kaleidoscope_fold,256x256,20000,800000,46,43,131,57,tree_cheaper,tree,107906368,107906368,34605840,0,0.000000,,,39,555,3.118
dfs-post-order,shader,shader_kaleidoscope_fold,256x256,20000,800000,46,43,131,57,tree_cheaper,tree,107906368,107906368,34933520,0,0.000000,0,0,40,560,3.089
cost-order-settling,shader,shader_kaleidoscope_fold,256x256,50000,2000000,46,43,131,57,tree_cheaper,tree,107906368,107906368,34605840,0,0.000000,,,39,555,3.118
dfs-post-order,shader,shader_kaleidoscope_fold,256x256,50000,2000000,46,43,131,57,tree_cheaper,tree,107906368,107906368,34933520,0,0.000000,0,0,40,560,3.089
cost-order-settling,shader,shader_mandelbrot_distance,256x256,5000,200000,152,128,3675,415,shared,dag,32445952,32339909632,32445952,0,0.000000,,,96,517,996.732
dfs-post-order,shader,shader_mandelbrot_distance,256x256,5000,200000,152,128,3675,415,shared,dag,33555968,33280416768,32707328,848640,0.025946,1,81,96,518,1017.522
cost-order-settling,shader,shader_mandelbrot_distance,256x256,20000,800000,152,128,6287,237,shared,dag,32445952,32339909632,32445952,0,0.000000,,,96,517,996.732
dfs-post-order,shader,shader_mandelbrot_distance,256x256,20000,800000,152,128,6287,237,tree_cheaper,tree,18446744073709551615,34927197696,37492480,18446744038782353919,528148413.146095,200,200,115,595,931.579
cost-order-settling,shader,shader_mandelbrot_distance,256x256,50000,2000000,152,128,6287,237,shared,dag,32445952,32339909632,32445952,0,0.000000,,,96,517,996.732
dfs-post-order,shader,shader_mandelbrot_distance,256x256,50000,2000000,152,128,6287,237,tree_cheaper,tree,18446744073709551615,34927197696,37492480,18446744038782353919,528148413.146095,200,200,115,595,931.579
cost-order-settling,shader,shader_metaballs,256x256,5000,200000,62,52,2584,286,tree_cheaper,tree,17139200,17139200,6954240,0,0.000000,,,45,135,2.465
dfs-post-order,shader,shader_metaballs,256x256,5000,200000,62,52,2584,286,shared,dag,1048576,17925632,8264960,-7216384,-0.873130,2,25,50,155,2.169
cost-order-settling,shader,shader_metaballs,256x256,20000,800000,62,52,13429,1870,tree_cheaper,tree,17139200,17139200,6954240,0,0.000000,,,45,135,2.465
dfs-post-order,shader,shader_metaballs,256x256,20000,800000,62,52,13429,1870,tree_cheaper,tree,4611686018427387903,17204736,7019776,4611686018410183167,268047473579.959808,119,99,45,136,2.451
cost-order-settling,shader,shader_metaballs,256x256,50000,2000000,62,52,33876,4530,tree_cheaper,tree,17139200,17139200,6954240,0,0.000000,,,45,135,2.465
dfs-post-order,shader,shader_metaballs,256x256,50000,2000000,62,52,33876,4530,tree_cheaper,tree,4611686018427387903,22655488,9530880,4611686018404732415,203557125690.902466,1050,924,75,255,2.377
cost-order-settling,shader,shader_plasma,256x256,5000,200000,37,35,3439,591,tree_cheaper,tree,18444800,18444800,17260544,0,0.000000,,,29,359,1.069
dfs-post-order,shader,shader_plasma,256x256,5000,200000,37,35,3439,591,tree_cheaper,tree,18444800,18444800,17260544,0,0.000000,0,0,29,359,1.069
cost-order-settling,shader,shader_plasma,256x256,20000,800000,37,35,12661,1319,tree_cheaper,tree,18444800,18444800,17260544,0,0.000000,,,29,359,1.069
dfs-post-order,shader,shader_plasma,256x256,20000,800000,37,35,12661,1319,tree_cheaper,tree,18444800,18444800,17260544,0,0.000000,0,0,29,359,1.069
cost-order-settling,shader,shader_plasma,256x256,50000,2000000,37,35,29370,2197,tree_cheaper,tree,18444800,18444800,17260544,0,0.000000,,,29,359,1.069
dfs-post-order,shader,shader_plasma,256x256,50000,2000000,37,35,29370,2197,tree_cheaper,tree,18444800,18444800,17260544,0,0.000000,0,0,29,359,1.069
cost-order-settling,shader,shader_smooth_min_scene,256x256,5000,200000,43,40,2609,234,tree_cheaper,tree,20282901,20282901,6099989,0,0.000000,,,37,134,3.325
dfs-post-order,shader,shader_smooth_min_scene,256x256,5000,200000,43,40,2609,234,tree_cheaper,tree,4611686018433624575,21724672,7345152,4611686018411899903,212278740890.168549,28,28,39,132,2.958
cost-order-settling,shader,shader_smooth_min_scene,256x256,20000,800000,43,40,6973,423,tree_cheaper,tree,20282901,20282901,6099989,0,0.000000,,,37,134,3.325
dfs-post-order,shader,shader_smooth_min_scene,256x256,20000,800000,43,40,6973,423,tree_cheaper,tree,21003776,21003776,7345152,0,0.000000,67,64,39,132,2.860
cost-order-settling,shader,shader_smooth_min_scene,256x256,50000,2000000,43,40,15437,639,tree_cheaper,tree,20282901,20282901,6099989,0,0.000000,,,37,134,3.325
dfs-post-order,shader,shader_smooth_min_scene,256x256,50000,2000000,43,40,15437,639,shared,dag,4527129,21593674,6755349,-2228220,-0.329845,18,50,39,144,3.197
cost-order-settling,shader,shader_smoothstep_vignette,256x256,5000,200000,64,50,283,82,tree_cheaper,tree,29399629,29399629,7867199,0,0.000000,,,49,194,3.737
dfs-post-order,shader,shader_smoothstep_vignette,256x256,5000,200000,64,50,283,82,tree_cheaper,tree,29399629,29399629,7867199,0,0.000000,0,0,49,194,3.737
cost-order-settling,shader,shader_smoothstep_vignette,256x256,20000,800000,64,50,283,82,tree_cheaper,tree,29399629,29399629,7867199,0,0.000000,,,49,194,3.737
dfs-post-order,shader,shader_smoothstep_vignette,256x256,20000,800000,64,50,283,82,tree_cheaper,tree,29399629,29399629,7867199,0,0.000000,0,0,49,194,3.737
cost-order-settling,shader,shader_smoothstep_vignette,256x256,50000,2000000,64,50,283,82,tree_cheaper,tree,29399629,29399629,7867199,0,0.000000,,,49,194,3.737
dfs-post-order,shader,shader_smoothstep_vignette,256x256,50000,2000000,64,50,283,82,tree_cheaper,tree,29399629,29399629,7867199,0,0.000000,0,0,49,194,3.737
cost-order-settling,shader,shader_star_sdf,256x256,5000,200000,66,58,3878,638,tree_cheaper,tree,115184128,115184128,10554112,0,0.000000,,,58,172,10.914
dfs-post-order,shader,shader_star_sdf,256x256,5000,200000,66,58,3878,638,tree_cheaper,tree,115184128,115184128,10554112,0,0.000000,0,0,58,172,10.914
cost-order-settling,shader,shader_star_sdf,256x256,20000,800000,66,58,13888,2050,tree_cheaper,tree,115184128,115184128,10554112,0,0.000000,,,58,172,10.914
dfs-post-order,shader,shader_star_sdf,256x256,20000,800000,66,58,13888,2050,tree_cheaper,tree,115184128,115184128,10554112,0,0.000000,0,0,58,172,10.914
cost-order-settling,shader,shader_star_sdf,256x256,50000,2000000,66,58,36782,4760,tree_cheaper,tree,115184128,115184128,10554112,0,0.000000,,,58,172,10.914
dfs-post-order,shader,shader_star_sdf,256x256,50000,2000000,66,58,36782,4760,tree_cheaper,tree,115184128,115184128,10554112,0,0.000000,0,0,58,172,10.914
cost-order-settling,shader,shader_torus_slice,256x256,5000,200000,38,34,2750,205,tree_cheaper,tree,12788252,12788252,6884110,0,0.000000,,,32,130,1.858
dfs-post-order,shader,shader_torus_slice,256x256,5000,200000,38,34,2750,205,shared,dag,6884110,12788260,6884110,0,0.000000,0,0,31,130,1.858
cost-order-settling,shader,shader_torus_slice,256x256,20000,800000,38,34,3005,198,tree_cheaper,tree,12788252,12788252,6884110,0,0.000000,,,32,130,1.858
dfs-post-order,shader,shader_torus_slice,256x256,20000,800000,38,34,3005,198,shared,dag,6884110,12788260,6884110,0,0.000000,0,0,31,130,1.858
cost-order-settling,shader,shader_torus_slice,256x256,50000,2000000,38,34,3005,198,tree_cheaper,tree,12788252,12788252,6884110,0,0.000000,,,32,130,1.858
dfs-post-order,shader,shader_torus_slice,256x256,50000,2000000,38,34,3005,198,shared,dag,6884110,12788260,6884110,0,0.000000,0,0,31,130,1.858
