name,group,nodes,tier,stop,machine_dependent,iters,max_iters,classes,max_classes,apps,unions,journal_unions,elapsed_ms,cost,dp_cost,ext_nodes,ref_stop,ref_iters,ref_classes,ref_apps,ref_elapsed_ms,ref_cost,loss_vs_ref_pct,lifted_stop,lifted_iters,lifted_classes,lifted_apps,lifted_elapsed_ms,lifted_cost,loss_vs_lifted_pct,anomaly
cellgrid:120x40_d2,cellgrid,623,classical,ClassCap,false,7,100,4768,5000,13286,3537,3554,67.4,432,6235,120,ClassCap,7,4768,13286,65.4,432,0.00,NearLiftedCap,7,18841,51870,231.7,432,0.00,-
cellgrid:80x24_d1,cellgrid,623,classical,ClassCap,false,7,100,4768,5000,13283,3538,3555,65.4,427,6235,117,ClassCap,7,4768,13283,65.5,427,0.00,NearLiftedCap,7,18842,51876,231.7,427,0.00,-
cellgrid:80x24_d2,cellgrid,623,classical,ClassCap,false,7,100,4768,5000,13286,3537,3554,65.7,432,6235,120,ClassCap,7,4768,13286,65.4,432,0.00,NearLiftedCap,7,18841,51870,231.0,432,0.00,-
glyph16:U+0020,glyph16,1,blitz,Quiesced,false,1,20,1,500,0,0,0,0.0,0,0,1,Quiesced,1,1,0,0.0,0,NaN,Quiesced,1,1,0,0.0,0,NaN,-
glyph16:U+0021,glyph16,1927,classical,ClassCap,false,8,100,4844,5000,16081,3446,3481,113.7,3063,1015294,718,ClassCap,8,4844,16081,114.2,3063,0.00,NearLiftedCap,8,19614,86675,16548.7,3071,-0.26,more saturation extracted WORSE: cost prod=3063 ref=3063 lifted=3071
glyph16:U+0022,glyph16,199,classical,Timeout,true,5,100,3609,5000,18218,2980,2994,205.3,290,481,82,ClassCap,9,4179,44284,1664.5,214,35.51,Quiesced,11,16533,162274,19528.6,214,35.51,-
glyph16:U+0023,glyph16,615,classical,Timeout,true,4,100,4553,5000,13623,3778,3788,200.7,965,8001121,253,ClassCap,9,4620,32040,935.5,739,30.58,Quiesced,9,16455,163549,50835.1,749,28.84,more saturation extracted WORSE: cost prod=965 ref=739 lifted=749
glyph16:U+0024,glyph16,7185,classical,ClassCap,false,4,100,5000,5000,1962,1761,1761,51.9,13115,119985,2982,ClassCap,4,5000,1962,51.7,13115,0.00,NearLiftedCap,8,19708,46700,556.4,11957,9.68,-
glyph16:U+0025,glyph16,7327,classical,ClassCap,false,4,100,5000,5000,2081,1830,1833,51.1,12619,121960,2793,ClassCap,4,5000,2081,51.9,12619,0.00,NearLiftedCap,8,19758,51204,1177.1,11277,11.90,-
glyph16:U+0026,glyph16,9420,classical,ClassCap,false,2,100,5000,5000,698,692,692,28.9,17979,288778,4021,ClassCap,2,5000,698,28.8,17979,0.00,NearLiftedCap,6,19839,32598,314.9,15625,15.07,-
glyph16:U+0027,glyph16,127,classical,Timeout,true,6,100,4133,5000,22050,3475,3485,384.5,137,1000182,53,ClassCap,9,4376,38714,2236.1,133,3.01,Quiesced,11,17976,126960,22183.0,133,3.01,-
glyph16:U+0028,glyph16,1855,classical,ClassCap,false,5,100,4870,5000,10896,3445,3480,69.9,3051,9012581,716,ClassCap,5,4870,10896,70.1,3051,0.00,NearLiftedCap,7,19658,80050,11777.7,3684,-17.18,more saturation extracted WORSE: cost prod=3051 ref=3051 lifted=3684
glyph16:U+0029,glyph16,1855,classical,ClassCap,false,5,100,4870,5000,10902,3446,3481,68.6,3051,9012581,718,ClassCap,5,4870,10902,68.4,3051,0.00,NearLiftedCap,7,19658,78934,10324.7,3649,-16.39,more saturation extracted WORSE: cost prod=3051 ref=3051 lifted=3649
glyph16:U+002A,glyph16,559,classical,Timeout,true,5,100,4839,5000,15357,3835,3839,281.7,1003,1536,282,ClassCap,8,4873,20703,730.1,931,7.73,Quiesced,9,17798,137878,45446.6,737,36.09,-
glyph16:U+002B,glyph16,247,classical,ClassCap,false,7,100,2078,5000,27850,1827,1835,75.8,319,3000416,97,ClassCap,7,2078,27850,75.9,319,0.00,Quiesced,12,2346,60676,153.3,319,0.00,-
glyph16:U+002C,glyph16,1694,classical,ClassCap,false,7,100,4912,5000,12649,3500,3531,128.1,2770,64009751,654,ClassCap,7,4912,12649,126.9,2770,0.00,NearLiftedCap,7,19670,80180,12572.2,3437,-19.41,more saturation extracted WORSE: cost prod=2770 ref=2770 lifted=3437
glyph16:U+002D,glyph16,119,classical,Quiesced,false,7,100,1035,5000,15080,910,918,35.7,133,232,50,Quiesced,7,1035,15080,35.2,133,0.00,Quiesced,7,1035,15080,35.1,133,0.00,-
glyph16:U+002E,glyph16,1855,classical,ClassCap,false,5,100,4912,5000,10563,3511,3546,84.3,2877,100011159,659,ClassCap,5,4912,10563,84.5,2877,0.00,NearLiftedCap,8,19660,82394,10852.6,3088,-6.83,more saturation extracted WORSE: cost prod=2877 ref=2877 lifted=3088
glyph16:U+002F,glyph16,127,classical,Timeout,true,5,100,3294,5000,17350,2822,2847,208.4,166,1000194,53,ClassCap,8,3889,40727,1420.0,134,23.88,Quiesced,11,14884,193275,58151.8,128,29.69,-
glyph16:U+0030,glyph16,5402,classical,ClassCap,false,4,100,5000,5000,2818,2115,2162,49.5,9922,63104,2219,ClassCap,4,5000,2818,49.5,9922,0.00,NearLiftedCap,8,19709,54997,1110.4,8746,13.45,-
glyph16:U+0031,glyph16,1452,classical,ClassCap,false,8,100,4855,5000,18583,3512,3537,193.1,2420,15002171,596,ClassCap,8,4855,18583,193.6,2420,0.00,NearLiftedCap,8,19410,85370,14806.8,2421,-0.04,more saturation extracted WORSE: cost prod=2420 ref=2420 lifted=2421
glyph16:U+0032,glyph16,3891,classical,ClassCap,false,4,100,4995,5000,3851,2502,2562,49.5,6961,41949,1595,ClassCap,4,4995,3851,49.1,6961,0.00,NearLiftedCap,8,19637,65091,2689.4,6406,8.66,-
glyph16:U+0033,glyph16,6993,classical,ClassCap,false,4,100,5000,5000,2015,1801,1801,50.5,12785,118257,2892,ClassCap,4,5000,2015,51.0,12785,0.00,NearLiftedCap,8,19728,46631,534.6,11630,9.93,-
glyph16:U+0034,glyph16,1637,classical,ClassCap,false,8,100,4848,5000,17523,3492,3521,157.0,2680,61008462,654,ClassCap,8,4848,17523,159.5,2680,0.00,NearLiftedCap,8,19362,81146,6216.1,2656,0.90,-
glyph16:U+0035,glyph16,4546,classical,ClassCap,false,4,100,5000,5000,3268,2336,2391,48.2,8102,50180,1839,ClassCap,4,5000,3268,48.2,8102,0.00,NearLiftedCap,8,19685,59032,1294.1,7363,10.04,-
glyph16:U+0036,glyph16,8067,classical,ClassCap,false,2,100,5000,5000,1394,1337,1337,28.0,15249,245969,3414,ClassCap,2,5000,1394,27.4,15249,0.00,NearLiftedCap,7,19607,44108,328.1,13401,13.79,-
glyph16:U+0037,glyph16,191,classical,Timeout,true,5,100,3440,5000,18864,2930,2951,218.3,278,2000306,90,ClassCap,8,4021,41407,1530.1,240,15.83,Quiesced,12,15906,215864,101642.7,240,15.83,-
glyph16:U+0038,glyph16,9774,classical,ClassCap,false,2,100,5000,5000,585,580,580,29.2,18500,299657,4126,ClassCap,2,5000,585,28.5,18500,0.00,NearLiftedCap,6,19839,31728,309.1,16102,14.89,-
glyph16:U+0039,glyph16,8267,classical,ClassCap,false,2,100,5000,5000,1262,1226,1226,27.4,15698,255187,3520,ClassCap,2,5000,1262,27.0,15698,0.00,NearLiftedCap,7,19742,40547,322.8,13705,14.54,-
glyph16:U+003A,glyph16,3655,classical,ClassCap,false,4,100,4986,5000,4612,2716,2778,47.7,6131,35495,1399,ClassCap,4,4986,4612,47.5,6131,0.00,NearLiftedCap,8,19572,68515,2191.5,5908,3.77,-
glyph16:U+003B,glyph16,3494,classical,ClassCap,false,3,100,4987,5000,4286,2724,2783,36.8,5957,34477,1390,ClassCap,3,4987,4286,36.1,5957,0.00,NearLiftedCap,8,19606,70491,3073.4,5415,10.01,-
glyph16:U+003C,glyph16,295,classical,ClassCap,false,8,100,3103,5000,40606,2695,2711,194.9,394,3000500,131,ClassCap,8,3103,40606,192.5,394,0.00,Quiesced,17,4347,155496,528.5,394,0.00,-
glyph16:U+003D,glyph16,183,classical,Quiesced,false,7,100,1514,5000,21429,1334,1342,47.1,231,405,77,Quiesced,7,1514,21429,48.1,231,0.00,Quiesced,7,1514,21429,47.5,231,0.00,-
glyph16:U+003E,glyph16,295,classical,ClassCap,false,8,100,3113,5000,40709,2705,2721,200.1,399,4000451,132,ClassCap,8,3113,40709,198.9,399,0.00,Quiesced,17,4360,156076,555.9,399,0.00,-
glyph16:U+003F,glyph16,6716,classical,ClassCap,false,4,100,5000,5000,2094,1840,1840,51.6,12160,111523,2730,ClassCap,4,5000,2094,50.4,12160,0.00,NearLiftedCap,8,19742,49644,591.0,11103,9.52,-
glyph16:U+0040,glyph16,12056,classical,ClassCap,false,0,100,5226,5000,0,0,0,0.0,23527,409366,5226,ClassCap,0,5226,0,0.0,23527,0.00,NearLiftedCap,5,19925,20287,239.1,21300,10.46,-
glyph16:U+0041,glyph16,1605,classical,ClassCap,false,8,100,4862,5000,17426,3515,3544,182.9,2588,35005238,622,ClassCap,8,4862,17426,183.2,2588,0.00,NearLiftedCap,9,19098,110559,40245.1,2503,3.40,-
glyph16:U+0042,glyph16,4470,classical,ClassCap,false,4,100,4999,5000,3416,2368,2430,48.2,7956,48431,1800,ClassCap,4,4999,3416,48.4,7956,0.00,NearLiftedCap,6,19719,49179,824.0,7291,9.12,-
glyph16:U+0043,glyph16,5129,classical,ClassCap,false,4,100,4998,5000,3012,2181,2237,48.9,9423,59084,2114,ClassCap,4,4998,3012,49.1,9423,0.00,NearLiftedCap,7,19777,52456,682.2,8401,12.17,-
glyph16:U+0044,glyph16,2606,classical,ClassCap,false,4,100,4947,5000,6656,3036,3086,52.7,4559,24342,1082,ClassCap,4,4947,6656,52.9,4559,0.00,NearLiftedCap,7,19535,69662,3914.2,4211,8.26,-
glyph16:U+0045,glyph16,247,classical,Timeout,true,6,100,4142,5000,26083,3610,3626,370.6,335,6000255,109,ClassCap,8,4206,38457,978.7,335,0.00,Quiesced,12,15751,214391,54737.4,335,0.00,-
glyph16:U+0046,glyph16,215,classical,Timeout,true,6,100,4105,5000,25694,3586,3602,399.9,285,5000222,95,ClassCap,8,4177,38573,1052.5,285,0.00,Quiesced,13,15838,239006,83022.5,285,0.00,-
glyph16:U+0047,glyph16,4563,classical,ClassCap,false,4,100,5000,5000,3251,2324,2378,49.2,8219,50443,1859,ClassCap,4,5000,3251,48.9,8219,0.00,NearLiftedCap,8,19791,55636,912.8,7581,8.42,-
glyph16:U+0048,glyph16,247,classical,Timeout,true,6,100,4137,5000,26063,3597,3613,227.6,328,6000255,98,ClassCap,8,4213,38354,1052.2,328,0.00,Quiesced,12,15919,213463,63238.0,314,4.46,-
glyph16:U+0049,glyph16,391,classical,Timeout,true,5,100,4291,5000,20353,3684,3694,350.1,582,5000670,161,ClassCap,8,4372,36105,1262.1,506,15.02,Quiesced,10,16191,175503,40833.9,496,17.34,-
glyph16:U+004A,glyph16,2425,classical,ClassCap,false,5,100,4918,5000,8164,3112,3155,62.6,4052,22515,973,ClassCap,5,4918,8164,62.5,4052,0.00,NearLiftedCap,8,19725,70683,2391.1,3957,2.40,-
glyph16:U+004B,glyph16,617,classical,Timeout,true,6,100,4736,5000,18249,3840,3856,231.1,898,6000847,253,ClassCap,8,4741,23708,369.2,878,2.28,NearLiftedCap,8,18793,104943,55077.5,956,-6.07,more saturation extracted WORSE: cost prod=898 ref=878 lifted=956
glyph16:U+004C,glyph16,151,classical,Timeout,true,5,100,3096,5000,16197,2652,2669,369.3,185,1000254,66,ClassCap,9,4099,43770,3165.6,185,0.00,Quiesced,13,15680,234419,97148.0,185,0.00,-
glyph16:U+004D,glyph16,2345,classical,ClassCap,false,4,100,4946,5000,7201,3222,3249,54.8,4118,17320,972,ClassCap,4,4946,7201,54.4,4118,0.00,NearLiftedCap,10,19423,83395,8927.5,3862,6.63,-
glyph16:U+004E,glyph16,1399,classical,ClassCap,false,8,100,4889,5000,15269,3548,3577,148.3,2379,41007086,576,ClassCap,8,4889,15269,148.9,2379,0.00,NearLiftedCap,8,19313,84246,8677.0,2328,2.19,-
glyph16:U+004F,glyph16,5945,classical,ClassCap,false,4,100,5000,5000,2587,2027,2039,49.9,10741,80217,2385,ClassCap,4,5000,2587,50.1,10741,0.00,NearLiftedCap,6,19690,46988,720.2,9800,9.60,-
glyph16:U+0050,glyph16,2409,classical,ClassCap,false,5,100,4929,5000,8446,3165,3214,71.6,3971,21855,964,ClassCap,5,4929,8446,70.3,3971,0.00,NearLiftedCap,7,19533,71132,4423.7,3911,1.53,-
glyph16:U+0051,glyph16,6053,classical,ClassCap,false,4,100,5000,5000,2553,2012,2017,49.8,10729,82009,2414,ClassCap,4,5000,2553,50.7,10729,0.00,NearLiftedCap,8,19690,54757,1145.7,9696,10.65,-
glyph16:U+0052,glyph16,2710,classical,ClassCap,false,4,100,4962,5000,6141,3001,3051,52.3,4771,24684,1139,ClassCap,4,4962,6141,51.7,4771,0.00,NearLiftedCap,8,19392,76155,4224.0,4290,11.21,-
glyph16:U+0053,glyph16,7616,classical,ClassCap,false,3,100,5000,5000,1712,1591,1591,40.1,14050,131325,3171,ClassCap,3,5000,1712,40.1,14050,0.00,NearLiftedCap,5,19772,33271,272.8,12567,11.80,-
glyph16:U+0054,glyph16,183,classical,Timeout,true,6,100,4083,5000,24640,3574,3590,412.8,227,4000189,75,ClassCap,8,4160,37723,1304.1,227,0.00,Quiesced,13,15811,237313,99499.4,227,0.00,-
glyph16:U+0055,glyph16,2899,classical,ClassCap,false,5,100,4953,5000,6574,2928,2978,62.1,5080,27573,1205,ClassCap,5,4953,6574,62.2,5080,0.00,NearLiftedCap,8,19663,69350,2574.0,4584,10.82,-
glyph16:U+0056,glyph16,1573,classical,ClassCap,false,8,100,4857,5000,16634,3517,3550,160.1,2586,54007967,612,ClassCap,8,4857,16634,159.3,2586,0.00,NearLiftedCap,8,19402,92220,21043.1,2618,-1.22,more saturation extracted WORSE: cost prod=2586 ref=2586 lifted=2618
glyph16:U+0057,glyph16,7232,classical,ClassCap,false,4,100,5000,5000,1940,1735,1737,50.9,13478,110600,3017,ClassCap,4,5000,1940,50.6,13478,0.00,NearLiftedCap,8,19886,36093,442.5,12180,10.66,-
glyph16:U+0058,glyph16,343,classical,Timeout,true,4,100,4219,5000,14406,3588,3598,214.2,612,4000613,170,ClassCap,8,4374,35682,2055.4,420,45.71,Quiesced,10,15306,194584,86302.1,420,45.71,-
glyph16:U+0059,glyph16,263,classical,Timeout,true,5,100,4233,5000,20560,3665,3693,313.8,393,3000440,114,ClassCap,8,4301,37790,1745.5,317,23.97,Quiesced,10,15737,178236,82426.6,317,23.97,-
glyph16:U+005A,glyph16,255,classical,Timeout,true,4,100,3227,5000,12831,2743,2763,210.7,393,3000426,121,ClassCap,8,4227,39024,1687.6,345,13.91,Quiesced,11,15239,201179,70387.2,345,13.91,-
glyph16:U+005B,glyph16,183,classical,Quiesced,false,7,100,1519,5000,21494,1336,1344,48.4,234,400,81,Quiesced,7,1519,21494,48.1,234,0.00,Quiesced,7,1519,21494,48.1,234,0.00,-
glyph16:U+005C,glyph16,127,classical,Timeout,true,5,100,3294,5000,17350,2822,2847,211.0,166,1000194,53,ClassCap,8,3889,40727,1441.8,134,23.88,Quiesced,11,14884,193275,57675.0,128,29.69,-
glyph16:U+005D,glyph16,183,classical,Quiesced,false,7,100,1517,5000,21364,1332,1340,47.8,244,410,83,Quiesced,7,1517,21364,47.2,244,0.00,Quiesced,7,1517,21364,47.4,244,0.00,-
glyph16:U+005E,glyph16,199,classical,Timeout,true,5,100,3596,5000,18351,2960,2974,205.4,299,481,91,ClassCap,9,4182,44398,1738.8,223,34.08,Quiesced,11,16610,160500,19868.2,223,34.08,-
glyph16:U+005F,glyph16,119,classical,Timeout,true,6,100,2944,5000,22600,2614,2623,299.4,129,2000132,47,ClassCap,10,3545,55242,1601.9,129,0.00,Quiesced,17,12944,334615,110756.1,129,0.00,-
glyph16:U+0060,glyph16,1722,classical,ClassCap,false,5,100,4827,5000,11627,3464,3495,221.2,2822,87011372,675,ClassCap,5,4827,11627,285.0,2822,0.00,NearLiftedCap,7,19596,83979,14201.1,3500,-19.37,more saturation extracted WORSE: cost prod=2822 ref=2822 lifted=3500
glyph16:U+0061,glyph16,5743,classical,ClassCap,false,4,100,5000,5000,2589,2030,2042,58.8,10588,74649,2389,ClassCap,4,5000,2589,56.4,10588,0.00,NearLiftedCap,8,19783,53579,858.5,9639,9.85,-
glyph16:U+0062,glyph16,5129,classical,ClassCap,false,4,100,4998,5000,3026,2186,2246,50.0,9394,57768,2105,ClassCap,4,4998,3026,50.8,9394,0.00,NearLiftedCap,8,19789,54507,852.4,8374,12.18,-
glyph16:U+0063,glyph16,4671,classical,ClassCap,false,4,100,5000,5000,3252,2313,2369,49.5,8385,52503,1881,ClassCap,4,5000,3252,49.8,8385,0.00,NearLiftedCap,7,19796,53711,755.8,7764,8.00,-
glyph16:U+0064,glyph16,5864,classical,ClassCap,false,4,100,5000,5000,2542,2014,2021,62.6,10743,78579,2420,ClassCap,4,5000,2542,54.4,10743,0.00,NearLiftedCap,8,19789,53684,904.2,9824,9.35,-
glyph16:U+0065,glyph16,4872,classical,ClassCap,false,4,100,4998,5000,3176,2264,2317,54.3,8737,54816,1964,ClassCap,4,4998,3176,49.7,8737,0.00,NearLiftedCap,8,19787,55902,991.3,8055,8.47,-
glyph16:U+0066,glyph16,2364,classical,ClassCap,false,5,100,4930,5000,8613,3200,3245,81.4,3925,20652,960,ClassCap,5,4930,8613,88.2,3925,0.00,NearLiftedCap,8,19491,80180,8910.3,3706,5.91,-
glyph16:U+0067,glyph16,7009,classical,ClassCap,false,4,100,5000,5000,2009,1803,1803,53.0,12787,117575,2887,ClassCap,4,5000,2009,51.1,12787,0.00,NearLiftedCap,8,19717,47597,613.1,11623,10.01,-
glyph16:U+0068,glyph16,2931,classical,ClassCap,false,4,100,4978,5000,5491,2942,2996,63.8,5114,27010,1208,ClassCap,4,4978,5491,55.7,5114,0.00,NearLiftedCap,7,19317,69544,3180.4,4578,11.71,-
glyph16:U+0069,glyph16,2123,classical,ClassCap,false,8,100,4880,5000,15272,3368,3409,156.0,3395,16699,806,ClassCap,8,4880,15272,191.8,3395,0.00,NearLiftedCap,8,19379,91004,14029.2,3370,0.74,-
glyph16:U+006A,glyph16,4293,classical,ClassCap,false,4,100,4998,5000,3427,2421,2478,48.9,7463,46595,1690,ClassCap,4,4998,3427,49.0,7463,0.00,NearLiftedCap,7,19796,53818,675.5,6987,6.81,-
glyph16:U+006B,glyph16,1460,classical,ClassCap,false,8,100,4852,5000,18239,3517,3546,175.5,2430,13002210,596,ClassCap,8,4852,18239,175.9,2430,0.00,NearLiftedCap,8,19281,94885,27747.1,2237,8.63,-
glyph16:U+006C,glyph16,323,classical,Timeout,true,4,100,3837,5000,14063,3251,3274,208.9,503,5000492,146,ClassCap,8,4359,36736,2635.9,421,19.48,Quiesced,10,15636,178386,48840.6,431,16.71,more saturation extracted WORSE: cost prod=503 ref=421 lifted=431
glyph16:U+006D,glyph16,5289,classical,ClassCap,false,4,100,4999,5000,2968,2155,2213,49.2,9615,60996,2164,ClassCap,4,4999,2968,49.3,9615,0.00,NearLiftedCap,8,19734,55153,1053.3,8701,10.50,-
glyph16:U+006E,glyph16,2264,classical,ClassCap,false,8,100,4925,5000,12175,3234,3279,124.1,3708,20082,909,ClassCap,8,4925,12175,125.2,3708,0.00,NearLiftedCap,8,19548,80347,9507.4,3591,3.26,-
glyph16:U+006F,glyph16,5716,classical,ClassCap,false,4,100,5000,5000,2702,2074,2109,50.4,10218,71985,2287,ClassCap,4,5000,2702,50.4,10218,0.00,NearLiftedCap,6,19696,47551,751.8,9268,10.25,-
glyph16:U+0070,glyph16,5406,classical,ClassCap,false,4,100,4999,5000,2841,2117,2162,51.7,9879,64692,2222,ClassCap,4,4999,2841,52.4,9879,0.00,NearLiftedCap,8,19751,55342,764.1,9013,9.61,-
glyph16:U+0071,glyph16,5046,classical,ClassCap,false,4,100,4998,5000,3104,2218,2274,50.8,9156,55199,2052,ClassCap,4,4998,3104,51.5,9156,0.00,NearLiftedCap,8,19766,54770,724.4,8087,13.22,-
glyph16:U+0072,glyph16,2456,classical,ClassCap,false,5,100,4944,5000,7671,3102,3144,68.6,4152,21517,1016,ClassCap,5,4944,7671,68.1,4152,0.00,NearLiftedCap,8,19354,82102,7160.9,3874,7.18,-
glyph16:U+0073,glyph16,6929,classical,ClassCap,false,4,100,5000,5000,2041,1811,1811,53.9,12668,117681,2853,ClassCap,4,5000,2041,52.7,12668,0.00,NearLiftedCap,6,19721,40703,377.3,11522,9.95,-
glyph16:U+0074,glyph16,2421,classical,ClassCap,false,5,100,4928,5000,7907,3094,3133,62.2,4088,21144,996,ClassCap,5,4928,7907,62.8,4088,0.00,NearLiftedCap,8,19487,75445,3863.5,3985,2.58,-
glyph16:U+0075,glyph16,2493,classical,ClassCap,false,5,100,4924,5000,7957,3073,3115,63.8,4135,22529,1001,ClassCap,5,4924,7957,63.6,4135,0.00,NearLiftedCap,7,19752,69829,2437.3,4135,0.00,-
glyph16:U+0076,glyph16,1115,classical,ClassCap,false,8,100,4839,5000,19266,3636,3662,208.6,1625,10001415,403,ClassCap,8,4839,19427,225.8,1625,0.00,NearLiftedCap,8,19471,82904,17089.3,1713,-5.14,"reference stopped at production's round but trajectories differ: prod(unions=3636,classes=4839,apps=19266,cost=1625) ref(unions=3636,classes=4839,apps=19427,cost=1625)"
glyph16:U+0077,glyph16,3663,classical,ClassCap,false,4,100,4995,5000,3978,2551,2607,48.9,6577,39056,1504,ClassCap,4,4995,3978,48.7,6577,0.00,NearLiftedCap,8,19738,55938,1484.6,5942,10.69,-
glyph16:U+0078,glyph16,343,classical,Timeout,true,4,100,4215,5000,14396,3590,3600,210.0,599,4000613,161,ClassCap,8,4379,35750,1343.3,407,47.17,Quiesced,10,15210,197097,90580.0,407,47.17,-
glyph16:U+0079,glyph16,3530,classical,ClassCap,false,4,100,4993,5000,4251,2623,2673,60.5,6260,38104,1446,ClassCap,4,4993,4251,67.3,6260,0.00,NearLiftedCap,8,19701,65430,4358.1,5777,8.36,-
glyph16:U+007A,glyph16,255,classical,Timeout,true,4,100,3227,5000,12831,2743,2763,279.5,393,3000426,122,ClassCap,8,4225,39040,3451.4,345,13.91,Quiesced,11,15238,201185,85396.7,345,13.91,-
glyph16:U+007B,glyph16,4598,classical,ClassCap,false,4,100,5000,5000,3293,2330,2385,50.9,8171,49027,1863,ClassCap,4,5000,3293,79.0,8171,0.00,NearLiftedCap,7,19800,53565,814.0,7735,5.64,-
glyph16:U+007C,glyph16,119,classical,Quiesced,false,7,100,1044,5000,15325,924,932,48.1,133,1000178,49,Quiesced,7,1044,15325,41.2,133,0.00,Quiesced,7,1044,15325,49.5,133,0.00,-
glyph16:U+007D,glyph16,4598,classical,ClassCap,false,4,100,5000,5000,3294,2338,2393,67.9,8172,48979,1854,ClassCap,4,5000,3294,63.7,8172,0.00,NearLiftedCap,8,19791,56488,972.2,7701,6.12,-
glyph16:U+007E,glyph16,5093,classical,ClassCap,false,4,100,5000,5000,3002,2197,2254,68.4,9338,60095,2086,ClassCap,4,5000,3002,61.2,9338,0.00,NearLiftedCap,6,19709,47992,1083.2,8201,13.86,-
glyph32:U+0020,glyph32,1,blitz,Quiesced,false,1,20,1,500,0,0,0,0.0,0,0,1,Quiesced,1,1,0,0.0,0,NaN,Quiesced,1,1,0,0.0,0,NaN,-
glyph32:U+0021,glyph32,1927,classical,ClassCap,false,8,100,4844,5000,16081,3446,3481,126.3,3063,1015294,718,ClassCap,8,4844,16081,134.5,3063,0.00,NearLiftedCap,8,19614,86675,20764.6,3071,-0.26,more saturation extracted WORSE: cost prod=3063 ref=3063 lifted=3071
glyph32:U+0022,glyph32,199,classical,Timeout,true,5,100,3609,5000,18218,2980,2994,208.6,290,481,82,ClassCap,9,4179,44284,1838.6,214,35.51,Quiesced,11,16533,162274,26727.9,214,35.51,-
glyph32:U+0023,glyph32,615,classical,Timeout,true,4,100,4552,5000,13625,3778,3788,251.5,965,8001121,253,ClassCap,9,4619,32079,1082.3,739,30.58,Quiesced,9,16454,163574,91964.3,749,28.84,more saturation extracted WORSE: cost prod=965 ref=739 lifted=749
glyph32:U+0024,glyph32,7185,classical,ClassCap,false,4,100,5000,5000,1962,1761,1761,64.6,13115,119985,2982,ClassCap,4,5000,1962,115.2,13115,0.00,NearLiftedCap,8,19709,46664,697.7,11957,9.68,-
glyph32:U+0025,glyph32,7327,classical,ClassCap,false,4,100,5000,5000,2081,1830,1833,62.5,12619,121960,2793,ClassCap,4,5000,2081,64.0,12619,0.00,NearLiftedCap,8,19758,51204,1458.2,11277,11.90,-
glyph32:U+0026,glyph32,9420,classical,ClassCap,false,2,100,5000,5000,698,692,692,33.1,17979,288778,4021,ClassCap,2,5000,698,32.6,17979,0.00,NearLiftedCap,6,19839,32598,379.6,15625,15.07,-
glyph32:U+0027,glyph32,127,classical,Timeout,true,6,100,4133,5000,22050,3475,3485,455.8,137,1000182,53,ClassCap,9,4376,38714,3667.0,133,3.01,Quiesced,11,17976,126960,42284.9,133,3.01,-
glyph32:U+0028,glyph32,1855,classical,ClassCap,false,5,100,4870,5000,10896,3445,3480,101.8,3051,9012581,716,ClassCap,5,4870,10896,98.3,3051,0.00,NearLiftedCap,7,19658,80050,14690.8,3684,-17.18,more saturation extracted WORSE: cost prod=3051 ref=3051 lifted=3684
glyph32:U+0029,glyph32,1855,classical,ClassCap,false,5,100,4870,5000,10902,3446,3481,76.0,3051,9012581,718,ClassCap,5,4870,10902,80.8,3051,0.00,NearLiftedCap,7,19658,78934,12374.5,3649,-16.39,more saturation extracted WORSE: cost prod=3051 ref=3051 lifted=3649
glyph32:U+002A,glyph32,559,classical,Timeout,true,5,100,4839,5000,15357,3835,3839,227.4,1003,1536,282,ClassCap,8,4873,20703,812.7,931,7.73,Quiesced,9,17798,137878,53024.1,737,36.09,-
glyph32:U+002B,glyph32,247,classical,ClassCap,false,7,100,2078,5000,27850,1827,1835,91.7,319,3000416,97,ClassCap,7,2078,27850,104.0,319,0.00,Quiesced,12,2346,60676,183.8,319,0.00,-
glyph32:U+002C,glyph32,1694,classical,ClassCap,false,7,100,4912,5000,12649,3500,3531,143.4,2770,64009751,654,ClassCap,7,4912,12649,161.5,2770,0.00,NearLiftedCap,7,19670,80180,18011.3,3437,-19.41,more saturation extracted WORSE: cost prod=2770 ref=2770 lifted=3437
glyph32:U+002D,glyph32,119,classical,Quiesced,false,7,100,1034,5000,15080,910,918,44.1,133,232,50,Quiesced,7,1034,15080,35.3,133,0.00,Quiesced,7,1034,15080,50.0,133,0.00,-
glyph32:U+002E,glyph32,1855,classical,ClassCap,false,5,100,4912,5000,10563,3511,3546,117.6,2877,100011159,659,ClassCap,5,4912,10563,111.5,2877,0.00,NearLiftedCap,8,19660,82394,12413.2,3088,-6.83,more saturation extracted WORSE: cost prod=2877 ref=2877 lifted=3088
glyph32:U+002F,glyph32,127,classical,Timeout,true,5,100,3294,5000,17350,2822,2847,260.8,166,1000194,53,ClassCap,8,3889,40727,4968.3,134,23.88,Quiesced,11,14884,193275,114181.7,128,29.69,-
glyph32:U+0030,glyph32,5402,classical,ClassCap,false,4,100,5000,5000,2818,2115,2162,59.2,9922,63104,2219,ClassCap,4,5000,2818,51.6,9922,0.00,NearLiftedCap,8,19709,54997,1268.1,8746,13.45,-
glyph32:U+0031,glyph32,1452,classical,Timeout,true,7,100,4855,5000,16801,3512,3537,204.1,2420,15002171,596,ClassCap,8,4855,18583,219.3,2420,0.00,NearLiftedCap,8,19410,85384,16883.5,2421,-0.04,more saturation extracted WORSE: cost prod=2420 ref=2420 lifted=2421
glyph32:U+0032,glyph32,3891,classical,ClassCap,false,4,100,4995,5000,3851,2502,2562,56.5,6961,41949,1595,ClassCap,4,4995,3851,52.8,6961,0.00,NearLiftedCap,8,19635,65114,2996.5,6406,8.66,-
glyph32:U+0033,glyph32,6993,classical,ClassCap,false,4,100,5000,5000,2015,1801,1801,63.8,12785,118257,2892,ClassCap,4,5000,2015,59.9,12785,0.00,NearLiftedCap,8,19728,46631,655.2,11630,9.93,-
glyph32:U+0034,glyph32,1637,classical,ClassCap,false,8,100,4847,5000,17562,3492,3521,180.7,2680,61008462,654,ClassCap,8,4847,17562,169.5,2680,0.00,NearLiftedCap,8,19362,81149,6918.9,2656,0.90,-
glyph32:U+0035,glyph32,4546,classical,ClassCap,false,4,100,5000,5000,3268,2336,2391,52.2,8102,50180,1839,ClassCap,4,5000,3268,56.2,8102,0.00,NearLiftedCap,8,19685,59015,1502.9,7363,10.04,-
glyph32:U+0036,glyph32,8067,classical,ClassCap,false,2,100,5000,5000,1394,1337,1337,28.9,15249,245969,3414,ClassCap,2,5000,1394,27.9,15249,0.00,NearLiftedCap,7,19607,44108,357.3,13401,13.79,-
glyph32:U+0037,glyph32,191,classical,Timeout,true,5,100,3442,5000,18863,2931,2952,220.7,278,2000306,90,ClassCap,8,4021,41404,1696.0,240,15.83,Quiesced,12,15905,215887,152487.7,240,15.83,-
glyph32:U+0038,glyph32,9774,classical,ClassCap,false,2,100,5000,5000,585,580,580,33.2,18500,299657,4126,ClassCap,2,5000,585,28.8,18500,0.00,NearLiftedCap,6,19839,31728,383.0,16102,14.89,-
glyph32:U+0039,glyph32,8267,classical,ClassCap,false,2,100,5000,5000,1262,1226,1226,40.0,15698,255187,3520,ClassCap,2,5000,1262,38.6,15698,0.00,NearLiftedCap,7,19742,40547,401.0,13705,14.54,-
glyph32:U+003A,glyph32,3655,classical,ClassCap,false,4,100,4986,5000,4612,2716,2778,54.8,6131,35495,1399,ClassCap,4,4986,4612,66.2,6131,0.00,NearLiftedCap,8,19572,68515,2697.0,5908,3.77,-
glyph32:U+003B,glyph32,3494,classical,ClassCap,false,3,100,4987,5000,4286,2724,2783,38.6,5957,34477,1390,ClassCap,3,4987,4286,36.6,5957,0.00,NearLiftedCap,8,19606,70491,3808.1,5415,10.01,-
glyph32:U+003C,glyph32,295,classical,ClassCap,false,8,100,3104,5000,35831,2695,2711,200.5,394,3000500,131,ClassCap,8,3104,40605,249.7,394,0.00,Quiesced,17,4348,155496,728.0,394,0.00,"reference stopped at production's round but trajectories differ: prod(unions=2695,classes=3104,apps=35831,cost=394) ref(unions=2695,classes=3104,apps=40605,cost=394)"
glyph32:U+003D,glyph32,183,classical,Quiesced,false,7,100,1514,5000,21429,1334,1342,48.2,231,405,77,Quiesced,7,1514,21429,54.4,231,0.00,Quiesced,7,1514,21429,67.9,231,0.00,-
glyph32:U+003E,glyph32,295,classical,Timeout,true,7,100,3114,5000,32726,2705,2721,223.0,399,4000451,132,ClassCap,8,3114,40702,234.8,399,0.00,Quiesced,17,4361,156076,684.8,399,0.00,-
glyph32:U+003F,glyph32,6716,classical,ClassCap,false,4,100,5000,5000,2094,1840,1840,68.5,12160,111523,2730,ClassCap,4,5000,2094,75.7,12160,0.00,NearLiftedCap,8,19742,49644,1604.6,11103,9.52,-
glyph32:U+0040,glyph32,12056,classical,ClassCap,false,0,100,5226,5000,0,0,0,0.0,23527,409366,5226,ClassCap,0,5226,0,0.0,23527,0.00,NearLiftedCap,5,19925,20287,653.2,21300,10.46,-
glyph32:U+0041,glyph32,1605,classical,Timeout,true,6,100,4859,5000,14176,3512,3541,225.2,2600,35005242,625,ClassCap,8,4862,17426,461.7,2588,0.46,NearLiftedCap,9,19098,110559,53772.4,2503,3.88,-
glyph32:U+0042,glyph32,4470,classical,ClassCap,false,4,100,4999,5000,3416,2368,2430,64.1,7956,48431,1800,ClassCap,4,4999,3416,85.9,7956,0.00,NearLiftedCap,6,19718,49210,1117.4,7291,9.12,-
glyph32:U+0043,glyph32,5129,classical,ClassCap,false,4,100,4998,5000,3012,2181,2237,51.5,9423,59084,2114,ClassCap,4,4998,3012,62.9,9423,0.00,NearLiftedCap,7,19777,52456,851.7,8401,12.17,-
glyph32:U+0044,glyph32,2606,classical,ClassCap,false,4,100,4947,5000,6656,3036,3086,64.6,4559,24342,1082,ClassCap,4,4947,6656,79.7,4559,0.00,NearLiftedCap,7,19532,69700,5443.3,4211,8.26,-
glyph32:U+0045,glyph32,247,classical,Timeout,true,6,100,4019,5000,23070,3497,3513,204.6,335,1000500,109,ClassCap,8,4204,38487,1298.6,335,0.00,Quiesced,12,15750,214405,65585.6,335,0.00,-
glyph32:U+0046,glyph32,215,classical,Timeout,true,6,100,3597,5000,19938,3105,3121,200.4,285,1000418,95,ClassCap,8,4176,38582,1335.7,285,0.00,Quiesced,13,15837,239019,117898.1,285,0.00,-
glyph32:U+0047,glyph32,4563,classical,ClassCap,false,4,100,5000,5000,3251,2324,2378,58.6,8219,50443,1859,ClassCap,4,5000,3251,63.2,8219,0.00,NearLiftedCap,8,19791,55636,998.8,7581,8.42,-
glyph32:U+0048,glyph32,247,classical,Timeout,true,6,100,4137,5000,26069,3598,3614,256.4,328,6000255,98,ClassCap,8,4213,38360,1279.1,328,0.00,Quiesced,12,15918,213483,76029.8,314,4.46,-
glyph32:U+0049,glyph32,391,classical,Timeout,true,4,100,4053,5000,14452,3455,3465,211.9,602,5000680,165,ClassCap,8,4372,36113,1845.5,506,18.97,Quiesced,10,16191,175509,59274.4,496,21.37,-
glyph32:U+004A,glyph32,2425,classical,ClassCap,false,5,100,4918,5000,8164,3112,3155,72.0,4052,22515,973,ClassCap,5,4918,8164,69.5,4052,0.00,NearLiftedCap,8,19725,70671,4017.1,3957,2.40,-
glyph32:U+004B,glyph32,617,classical,Timeout,true,5,100,4730,5000,15622,3835,3851,239.7,973,6000892,258,ClassCap,8,4740,23735,518.5,878,10.82,NearLiftedCap,8,18792,104962,50317.0,956,1.78,more saturation extracted WORSE: cost prod=973 ref=878 lifted=956
glyph32:U+004C,glyph32,151,classical,Timeout,true,6,100,3979,5000,23522,3495,3512,449.8,185,3000156,66,ClassCap,9,4098,43781,1738.9,185,0.00,Quiesced,13,15679,234434,96996.8,185,0.00,-
glyph32:U+004D,glyph32,2345,classical,ClassCap,false,4,100,4946,5000,7201,3222,3249,63.4,4118,17320,972,ClassCap,4,4946,7201,62.2,4118,0.00,NearLiftedCap,10,19422,83437,9086.3,3862,6.63,-
glyph32:U+004E,glyph32,1399,classical,ClassCap,false,8,100,4888,5000,15308,3548,3577,166.2,2379,41007086,576,ClassCap,8,4888,15308,171.3,2379,0.00,NearLiftedCap,8,19314,84207,9750.8,2328,2.19,-
glyph32:U+004F,glyph32,5945,classical,ClassCap,false,4,100,5000,5000,2587,2027,2039,54.2,10741,80217,2385,ClassCap,4,5000,2587,58.7,10741,0.00,NearLiftedCap,6,19690,46988,829.7,9800,9.60,-
glyph32:U+0050,glyph32,2409,classical,ClassCap,false,5,100,4929,5000,8446,3165,3214,78.0,3971,21855,964,ClassCap,5,4929,8446,80.1,3971,0.00,NearLiftedCap,7,19533,71148,4987.1,3911,1.53,-
glyph32:U+0051,glyph32,6053,classical,ClassCap,false,4,100,5000,5000,2553,2012,2017,55.7,10729,82009,2414,ClassCap,4,5000,2553,50.1,10729,0.00,NearLiftedCap,8,19690,54757,1327.4,9696,10.65,-
glyph32:U+0052,glyph32,2710,classical,ClassCap,false,4,100,4962,5000,6141,3001,3051,64.0,4771,24684,1139,ClassCap,4,4962,6141,54.6,4771,0.00,NearLiftedCap,8,19391,76196,4827.7,4290,11.21,-
glyph32:U+0053,glyph32,7616,classical,ClassCap,false,3,100,5000,5000,1712,1591,1591,46.2,14050,131325,3171,ClassCap,3,5000,1712,57.6,14050,0.00,NearLiftedCap,5,19772,33271,318.7,12567,11.80,-
glyph32:U+0054,glyph32,183,classical,Timeout,true,6,100,4082,5000,24645,3574,3590,468.9,227,4000189,75,ClassCap,8,4159,37735,1231.4,227,0.00,Quiesced,13,15810,237326,93329.0,227,0.00,-
glyph32:U+0055,glyph32,2899,classical,ClassCap,false,5,100,4953,5000,6574,2928,2978,74.2,5080,27573,1205,ClassCap,5,4953,6574,77.5,5080,0.00,NearLiftedCap,8,19661,69398,2748.6,4584,10.82,-
glyph32:U+0056,glyph32,1573,classical,ClassCap,false,8,100,4857,5000,16634,3517,3550,184.6,2586,54007967,612,ClassCap,8,4857,16634,228.7,2586,0.00,NearLiftedCap,8,19402,92220,24141.3,2618,-1.22,more saturation extracted WORSE: cost prod=2586 ref=2586 lifted=2618
glyph32:U+0057,glyph32,7232,classical,ClassCap,false,4,100,5000,5000,1940,1735,1737,60.7,13478,110600,3017,ClassCap,4,5000,1940,56.2,13478,0.00,NearLiftedCap,8,19886,36093,494.4,12180,10.66,-
glyph32:U+0058,glyph32,343,classical,Timeout,true,4,100,4219,5000,14406,3588,3598,254.5,612,4000613,170,ClassCap,8,4374,35682,1534.2,420,45.71,Quiesced,10,15306,194584,67476.9,420,45.71,-
glyph32:U+0059,glyph32,263,classical,Timeout,true,5,100,4234,5000,20563,3666,3694,405.8,393,3000440,114,ClassCap,8,4303,37770,1221.2,317,23.97,Quiesced,10,15736,178243,66937.4,317,23.97,-
glyph32:U+005A,glyph32,255,classical,Timeout,true,5,100,3951,5000,20145,3388,3409,295.8,383,3000421,119,ClassCap,8,4227,39027,1472.0,345,11.01,Quiesced,11,15238,201185,72550.1,345,11.01,-
glyph32:U+005B,glyph32,183,classical,Quiesced,false,7,100,1519,5000,21494,1336,1344,58.3,234,400,81,Quiesced,7,1519,21494,49.1,234,0.00,Quiesced,7,1519,21494,61.4,234,0.00,-
glyph32:U+005C,glyph32,127,classical,Timeout,true,5,100,3294,5000,17350,2822,2847,241.3,166,1000194,53,ClassCap,8,3889,40727,1572.8,134,23.88,Quiesced,11,14884,193275,68654.1,128,29.69,-
glyph32:U+005D,glyph32,183,classical,Quiesced,false,7,100,1517,5000,21364,1332,1340,52.6,244,410,83,Quiesced,7,1517,21364,47.4,244,0.00,Quiesced,7,1517,21364,59.6,244,0.00,-
glyph32:U+005E,glyph32,199,classical,Timeout,true,5,100,3596,5000,18351,2960,2974,235.7,299,481,91,ClassCap,9,4182,44398,1975.6,223,34.08,Quiesced,11,16610,160500,22397.8,223,34.08,-
glyph32:U+005F,glyph32,119,classical,Timeout,true,6,100,2944,5000,22600,2614,2623,344.6,129,2000132,47,ClassCap,10,3545,55242,1856.7,129,0.00,Quiesced,17,12944,334615,81787.7,129,0.00,-
glyph32:U+0060,glyph32,1722,classical,ClassCap,false,5,100,4827,5000,11627,3464,3495,76.2,2822,87011372,675,ClassCap,5,4827,11627,75.6,2822,0.00,NearLiftedCap,7,19596,83979,6514.9,3500,-19.37,more saturation extracted WORSE: cost prod=2822 ref=2822 lifted=3500
glyph32:U+0061,glyph32,5743,classical,ClassCap,false,4,100,5000,5000,2589,2030,2042,102.9,10588,74649,2389,ClassCap,4,5000,2589,67.3,10588,0.00,NearLiftedCap,8,19783,53579,976.3,9639,9.85,-
glyph32:U+0062,glyph32,5129,classical,ClassCap,false,4,100,4998,5000,3026,2186,2246,52.0,9394,57768,2105,ClassCap,4,4998,3026,59.3,9394,0.00,NearLiftedCap,8,19789,54507,1017.5,8374,12.18,-
glyph32:U+0063,glyph32,4671,classical,ClassCap,false,4,100,5000,5000,3252,2313,2369,60.4,8385,52503,1881,ClassCap,4,5000,3252,64.4,8385,0.00,NearLiftedCap,7,19796,53711,806.1,7764,8.00,-
glyph32:U+0064,glyph32,5864,classical,ClassCap,false,4,100,5000,5000,2542,2014,2021,58.2,10743,78579,2420,ClassCap,4,5000,2542,56.3,10743,0.00,NearLiftedCap,8,19789,53684,889.9,9824,9.35,-
glyph32:U+0065,glyph32,4872,classical,ClassCap,false,4,100,4998,5000,3176,2264,2317,56.8,8737,54816,1964,ClassCap,4,4998,3176,59.4,8737,0.00,NearLiftedCap,8,19787,55902,1041.0,8055,8.47,-
glyph32:U+0066,glyph32,2364,classical,ClassCap,false,5,100,4930,5000,8613,3200,3245,73.3,3925,20652,960,ClassCap,5,4930,8613,86.8,3925,0.00,NearLiftedCap,8,19489,80217,10221.7,3706,5.91,-
glyph32:U+0067,glyph32,7009,classical,ClassCap,false,4,100,5000,5000,2009,1803,1803,67.0,12787,117575,2887,ClassCap,4,5000,2009,68.5,12787,0.00,NearLiftedCap,8,19717,47597,690.9,11623,10.01,-
glyph32:U+0068,glyph32,2931,classical,ClassCap,false,4,100,4978,5000,5491,2942,2996,100.5,5114,27010,1208,ClassCap,4,4978,5491,82.8,5114,0.00,NearLiftedCap,7,19318,69528,3757.1,4578,11.71,-
glyph32:U+0069,glyph32,2123,classical,Timeout,true,7,100,4881,5000,13766,3368,3409,226.4,3395,16699,806,ClassCap,8,4881,15217,336.5,3395,0.00,NearLiftedCap,8,19379,90998,16445.6,3370,0.74,-
glyph32:U+006A,glyph32,4293,classical,ClassCap,false,4,100,4998,5000,3427,2421,2478,53.8,7463,46595,1690,ClassCap,4,4998,3427,92.3,7463,0.00,NearLiftedCap,7,19797,53781,847.2,6987,6.81,-
