kernel,family,class_cap,inserted_classes,classes_at_stop,live_classes,applications,stop,objective,dag_cost,tree_cost,extraction_objective,canonical_objective,canonical_dag_cost,tied_classes,seconds
shader_cosine_palette,shader,5000,34,4611,25,7099,ClassCap,18418432,292,23016192,TreeCheaper,18418432,292,7,0.020
shader_cosine_palette,shader,10000,34,8852,25,13676,ClassCap,18418432,292,23016192,TreeCheaper,18418432,292,9,0.030
shader_cosine_palette,shader,20000,34,18258,25,33030,ClassCap,18418432,292,23016192,TreeCheaper,18418432,292,9,0.102
shader_cosine_palette,shader,50000,34,43848,25,70818,ClassCap,18418432,292,23016192,TreeCheaper,18418432,292,9,0.214
shader_cosine_palette,shader,100000,34,92378,25,170829,ClassCap,18418432,292,23016192,TreeCheaper,18418432,292,9,0.989
shader_smooth_min_scene,shader,5000,40,2609,39,30052,ClassCap,7345152,132,21724672,TreeCheaper,7148544,129,19,0.060
shader_smooth_min_scene,shader,10000,40,4077,39,69343,ClassCap,7345152,132,21724672,TreeCheaper,7148544,129,19,0.161
shader_smooth_min_scene,shader,20000,40,6973,39,166339,ClassCap,7345152,132,21003776,TreeCheaper,7148544,129,18,0.477
shader_smooth_min_scene,shader,50000,40,15437,39,561412,ClassCap,6755349,144,21593674,Shared,6820864,124,20,2.294
shader_smooth_min_scene,shader,100000,40,29704,39,1515517,ClassCap,6755349,144,21593674,Shared,6820864,124,20,8.126
shader_mandelbrot_distance,shader,5000,128,3675,96,15340,ClassCap,32707328,518,33280416768,Shared,32707328,518,45,0.033
shader_mandelbrot_distance,shader,10000,128,5735,105,33555,ClassCap,35067648,558,35855735296,TreeCheaper,34738944,549,83,0.746
shader_mandelbrot_distance,shader,20000,128,6287,115,96495,Quiesced,37492480,595,34927197696,TreeCheaper,36508416,576,93,7.477
shader_mandelbrot_distance,shader,50000,128,6287,115,96495,Quiesced,37492480,595,34927197696,TreeCheaper,36508416,576,93,5.144
shader_mandelbrot_distance,shader,100000,128,6287,115,96495,Quiesced,37492480,595,34927197696,TreeCheaper,36508416,576,93,4.972
shader_star_sdf,shader,5000,58,3878,58,7717,ClassCap,10554112,172,115184128,TreeCheaper,10554112,172,21,0.017
shader_star_sdf,shader,10000,58,7826,58,17555,ClassCap,10554112,172,115184128,TreeCheaper,10554112,172,21,0.040
shader_star_sdf,shader,20000,58,13888,58,26909,ClassCap,10554112,172,115184128,TreeCheaper,10554112,172,21,0.052
shader_star_sdf,shader,50000,58,36782,58,75810,ClassCap,10554112,172,115184128,TreeCheaper,10554112,172,21,0.150
shader_star_sdf,shader,100000,58,69418,58,177332,ClassCap,10554112,172,115184128,TreeCheaper,10554112,172,21,0.374
shader_gyroid_slice,shader,5000,38,775,33,4675,Quiesced,21444647,932,22957868,TreeCheaper,21444647,932,12,0.013
shader_gyroid_slice,shader,10000,38,775,33,4675,Quiesced,21444647,932,22957868,TreeCheaper,21444647,932,12,0.013
shader_gyroid_slice,shader,20000,38,775,33,4675,Quiesced,21444647,932,22957868,TreeCheaper,21444647,932,12,0.013
shader_gyroid_slice,shader,50000,38,775,33,4675,Quiesced,21444647,932,22957868,TreeCheaper,21444647,932,12,0.013
shader_gyroid_slice,shader,100000,38,775,33,4675,Quiesced,21444647,932,22957868,TreeCheaper,21444647,932,12,0.013
shader_plasma,shader,5000,35,3439,29,5981,ClassCap,17260544,359,18444800,TreeCheaper,17260544,359,9,0.013
shader_plasma,shader,10000,35,6909,29,15454,ClassCap,17260544,359,18444800,TreeCheaper,17260544,359,9,0.031
shader_plasma,shader,20000,35,12661,29,35023,ClassCap,17260544,359,18444800,TreeCheaper,17260544,359,9,0.066
shader_plasma,shader,50000,35,29370,29,118426,ClassCap,17260544,359,18444800,TreeCheaper,17260544,359,9,0.222
shader_plasma,shader,100000,35,52533,29,292631,ClassCap,17260544,359,18444800,TreeCheaper,17260544,359,9,0.550
shader_domain_warp_fbm,shader,5000,67,4591,63,6948,ClassCap,27664132,457,127599632,TreeCheaper,27400708,448,22,0.020
shader_domain_warp_fbm,shader,10000,67,8634,56,12210,ClassCap,26286596,431,174677008,Shared,26286596,431,17,0.027
shader_domain_warp_fbm,shader,20000,67,18774,62,28923,ClassCap,27205376,446,126288896,TreeCheaper,26941952,437,20,0.088
shader_domain_warp_fbm,shader,50000,67,44384,59,63413,ClassCap,26876164,439,125500448,TreeCheaper,26876164,439,18,0.212
shader_domain_warp_fbm,shader,100000,67,96399,58,148026,ClassCap,26941696,436,125762560,TreeCheaper,26941696,436,19,0.562
shader_kaleidoscope_fold,shader,5000,43,131,40,319,Quiesced,34933520,560,107906368,TreeCheaper,34933520,560,12,0.001
shader_kaleidoscope_fold,shader,10000,43,131,40,319,Quiesced,34933520,560,107906368,TreeCheaper,34933520,560,12,0.001
shader_kaleidoscope_fold,shader,20000,43,131,40,319,Quiesced,34933520,560,107906368,TreeCheaper,34933520,560,12,0.001
shader_kaleidoscope_fold,shader,50000,43,131,40,319,Quiesced,34933520,560,107906368,TreeCheaper,34933520,560,12,0.001
shader_kaleidoscope_fold,shader,100000,43,131,40,319,Quiesced,34933520,560,107906368,TreeCheaper,34933520,560,12,0.001
shader_metaballs,shader,5000,52,2584,50,10074,ClassCap,8264960,155,17925632,Shared,8199424,154,25,0.054
shader_metaballs,shader,10000,52,8034,46,35591,ClassCap,7281920,140,17466880,TreeCheaper,7281920,140,22,0.389
shader_metaballs,shader,20000,52,13429,45,46375,ClassCap,7019776,136,17204736,TreeCheaper,7019776,136,21,0.706
shader_metaballs,shader,50000,52,33876,75,115282,ClassCap,9530880,255,22655488,TreeCheaper,9530880,255,55,13.487
shader_metaballs,shader,100000,52,82413,73,272259,ClassCap,14496000,270,38279680,TreeCheaper,14561536,271,50,114.256
shader_julia_set,shader,5000,110,4535,123,14158,ClassCap,45226752,717,583256506368,TreeCheaper,45619968,723,77,0.033
shader_julia_set,shader,10000,110,8475,140,20357,ClassCap,50663936,791,17729327490048,Shared,48632320,760,67,0.043
shader_julia_set,shader,20000,110,17032,118,41823,ClassCap,43459072,697,551213438976,TreeCheaper,43588352,692,67,0.330
shader_julia_set,shader,50000,110,34749,170,68429,ClassCap,55980544,904,9584548203520,Shared,54015232,877,68,0.838
shader_julia_set,shader,100000,110,77831,174,184207,ClassCap,61214208,948,6249101981184,TreeCheaper,61214208,948,144,25.181
shader_smoothstep_vignette,shader,5000,50,283,49,1074,Quiesced,7867199,194,29399629,TreeCheaper,7867183,178,17,0.004
shader_smoothstep_vignette,shader,10000,50,283,49,1074,Quiesced,7867199,194,29399629,TreeCheaper,7867183,178,17,0.004
shader_smoothstep_vignette,shader,20000,50,283,49,1074,Quiesced,7867199,194,29399629,TreeCheaper,7867183,178,17,0.003
shader_smoothstep_vignette,shader,50000,50,283,49,1074,Quiesced,7867199,194,29399629,TreeCheaper,7867183,178,17,0.003
shader_smoothstep_vignette,shader,100000,50,283,49,1074,Quiesced,7867199,194,29399629,TreeCheaper,7867183,178,17,0.003
shader_torus_slice,shader,5000,34,2750,31,15310,ClassCap,6884110,130,12788260,Shared,6884110,130,11,0.031
shader_torus_slice,shader,10000,34,3005,31,28932,Quiesced,6884110,130,12788260,Shared,6884110,130,11,0.120
shader_torus_slice,shader,20000,34,3005,31,28932,Quiesced,6884110,130,12788260,Shared,6884110,130,11,0.120
shader_torus_slice,shader,50000,34,3005,31,28932,Quiesced,6884110,130,12788260,Shared,6884110,130,11,0.121
shader_torus_slice,shader,100000,34,3005,31,28932,Quiesced,6884110,130,12788260,Shared,6884110,130,11,0.121
psychedelic_packed,psychedelic,5000,112,4670,112,7328,ClassCap,750939309,825,4044763099,TreeCheaper,750939309,825,33,0.020
psychedelic_packed,psychedelic,10000,112,7141,111,11318,ClassCap,750944705,826,4044756625,TreeCheaper,750944705,826,31,0.025
psychedelic_packed,psychedelic,20000,112,17907,111,34631,ClassCap,750944708,829,4044756618,TreeCheaper,750944708,829,33,0.079
psychedelic_packed,psychedelic,50000,112,47130,111,103075,ClassCap,750944708,829,4044756618,TreeCheaper,750944708,829,34,0.261
psychedelic_packed,psychedelic,100000,112,92102,111,170242,ClassCap,750944708,829,4044756618,TreeCheaper,750944708,829,34,0.408
glyph16_U0020,glyph16,5000,1,1,1,0,Quiesced,0,0,0,TreeCheaper,0,0,0,0.000
glyph16_U0020,glyph16,10000,1,1,1,0,Quiesced,0,0,0,TreeCheaper,0,0,0,0.000
glyph16_U0020,glyph16,20000,1,1,1,0,Quiesced,0,0,0,TreeCheaper,0,0,0,0.000
glyph16_U0021,glyph16,5000,138,2674,105,8771,ClassCap,36302,362,51578,TreeCheaper,36302,362,35,0.069
glyph16_U0021,glyph16,10000,138,7498,91,34662,ClassCap,36215,275,51252,TreeCheaper,36215,275,38,0.881
glyph16_U0021,glyph16,20000,138,14430,86,69303,ClassCap,34921,256,51228,TreeCheaper,34921,256,33,6.012
glyph16_U0022,glyph16,5000,93,1642,62,17694,Quiesced,28825,175,36872,TreeCheaper,28825,175,25,0.124
glyph16_U0022,glyph16,10000,93,1642,62,17694,Quiesced,28825,175,36872,TreeCheaper,28825,175,25,0.123
glyph16_U0022,glyph16,20000,93,1642,62,17694,Quiesced,28825,175,36872,TreeCheaper,28825,175,25,0.124
glyph16_U0023,glyph16,5000,290,3379,272,5950,ClassCap,102136,1051,134741,TreeCheaper,102136,1051,82,0.021
glyph16_U0023,glyph16,10000,290,6079,276,17063,ClassCap,106101,1071,129932,TreeCheaper,106101,1071,121,0.216
glyph16_U0023,glyph16,20000,290,9804,260,40740,ClassCap,105383,1013,128711,TreeCheaper,105383,1013,111,1.103
glyph16_U0024,glyph16,5000,2844,5000,2740,2184,ClassCap,660104,12119,2696599,Shared,660104,12119,1564,0.018
glyph16_U0024,glyph16,10000,2844,9939,2850,6451,ClassCap,604744,12604,3262196,Shared,605015,12635,1172,0.033
glyph16_U0024,glyph16,20000,2844,19617,2301,21299,ClassCap,572228,9848,1343696,TreeCheaper,576244,10099,678,0.181
glyph16_U0025,glyph16,5000,3994,5000,3921,843,ClassCap,4373604,17484,52612564,TreeCheaper,4373604,17484,394,0.020
glyph16_U0025,glyph16,10000,3994,9988,3870,5403,ClassCap,880963,17563,3637598,Shared,881843,17618,2129,0.037
glyph16_U0025,glyph16,20000,3994,19525,3587,15282,ClassCap,817010,16475,2963983,Shared,822579,16884,1309,0.061
glyph16_U0026,glyph16,5000,3564,5000,3509,1278,ClassCap,3836071,15451,48358017,TreeCheaper,3836071,15451,797,0.021
glyph16_U0026,glyph16,10000,3564,9971,3522,6117,ClassCap,766141,15751,3662714,Shared,767154,15819,1737,0.035
glyph16_U0026,glyph16,20000,3564,19496,3019,15565,ClassCap,720437,13757,2169170,Shared,724910,14135,879,0.055
glyph16_U0027,glyph16,5000,73,1153,46,12774,Quiesced,18319,124,22868,TreeCheaper,18319,124,16,0.075
glyph16_U0027,glyph16,10000,73,1153,46,12774,Quiesced,18319,124,22868,TreeCheaper,18319,124,16,0.075
glyph16_U0027,glyph16,20000,73,1153,46,12774,Quiesced,18319,124,22868,TreeCheaper,18319,124,16,0.075
glyph16_U0028,glyph16,5000,908,4862,761,3850,ClassCap,178332,3417,550998,Shared,179002,3487,228,0.014
glyph16_U0028,glyph16,10000,908,9583,732,12387,ClassCap,175188,3138,420952,Shared,176452,3217,270,0.056
glyph16_U0028,glyph16,20000,908,18010,749,25380,ClassCap,156675,3285,691688,Shared,156595,3280,251,0.079
glyph16_U0029,glyph16,5000,827,4863,692,3932,ClassCap,165089,3119,478440,Shared,165754,3184,196,0.013
glyph16_U0029,glyph16,10000,827,9562,674,12038,ClassCap,162953,2903,378276,Shared,163625,2945,251,0.051
glyph16_U0029,glyph16,20000,827,17772,694,24607,ClassCap,145703,3053,650766,Shared,145467,3042,243,0.072
glyph16_U002A,glyph16,5000,320,3765,302,6378,ClassCap,95569,1204,131548,TreeCheaper,95569,1204,87,0.021
glyph16_U002A,glyph16,10000,320,7293,304,18399,ClassCap,103236,1236,126340,TreeCheaper,103236,1236,120,0.227
glyph16_U002A,glyph16,20000,320,9885,296,44467,ClassCap,102977,1157,125804,TreeCheaper,102977,1157,132,0.720
glyph16_U002B,glyph16,5000,124,2289,73,18015,ClassCap,33145,205,50876,TreeCheaper,33145,205,27,0.092
glyph16_U002B,glyph16,10000,124,5448,73,161545,ClassCap,33145,205,50876,TreeCheaper,33145,205,27,1.225
glyph16_U002B,glyph16,20000,124,11354,73,426407,ClassCap,33145,205,50876,TreeCheaper,33145,205,27,3.572
glyph16_U002C,glyph16,5000,114,2553,93,13534,ClassCap,32249,314,37690,TreeCheaper,32249,314,35,0.071
glyph16_U002C,glyph16,10000,114,2752,88,28182,Quiesced,32211,276,37576,TreeCheaper,32211,276,36,0.196
glyph16_U002C,glyph16,20000,114,2752,88,28182,Quiesced,32211,276,37576,TreeCheaper,32211,276,36,0.196
glyph16_U002D,glyph16,5000,74,1138,47,12610,Quiesced,18319,124,22868,TreeCheaper,18319,124,16,0.070
glyph16_U002D,glyph16,10000,74,1138,47,12610,Quiesced,18319,124,22868,TreeCheaper,18319,124,16,0.069
glyph16_U002D,glyph16,20000,74,1138,47,12610,Quiesced,18319,124,22868,TreeCheaper,18319,124,16,0.069
glyph16_U002E,glyph16,5000,70,3542,43,18244,ClassCap,18255,120,22772,TreeCheaper,18255,120,17,0.197
glyph16_U002E,glyph16,10000,70,7497,43,36511,ClassCap,18255,120,22772,TreeCheaper,18255,120,17,1.250
glyph16_U002E,glyph16,20000,70,10949,43,46386,ClassCap,18255,120,22772,TreeCheaper,18255,120,17,2.339
glyph16_U002F,glyph16,5000,84,2981,66,11709,ClassCap,20202,222,23638,TreeCheaper,20202,222,23,0.086
glyph16_U002F,glyph16,10000,84,7891,61,37598,ClassCap,20164,184,23524,TreeCheaper,20164,184,23,0.697
glyph16_U002F,glyph16,20000,84,15406,61,72555,ClassCap,20164,184,23524,TreeCheaper,20164,184,23,2.691
glyph16_U0030,glyph16,5000,2514,5000,2408,2286,ClassCap,573199,10954,2261504,Shared,573199,10954,1388,0.019
glyph16_U0030,glyph16,10000,2514,9924,2491,6851,ClassCap,528926,11351,3045406,Shared,531720,11535,1006,0.033
glyph16_U0030,glyph16,20000,2514,19627,2027,23013,ClassCap,508048,9058,1246272,Shared,513456,9396,651,0.684
glyph16_U0031,glyph16,5000,157,3104,133,9593,ClassCap,48820,445,59224,TreeCheaper,48820,445,51,0.081
glyph16_U0031,glyph16,10000,157,5255,122,22547,ClassCap,48722,407,58962,TreeCheaper,48722,407,47,0.309
glyph16_U0031,glyph16,20000,157,14670,116,75769,ClassCap,48674,359,58838,TreeCheaper,48674,359,48,6.370
glyph16_U0032,glyph16,5000,1773,4992,1755,3048,ClassCap,381568,7798,1851605,Shared,381648,7803,870,0.018
glyph16_U0032,glyph16,10000,1773,9763,1508,7766,ClassCap,358804,6829,886988,Shared,361168,7033,435,0.027
glyph16_U0032,glyph16,20000,1773,19197,1444,24530,ClassCap,352625,6200,832230,Shared,355137,6357,539,0.310
glyph16_U0033,glyph16,5000,2659,5000,2548,2247,ClassCap,603358,11458,2337480,Shared,603358,11458,1460,0.018
glyph16_U0033,glyph16,10000,2659,9917,2630,6721,ClassCap,554065,11845,3063409,Shared,557184,12054,1083,0.033
glyph16_U0033,glyph16,20000,2659,19726,2163,22175,ClassCap,535164,9489,1305938,Shared,539612,9767,672,0.737
glyph16_U0034,glyph16,5000,167,3051,129,9777,ClassCap,47067,432,65571,TreeCheaper,47067,432,47,0.084
glyph16_U0034,glyph16,10000,167,5176,119,22555,ClassCap,46973,398,65292,TreeCheaper,46973,398,44,0.311
glyph16_U0034,glyph16,20000,167,14760,113,75123,ClassCap,46925,350,65168,TreeCheaper,46925,350,45,6.020
glyph16_U0035,glyph16,5000,1828,4993,1787,3018,ClassCap,403937,7952,1869425,Shared,404257,7972,916,0.017
glyph16_U0035,glyph16,10000,1828,9757,1581,7793,ClassCap,379276,7141,1224056,Shared,382398,7383,528,0.028
glyph16_U0035,glyph16,20000,1828,18891,1481,26068,ClassCap,371139,6399,877744,Shared,374227,6592,566,0.452
glyph16_U0036,glyph16,5000,2644,5000,2527,2258,ClassCap,585706,11401,2261296,Shared,585706,11401,1444,0.018
glyph16_U0036,glyph16,10000,2644,9936,2607,6721,ClassCap,541164,11784,2934064,Shared,544011,11976,1062,0.032
glyph16_U0036,glyph16,20000,2644,19717,2142,22304,ClassCap,518406,9381,1259558,Shared,522694,9649,654,0.832
glyph16_U0037,glyph16,5000,117,3533,97,15234,ClassCap,32205,330,37422,TreeCheaper,32205,330,38,0.164
glyph16_U0037,glyph16,10000,117,7128,90,31862,ClassCap,32155,280,37312,TreeCheaper,32155,280,36,0.769
glyph16_U0037,glyph16,20000,117,14266,87,63823,ClassCap,32147,272,37288,TreeCheaper,32147,272,33,4.917
glyph16_U0038,glyph16,5000,3405,5000,3325,1508,ClassCap,3750749,14789,48888928,TreeCheaper,3750749,14789,1004,0.019
glyph16_U0038,glyph16,10000,3405,9974,3368,6362,ClassCap,732681,15261,3728314,Shared,733844,15329,1672,0.035
glyph16_U0038,glyph16,20000,3405,19478,2866,15934,ClassCap,689183,13268,2168210,Shared,694078,13663,824,0.058
glyph16_U0039,glyph16,5000,2666,5000,2547,2264,ClassCap,588458,11498,2308416,Shared,588458,11498,1463,0.018
glyph16_U0039,glyph16,10000,2666,9921,2634,6752,ClassCap,544225,11905,3046801,Shared,547686,12126,1096,0.032
glyph16_U0039,glyph16,20000,2666,19746,2165,22174,ClassCap,521302,9487,1287606,Shared,526086,9786,654,0.867
glyph16_U003A,glyph16,5000,97,2762,52,12594,ClassCap,22463,143,36712,TreeCheaper,22463,143,18,0.105
glyph16_U003A,glyph16,10000,97,8279,52,40061,ClassCap,22463,143,36712,TreeCheaper,22463,143,19,1.965
glyph16_U003A,glyph16,20000,97,13102,52,54625,ClassCap,22463,143,36712,TreeCheaper,22463,143,18,3.779
glyph16_U003B,glyph16,5000,143,2710,122,8699,ClassCap,42848,413,51802,TreeCheaper,42848,413,44,0.049
glyph16_U003B,glyph16,10000,143,3722,108,49487,Quiesced,42829,334,51580,TreeCheaper,42829,334,45,0.551
glyph16_U003B,glyph16,20000,143,3722,108,49487,Quiesced,42829,334,51580,TreeCheaper,42829,334,45,0.557
glyph16_U003C,glyph16,5000,178,3095,156,9174,ClassCap,49696,571,62191,TreeCheaper,49696,571,56,0.062
glyph16_U003C,glyph16,10000,178,4645,147,31303,ClassCap,49539,474,61808,TreeCheaper,49539,474,61,0.266
glyph16_U003C,glyph16,20000,178,5722,143,58193,Quiesced,49527,462,61760,TreeCheaper,49527,462,58,1.329
glyph16_U003D,glyph16,5000,97,3763,54,11780,ClassCap,23503,148,41010,TreeCheaper,23503,148,19,0.113
glyph16_U003D,glyph16,10000,97,7608,54,27694,ClassCap,23503,148,41010,TreeCheaper,23503,148,20,0.467
glyph16_U003D,glyph16,20000,97,15129,54,66226,ClassCap,23503,148,41010,TreeCheaper,23503,148,20,2.990
glyph16_U003E,glyph16,5000,178,3088,156,9133,ClassCap,49696,571,63446,TreeCheaper,49696,571,57,0.064
glyph16_U003E,glyph16,10000,178,4657,147,31208,ClassCap,49539,474,63067,TreeCheaper,49539,474,62,0.289
glyph16_U003E,glyph16,20000,178,5726,143,58222,Quiesced,49527,462,63019,TreeCheaper,49527,462,59,1.439
glyph16_U003F,glyph16,5000,1928,4995,1879,2890,ClassCap,437492,8267,1832579,Shared,437812,8287,962,0.018
glyph16_U003F,glyph16,10000,1928,9759,1683,7579,ClassCap,404012,7502,1031085,Shared,406062,7677,560,0.029
glyph16_U003F,glyph16,20000,1928,18861,1570,25855,ClassCap,396904,6694,921088,Shared,399656,6866,592,0.446
glyph16_U0040,glyph16,5000,3513,5000,3432,1380,ClassCap,3837896,15236,48737049,TreeCheaper,3837896,15236,851,0.019
glyph16_U0040,glyph16,10000,3513,9962,3444,6257,ClassCap,764172,15567,3675758,Shared,764972,15617,1730,0.036
glyph16_U0040,glyph16,20000,3513,19508,2993,15811,ClassCap,719146,13786,2245307,Shared,724708,14218,903,0.057
glyph16_U0041,glyph16,5000,164,3699,160,9718,ClassCap,48108,633,53340,TreeCheaper,48108,633,55,0.088
glyph16_U0041,glyph16,10000,164,6007,150,24717,ClassCap,47724,609,52752,TreeCheaper,47724,609,58,0.491
glyph16_U0041,glyph16,20000,164,13000,128,83169,ClassCap,44968,403,52380,TreeCheaper,44968,403,52,11.143
glyph16_U0042,glyph16,5000,1820,4990,1772,3044,ClassCap,395772,7902,1817322,Shared,396492,7947,903,0.053
glyph16_U0042,glyph16,10000,1820,9750,1541,7791,ClassCap,369253,6988,928183,Shared,371922,7197,502,0.035
glyph16_U0042,glyph16,20000,1820,19002,1466,25611,ClassCap,360217,6337,835618,Shared,363113,6518,561,0.839
glyph16_U0043,glyph16,5000,1807,4994,1770,3023,ClassCap,389614,7954,1885242,Shared,390334,7999,904,0.039
glyph16_U0043,glyph16,10000,1807,9756,1539,7797,ClassCap,362259,7044,1164192,Shared,365509,7294,510,0.037
glyph16_U0043,glyph16,20000,1807,19108,1469,25673,ClassCap,354426,6411,858672,Shared,356970,6570,563,0.418
glyph16_U0044,glyph16,5000,939,4870,812,3915,ClassCap,193964,3644,495659,Shared,195323,3743,276,0.015
glyph16_U0044,glyph16,10000,939,9371,752,13505,ClassCap,188905,3235,416044,Shared,190553,3338,286,0.172
glyph16_U0044,glyph16,20000,939,18017,825,26661,ClassCap,188377,3622,757155,Shared,188601,3636,284,0.239
glyph16_U0045,glyph16,5000,134,3531,83,15297,ClassCap,34606,226,48092,TreeCheaper,34606,226,29,0.142
glyph16_U0045,glyph16,10000,134,7146,83,31722,ClassCap,34606,226,48092,TreeCheaper,34606,226,30,0.693
glyph16_U0045,glyph16,20000,134,14803,83,64297,ClassCap,34606,226,48092,TreeCheaper,34606,226,29,4.116
glyph16_U0046,glyph16,5000,118,3184,72,14175,ClassCap,29881,196,41762,TreeCheaper,29881,196,25,0.118
glyph16_U0046,glyph16,10000,118,6855,72,29586,ClassCap,29881,196,41762,TreeCheaper,29881,196,26,0.679
glyph16_U0046,glyph16,20000,118,15019,72,60643,ClassCap,29881,196,41762,TreeCheaper,29881,196,25,3.554
glyph16_U0047,glyph16,5000,1854,4994,1801,2983,ClassCap,407849,8009,1847231,Shared,408489,8049,929,0.024
glyph16_U0047,glyph16,10000,1854,9758,1593,7743,ClassCap,380275,7195,1194948,Shared,383525,7445,536,0.029
glyph16_U0047,glyph16,20000,1854,18874,1511,26010,ClassCap,373347,6537,882028,Shared,376659,6744,576,0.430
glyph16_U0048,glyph16,5000,118,3202,68,14395,ClassCap,32985,195,50652,TreeCheaper,32985,195,27,0.124
glyph16_U0048,glyph16,10000,118,6671,68,29752,ClassCap,32985,195,50652,TreeCheaper,32985,195,28,0.675
glyph16_U0048,glyph16,20000,118,14456,68,60456,ClassCap,32985,195,50652,TreeCheaper,32985,195,27,3.501
glyph16_U0049,glyph16,5000,122,3224,70,14634,ClassCap,33081,201,50652,TreeCheaper,33081,201,27,0.138
glyph16_U0049,glyph16,10000,122,6682,70,30071,ClassCap,33081,201,50652,TreeCheaper,33081,201,28,0.695
glyph16_U0049,glyph16,20000,122,14767,70,60869,ClassCap,33081,201,50652,TreeCheaper,33081,201,27,3.757
glyph16_U004A,glyph16,5000,982,4878,860,3864,ClassCap,210139,3799,720604,Shared,211823,3923,301,0.015
glyph16_U004A,glyph16,10000,982,9414,794,13268,ClassCap,204499,3349,460320,Shared,205795,3430,297,0.101
glyph16_U004A,glyph16,20000,982,17889,845,26400,ClassCap,199249,3649,657337,Shared,198913,3628,303,0.144
glyph16_U004B,glyph16,5000,190,3750,171,10620,ClassCap,54634,649,65603,TreeCheaper,54634,649,61,0.096
glyph16_U004B,glyph16,10000,190,6284,160,26202,ClassCap,54297,612,65062,TreeCheaper,54297,612,60,0.489
glyph16_U004B,glyph16,20000,190,12677,154,55717,ClassCap,54197,512,64812,TreeCheaper,54197,512,65,3.800
glyph16_U004C,glyph16,5000,87,2666,55,12137,ClassCap,22996,151,29102,TreeCheaper,22996,151,20,0.093
glyph16_U004C,glyph16,10000,87,7929,55,39589,ClassCap,22996,151,29102,TreeCheaper,22996,151,21,1.679
glyph16_U004C,glyph16,20000,87,12207,55,52348,ClassCap,22996,151,29102,TreeCheaper,22996,151,21,3.232
glyph16_U004D,glyph16,5000,175,3654,159,10275,ClassCap,56634,594,66452,TreeCheaper,56634,594,63,0.087
glyph16_U004D,glyph16,10000,175,6023,147,25362,ClassCap,56353,553,65992,TreeCheaper,56353,553,59,0.410
glyph16_U004D,glyph16,20000,175,12091,142,53598,ClassCap,56273,473,65792,TreeCheaper,56273,473,64,3.002
glyph16_U004E,glyph16,5000,130,2645,104,8669,ClassCap,41209,334,51578,TreeCheaper,41209,334,42,0.059
glyph16_U004E,glyph16,10000,130,7447,93,34035,ClassCap,41159,284,51252,TreeCheaper,41159,284,41,0.783
glyph16_U004E,glyph16,20000,130,14580,91,67234,ClassCap,41155,280,51228,TreeCheaper,41155,280,39,5.283
glyph16_U004F,glyph16,5000,1707,4991,1685,3153,ClassCap,366336,7581,1964711,Shared,366656,7601,823,0.017
glyph16_U004F,glyph16,10000,1707,9760,1467,7985,ClassCap,348407,6722,1171522,Shared,351263,6938,425,0.028
glyph16_U004F,glyph16,20000,1707,19163,1378,25323,ClassCap,340857,6057,820194,Shared,343209,6204,536,0.580
glyph16_U0050,glyph16,5000,957,4874,828,3899,ClassCap,198908,3683,531198,Shared,200267,3782,284,0.014
glyph16_U0050,glyph16,10000,957,9367,765,13534,ClassCap,191945,3260,426146,Shared,193433,3353,290,0.180
glyph16_U0050,glyph16,20000,957,17961,785,26760,ClassCap,187502,3407,580507,Shared,187470,3405,264,0.244
glyph16_U0051,glyph16,5000,1994,4998,1931,2783,ClassCap,447533,8708,1873312,Shared,447933,8733,1051,0.017
glyph16_U0051,glyph16,10000,1994,9803,1823,7654,ClassCap,416757,8307,1532316,Shared,419923,8533,642,0.030
glyph16_U0051,glyph16,20000,1994,19369,1624,25189,ClassCap,404650,7150,967724,Shared,408090,7365,637,1.191
glyph16_U0052,glyph16,5000,1444,4972,1445,3235,ClassCap,302498,6383,1652590,Shared,303831,6471,591,0.019
glyph16_U0052,glyph16,10000,1444,9859,1172,10711,ClassCap,290655,4995,686046,Shared,292719,5124,341,0.136
glyph16_U0052,glyph16,20000,1444,18507,1128,26078,ClassCap,288847,4882,579566,Shared,290831,5006,413,0.330
glyph16_U0053,glyph16,5000,2733,5000,2623,2225,ClassCap,611816,11756,2449822,Shared,611816,11756,1499,0.019
glyph16_U0053,glyph16,10000,2733,9943,2728,6607,ClassCap,563828,12233,3142443,Shared,566206,12391,1118,0.032
glyph16_U0053,glyph16,20000,2733,19715,2227,21798,ClassCap,541359,9669,1312216,Shared,545855,9950,665,0.665
glyph16_U0054,glyph16,5000,97,2881,62,13286,ClassCap,28873,178,36712,TreeCheaper,28873,178,25,0.119
glyph16_U0054,glyph16,10000,97,6085,62,27254,ClassCap,28873,178,36712,TreeCheaper,28873,178,26,0.639
glyph16_U0054,glyph16,20000,97,12720,62,55553,ClassCap,28873,178,36712,TreeCheaper,28873,178,25,4.027
glyph16_U0055,glyph16,5000,1779,4991,1758,3049,ClassCap,397118,7838,1932677,Shared,397918,7888,882,0.017
glyph16_U0055,glyph16,10000,1779,9745,1500,7810,ClassCap,375065,6815,1145180,Shared,377946,7056,458,0.027
glyph16_U0055,glyph16,20000,1779,19157,1443,24575,ClassCap,369336,6291,887165,Shared,371976,6456,550,0.194
glyph16_U0056,glyph16,5000,121,2821,114,8160,ClassCap,33932,437,38428,TreeCheaper,33932,437,34,0.061
glyph16_U0056,glyph16,10000,121,6710,97,34680,ClassCap,32522,302,37912,TreeCheaper,32522,302,40,0.925
glyph16_U0056,glyph16,20000,121,11883,93,69839,ClassCap,32510,290,37864,TreeCheaper,32510,290,37,5.765
glyph16_U0057,glyph16,5000,204,3864,194,10887,ClassCap,60496,796,65616,TreeCheaper,60496,796,64,0.139
glyph16_U0057,glyph16,10000,204,6892,185,27866,ClassCap,60456,756,65024,TreeCheaper,60456,756,75,0.869
glyph16_U0057,glyph16,20000,204,14607,175,60183,ClassCap,60292,592,64744,TreeCheaper,60292,592,79,4.363
glyph16_U0058,glyph16,5000,201,4050,205,10197,ClassCap,59972,842,69028,TreeCheaper,59972,842,77,0.109
glyph16_U0058,glyph16,10000,201,7262,203,28325,ClassCap,61528,838,67432,TreeCheaper,61528,838,91,0.715
glyph16_U0058,glyph16,20000,201,12578,184,61261,ClassCap,61328,638,66992,TreeCheaper,61328,638,81,4.197
glyph16_U0059,glyph16,5000,151,3253,140,9522,ClassCap,46104,534,52478,TreeCheaper,46104,534,52,0.076
glyph16_U0059,glyph16,10000,151,5344,131,23234,ClassCap,45831,501,52052,TreeCheaper,45831,501,49,0.351
glyph16_U0059,glyph16,20000,151,13296,121,76693,ClassCap,45735,405,51804,TreeCheaper,45735,405,49,9.020
glyph16_U005A,glyph16,5000,148,2922,126,9221,ClassCap,42960,420,51578,TreeCheaper,42960,420,44,0.091
glyph16_U005A,glyph16,10000,148,7610,113,36346,ClassCap,42885,345,51252,TreeCheaper,42885,345,45,2.598
glyph16_U005A,glyph16,20000,148,14904,110,72239,ClassCap,42877,337,51228,TreeCheaper,42877,337,42,12.184
glyph16_U005B,glyph16,5000,105,1526,64,16687,Quiesced,25220,170,35592,TreeCheaper,25220,170,21,0.116
glyph16_U005B,glyph16,10000,105,1526,64,16687,Quiesced,25220,170,35592,TreeCheaper,25220,170,21,0.112
glyph16_U005B,glyph16,20000,105,1526,64,16687,Quiesced,25220,170,35592,TreeCheaper,25220,170,21,0.130
glyph16_U005C,glyph16,5000,84,2957,70,11752,ClassCap,20330,230,23686,TreeCheaper,20330,230,25,0.122
glyph16_U005C,glyph16,10000,84,7873,65,37505,ClassCap,20292,192,23572,TreeCheaper,20292,192,25,0.760
glyph16_U005C,glyph16,20000,84,15356,65,72321,ClassCap,20292,192,23572,TreeCheaper,20292,192,25,2.704
glyph16_U005D,glyph16,5000,105,1557,65,16993,Quiesced,26500,175,38152,TreeCheaper,26500,175,22,0.116
glyph16_U005D,glyph16,10000,105,1557,65,16993,Quiesced,26500,175,38152,TreeCheaper,26500,175,22,0.116
glyph16_U005D,glyph16,20000,105,1557,65,16993,Quiesced,26500,175,38152,TreeCheaper,26500,175,22,0.117
glyph16_U005E,glyph16,5000,125,3207,117,8188,ClassCap,33996,441,38540,TreeCheaper,33996,441,35,0.045
glyph16_U005E,glyph16,10000,125,6394,111,21381,ClassCap,34084,409,38460,TreeCheaper,34084,409,44,0.232
glyph16_U005E,glyph16,20000,125,15022,107,50010,ClassCap,34024,349,38280,TreeCheaper,34024,349,48,1.138
glyph16_U005F,glyph16,5000,72,3086,44,17275,ClassCap,17290,115,20799,TreeCheaper,17290,115,15,0.253
glyph16_U005F,glyph16,10000,72,5177,44,33484,ClassCap,17290,115,20799,TreeCheaper,17290,115,15,0.854
glyph16_U005F,glyph16,20000,72,10054,44,86033,ClassCap,17290,115,20799,TreeCheaper,17290,115,15,5.335
glyph16_U0060,glyph16,5000,85,3671,74,12657,ClassCap,20340,240,23696,TreeCheaper,20340,240,29,0.068
glyph16_U0060,glyph16,10000,85,7890,69,29135,ClassCap,20300,200,23596,TreeCheaper,20300,200,27,0.402
glyph16_U0060,glyph16,20000,85,12205,69,38445,ClassCap,20300,200,23596,TreeCheaper,20300,200,27,0.982
glyph16_U0061,glyph16,5000,2500,5000,2393,2274,ClassCap,571300,10690,2147758,Shared,571300,10690,1371,0.018
glyph16_U0061,glyph16,10000,2500,9912,2454,6862,ClassCap,526669,10999,2812269,Shared,529303,11173,1001,0.033
glyph16_U0061,glyph16,20000,2500,19635,2023,23144,ClassCap,500476,8776,1228462,Shared,505372,9082,642,0.742
glyph16_U0062,glyph16,5000,1822,4992,1779,3026,ClassCap,396284,7964,1870223,Shared,396684,7989,902,0.017
glyph16_U0062,glyph16,10000,1822,9753,1550,7796,ClassCap,369230,7055,1157371,Shared,372347,7292,514,0.028
glyph16_U0062,glyph16,20000,1822,18892,1477,26145,ClassCap,361997,6452,863814,Shared,365853,6693,570,0.504
glyph16_U0063,glyph16,5000,1817,4994,1773,3016,ClassCap,390531,7956,1852079,Shared,391251,8001,910,0.017
glyph16_U0063,glyph16,10000,1817,9762,1547,7772,ClassCap,362402,7067,1169788,Shared,365652,7317,516,0.027
glyph16_U0063,glyph16,20000,1817,18864,1468,26104,ClassCap,354442,6412,851840,Shared,357210,6585,567,0.451
glyph16_U0064,glyph16,5000,1819,4989,1770,3029,ClassCap,394244,7934,1841100,Shared,394884,7974,910,0.048
glyph16_U0064,glyph16,10000,1819,9753,1550,7807,ClassCap,371677,7072,1158523,Shared,374666,7301,511,0.053
glyph16_U0064,glyph16,20000,1819,18874,1464,26223,ClassCap,362253,6393,851686,Shared,365341,6586,573,1.478
glyph16_U0065,glyph16,5000,1865,4993,1818,2965,ClassCap,404281,8086,1844493,Shared,404921,8126,940,0.037
glyph16_U0065,glyph16,10000,1865,9757,1611,7714,ClassCap,380385,7275,1207684,Shared,383379,7509,544,0.027
glyph16_U0065,glyph16,20000,1865,18830,1516,26118,ClassCap,371755,6550,870020,Shared,375067,6757,579,0.798
glyph16_U0066,glyph16,5000,576,4781,447,6766,ClassCap,128511,1821,275322,Shared,129231,1866,162,0.126
glyph16_U0066,glyph16,10000,576,8800,456,14204,ClassCap,122220,1875,310873,Shared,122284,1879,162,0.164
glyph16_U0066,glyph16,20000,576,17965,526,40334,ClassCap,117133,2158,864650,Shared,117773,2198,184,1.019
glyph16_U0067,glyph16,5000,2694,5000,2569,2275,ClassCap,618560,11540,2361424,Shared,618560,11540,1473,0.030
glyph16_U0067,glyph16,10000,2694,9935,2666,6733,ClassCap,565445,11990,3102461,Shared,569034,12219,1098,0.038
glyph16_U0067,glyph16,20000,2694,19546,2166,22553,ClassCap,541580,9485,1312014,Shared,547020,9825,658,0.602
glyph16_U0068,glyph16,5000,987,4881,875,3873,ClassCap,213027,3882,657747,Shared,214199,3974,306,0.018
glyph16_U0068,glyph16,10000,987,9450,792,13396,ClassCap,205871,3341,469294,Shared,207359,3434,298,0.221
glyph16_U0068,glyph16,20000,987,17970,807,26861,ClassCap,198126,3471,567137,Shared,197790,3450,279,0.272
glyph16_U0069,glyph16,5000,141,3725,87,16090,ClassCap,39107,242,58297,TreeCheaper,39107,242,34,0.204
glyph16_U0069,glyph16,10000,141,7438,84,33099,ClassCap,39102,237,58262,TreeCheaper,39102,237,33,0.975
glyph16_U0069,glyph16,20000,141,15026,84,66171,ClassCap,39102,237,58262,TreeCheaper,39102,237,32,4.977
glyph16_U006A,glyph16,5000,568,4718,450,6745,ClassCap,127123,1828,269376,Shared,127747,1867,170,0.047
glyph16_U006A,glyph16,10000,568,8784,473,13812,ClassCap,121898,1958,366502,Shared,122074,1969,168,0.064
glyph16_U006A,glyph16,20000,568,17936,488,38413,ClassCap,113181,1956,603348,Shared,113309,1964,182,0.601
glyph16_U006B,glyph16,5000,194,3764,174,10682,ClassCap,54698,653,65603,TreeCheaper,54698,653,61,0.097
glyph16_U006B,glyph16,10000,194,6313,163,26316,ClassCap,54361,616,65062,TreeCheaper,54361,616,60,0.493
glyph16_U006B,glyph16,20000,194,12726,157,55954,ClassCap,54261,516,64812,TreeCheaper,54261,516,65,3.572
glyph16_U006C,glyph16,5000,538,4789,432,6691,ClassCap,118623,1773,248056,Shared,119407,1822,162,0.062
glyph16_U006C,glyph16,10000,538,8892,437,13771,ClassCap,112182,1827,312208,Shared,112166,1826,149,0.081
glyph16_U006C,glyph16,20000,538,18272,526,39043,ClassCap,111597,2172,876248,Shared,111069,2139,185,0.792
glyph16_U006D,glyph16,5000,1769,4992,1741,3053,ClassCap,415343,7748,1924555,Shared,416255,7805,877,0.023
glyph16_U006D,glyph16,10000,1769,9769,1519,7822,ClassCap,390584,6884,953303,Shared,393162,7092,461,0.033
glyph16_U006D,glyph16,20000,1769,19157,1433,25091,ClassCap,383333,6203,885114,Shared,385797,6357,555,0.616
glyph16_U006E,glyph16,5000,988,4882,876,3872,ClassCap,213027,3882,657747,Shared,214199,3974,306,0.015
glyph16_U006E,glyph16,10000,988,9447,788,13401,ClassCap,205919,3344,460974,Shared,207631,3451,301,0.192
glyph16_U006E,glyph16,20000,988,17964,797,26858,ClassCap,197850,3435,568535,Shared,197658,3423,273,0.243
glyph16_U006F,glyph16,5000,1647,4994,1632,3231,ClassCap,363023,7358,1962133,Shared,364058,7418,783,0.017
glyph16_U006F,glyph16,10000,1647,9763,1391,8095,ClassCap,343887,6402,1110594,Shared,346822,6637,396,0.026
glyph16_U006F,glyph16,20000,1647,19026,1339,25459,ClassCap,339172,5947,815348,Shared,340804,6049,538,0.546
glyph16_U0070,glyph16,5000,1820,4989,1770,3035,ClassCap,393289,7954,1839895,Shared,393609,7974,911,0.021
glyph16_U0070,glyph16,10000,1820,9757,1545,7802,ClassCap,370456,7066,1162775,Shared,373328,7283,512,0.030
glyph16_U0070,glyph16,20000,1820,18829,1463,26301,ClassCap,361389,6414,850662,Shared,364237,6592,574,0.508
glyph16_U0071,glyph16,5000,1821,4992,1765,3030,ClassCap,397161,7926,1870269,Shared,397881,7971,903,0.017
glyph16_U0071,glyph16,10000,1821,9757,1546,7789,ClassCap,370515,7065,1158651,Shared,373504,7294,517,0.029
glyph16_U0071,glyph16,20000,1821,18824,1473,26295,ClassCap,363389,6464,864598,Shared,367085,6695,574,0.667
glyph16_U0072,glyph16,5000,990,4883,879,3860,ClassCap,205933,3883,663739,Shared,207238,3988,306,0.015
glyph16_U0072,glyph16,10000,990,9505,799,13154,ClassCap,199084,3349,469816,Shared,200364,3429,295,0.176
glyph16_U0072,glyph16,20000,990,17944,806,26557,ClassCap,192438,3453,529608,Shared,191942,3422,274,0.206
glyph16_U0073,glyph16,5000,2629,5000,2526,2234,ClassCap,594704,11279,2267367,Shared,594704,11279,1434,0.020
glyph16_U0073,glyph16,10000,2629,9931,2615,6674,ClassCap,548237,11687,2935971,Shared,550839,11859,1055,0.032
glyph16_U0073,glyph16,20000,2629,19727,2145,22198,ClassCap,526538,9278,1267126,Shared,530314,9514,663,0.630
glyph16_U0074,glyph16,5000,572,4784,441,6723,ClassCap,128143,1798,272602,Shared,128783,1838,165,0.073
glyph16_U0074,glyph16,10000,572,8777,460,14085,ClassCap,122282,1907,335043,Shared,122122,1897,168,0.090
glyph16_U0074,glyph16,20000,572,17596,484,40860,ClassCap,113355,1935,376000,Shared,120301,1981,178,0.543
glyph16_U0075,glyph16,5000,990,4877,864,3868,ClassCap,213620,3815,661817,Shared,215304,3939,306,0.015
glyph16_U0075,glyph16,10000,990,9410,800,13292,ClassCap,207427,3367,476182,Shared,208851,3456,301,0.096
glyph16_U0075,glyph16,20000,990,17871,815,26468,ClassCap,199676,3506,570667,Shared,199340,3485,286,0.142
glyph16_U0076,glyph16,5000,121,2821,114,8160,ClassCap,33932,437,38428,TreeCheaper,33932,437,34,0.059
glyph16_U0076,glyph16,10000,121,6721,103,34668,ClassCap,33832,337,37912,TreeCheaper,33832,337,43,0.887
glyph16_U0076,glyph16,20000,121,12250,98,69825,ClassCap,33816,321,37864,TreeCheaper,33816,321,39,5.108
glyph16_U0077,glyph16,5000,201,3688,193,10514,ClassCap,60416,791,65616,TreeCheaper,60416,791,63,0.105
glyph16_U0077,glyph16,10000,201,6195,181,26280,ClassCap,60376,751,65024,TreeCheaper,60376,751,74,0.578
glyph16_U0077,glyph16,20000,201,11140,170,54993,ClassCap,60208,583,64744,TreeCheaper,60208,583,77,3.618
glyph16_U0078,glyph16,5000,201,4081,200,10180,ClassCap,58938,828,69274,TreeCheaper,58938,828,75,0.108
glyph16_U0078,glyph16,10000,201,7311,202,28471,ClassCap,61528,838,67432,TreeCheaper,61528,838,91,0.717
glyph16_U0078,glyph16,20000,201,12694,178,61786,ClassCap,60018,603,66992,TreeCheaper,60018,603,78,4.272
glyph16_U0079,glyph16,5000,814,4808,700,3917,ClassCap,171035,3110,473655,Shared,171968,3173,164,0.013
glyph16_U0079,glyph16,10000,814,9370,670,12769,ClassCap,169558,2818,370098,Shared,169686,2826,238,0.052
glyph16_U0079,glyph16,20000,814,16560,679,24036,ClassCap,148626,2931,517452,Shared,148685,2930,212,0.079
glyph16_U007A,glyph16,5000,147,2847,120,9092,ClassCap,40391,401,51578,TreeCheaper,40391,401,40,0.071
glyph16_U007A,glyph16,10000,147,7587,108,35641,ClassCap,40320,330,51252,TreeCheaper,40320,330,42,0.985
glyph16_U007A,glyph16,20000,147,14811,105,71008,ClassCap,40312,322,51228,TreeCheaper,40312,322,39,6.891
glyph16_U007B,glyph16,5000,1885,4994,1826,2970,ClassCap,426878,8048,1794996,Shared,427598,8093,942,0.017
glyph16_U007B,glyph16,10000,1885,9732,1598,7718,ClassCap,392525,7145,1199567,Shared,395066,7346,539,0.028
glyph16_U007B,glyph16,20000,1885,18852,1513,26101,ClassCap,381171,6456,884190,Shared,383491,6601,568,0.413
glyph16_U007C,glyph16,5000,70,4327,46,15936,ClassCap,19343,128,25225,TreeCheaper,19343,128,20,0.274
glyph16_U007C,glyph16,10000,70,7269,45,24237,ClassCap,19295,125,24937,TreeCheaper,19295,125,18,0.501
glyph16_U007C,glyph16,20000,70,15492,45,55934,ClassCap,19295,125,24937,TreeCheaper,19295,125,18,2.000
glyph16_U007D,glyph16,5000,1877,4994,1819,2983,ClassCap,426863,8048,1841901,Shared,427583,8093,924,0.018
glyph16_U007D,glyph16,10000,1877,9739,1597,7717,ClassCap,394071,7176,1195025,Shared,396484,7369,537,0.028
glyph16_U007D,glyph16,20000,1877,18729,1502,26335,ClassCap,382435,6460,877390,Shared,385219,6634,574,0.465
glyph16_U007E,glyph16,5000,1842,4983,1801,3017,ClassCap,393348,8043,1869074,Shared,394068,8088,942,0.017
glyph16_U007E,glyph16,10000,1842,9753,1563,7827,ClassCap,366378,7098,1090008,Shared,370278,7398,518,0.027
glyph16_U007E,glyph16,20000,1842,19130,1493,25522,ClassCap,358551,6471,874698,Shared,361559,6659,570,0.288
glyph32_U0020,glyph32,5000,1,1,1,0,Quiesced,0,0,0,TreeCheaper,0,0,0,0.000
glyph32_U0020,glyph32,10000,1,1,1,0,Quiesced,0,0,0,TreeCheaper,0,0,0,0.000
glyph32_U0020,glyph32,20000,1,1,1,0,Quiesced,0,0,0,TreeCheaper,0,0,0,0.000
glyph32_U0021,glyph32,5000,138,2674,105,8771,ClassCap,142590,362,197882,TreeCheaper,142590,362,35,0.066
glyph32_U0021,glyph32,10000,138,7498,91,34659,ClassCap,142503,275,197428,TreeCheaper,142503,275,38,0.864
glyph32_U0021,glyph32,20000,138,14431,86,69303,ClassCap,137369,256,197404,TreeCheaper,137369,256,33,5.911
glyph32_U0022,glyph32,5000,93,1642,62,17694,Quiesced,114441,175,142696,TreeCheaper,114441,175,25,0.123
glyph32_U0022,glyph32,10000,93,1642,62,17694,Quiesced,114441,175,142696,TreeCheaper,114441,175,25,0.123
glyph32_U0022,glyph32,20000,93,1642,62,17694,Quiesced,114441,175,142696,TreeCheaper,114441,175,25,0.122
glyph32_U0023,glyph32,5000,290,3379,272,5950,ClassCap,398440,1051,509781,TreeCheaper,398440,1051,82,0.021
glyph32_U0023,glyph32,10000,290,6079,276,17063,ClassCap,414549,1071,492428,TreeCheaper,414549,1071,121,0.212
glyph32_U0023,glyph32,20000,290,9805,260,40740,ClassCap,413127,1013,489735,TreeCheaper,413127,1013,111,1.067
glyph32_U0024,glyph32,5000,2844,5000,2740,2184,ClassCap,2325432,12119,7061479,Shared,2325432,12119,1564,0.018
glyph32_U0024,glyph32,10000,2844,9939,2850,6451,ClassCap,2093944,12604,7641988,Shared,2094471,12635,1172,0.033
glyph32_U0024,glyph32,20000,2844,19617,2301,21299,ClassCap,2034644,9848,3750784,TreeCheaper,2042676,10099,678,0.180
glyph32_U0025,glyph32,5000,3994,5000,3921,843,ClassCap,17492804,17484,208867540,TreeCheaper,17492804,17484,394,0.020
glyph32_U0025,glyph32,10000,3994,9988,3870,5403,ClassCap,3057299,17563,8931310,Shared,3059059,17618,2129,0.035
glyph32_U0025,glyph32,20000,3994,19525,3587,15282,ClassCap,2837506,16475,7340191,Shared,2848579,16884,1309,0.060
glyph32_U0026,glyph32,5000,3564,5000,3509,1278,ClassCap,15342471,15451,192051873,TreeCheaper,15342471,15451,797,0.019
glyph32_U0026,glyph32,10000,3564,9971,3522,6117,ClassCap,2651805,15751,8747226,Shared,2653826,15819,1737,0.034
glyph32_U0026,glyph32,20000,3564,19496,3019,15565,ClassCap,2530709,13757,5591682,Shared,2539550,14135,879,0.054
glyph32_U0027,glyph32,5000,73,1152,46,12774,Quiesced,72447,124,88660,TreeCheaper,72447,124,16,0.073
glyph32_U0027,glyph32,10000,73,1152,46,12774,Quiesced,72447,124,88660,TreeCheaper,72447,124,16,0.074
glyph32_U0027,glyph32,20000,73,1152,46,12774,Quiesced,72447,124,88660,TreeCheaper,72447,124,16,0.074
glyph32_U0028,glyph32,5000,908,4862,761,3850,ClassCap,623324,3417,1410070,Shared,624634,3487,228,0.014
glyph32_U0028,glyph32,10000,908,9583,732,12387,ClassCap,617124,3138,1154328,Shared,619652,3217,270,0.056
glyph32_U0028,glyph32,20000,908,18010,749,25380,ClassCap,538531,3285,1650696,Shared,538371,3280,251,0.078
glyph32_U0029,glyph32,5000,827,4863,692,3932,ClassCap,579905,3119,1245864,Shared,581210,3184,196,0.013
glyph32_U0029,glyph32,10000,827,9562,674,12038,ClassCap,575721,2903,1049316,Shared,577065,2945,251,0.052
glyph32_U0029,glyph32,20000,827,17772,694,24607,ClassCap,502215,3053,1551342,Shared,501739,3042,243,0.070
glyph32_U002A,glyph32,5000,320,3765,302,6378,ClassCap,370817,1204,494844,TreeCheaper,370817,1204,87,0.021
glyph32_U002A,glyph32,10000,320,7293,304,18399,ClassCap,401508,1236,477156,TreeCheaper,401508,1236,120,0.227
glyph32_U002A,glyph32,20000,320,9886,296,44466,ClassCap,401057,1157,475852,TreeCheaper,401057,1157,132,0.647
glyph32_U002B,glyph32,5000,124,2289,73,18015,ClassCap,131273,205,196732,TreeCheaper,131273,205,27,0.086
glyph32_U002B,glyph32,10000,124,5448,73,161545,ClassCap,131273,205,196732,TreeCheaper,131273,205,27,1.161
glyph32_U002B,glyph32,20000,124,11354,73,426407,ClassCap,131273,205,196732,TreeCheaper,131273,205,27,3.392
glyph32_U002C,glyph32,5000,114,2553,93,13534,ClassCap,126329,314,144186,TreeCheaper,126329,314,35,0.070
glyph32_U002C,glyph32,10000,114,2752,88,28182,Quiesced,126291,276,144072,TreeCheaper,126291,276,36,0.194
glyph32_U002C,glyph32,20000,114,2752,88,28182,Quiesced,126291,276,144072,TreeCheaper,126291,276,36,0.193
glyph32_U002D,glyph32,5000,74,1138,47,12610,Quiesced,72447,124,88660,TreeCheaper,72447,124,16,0.069
glyph32_U002D,glyph32,10000,74,1138,47,12610,Quiesced,72447,124,88660,TreeCheaper,72447,124,16,0.069
glyph32_U002D,glyph32,20000,74,1138,47,12610,Quiesced,72447,124,88660,TreeCheaper,72447,124,16,0.069
glyph32_U002E,glyph32,5000,70,3542,43,18246,ClassCap,72319,120,88468,TreeCheaper,72319,120,17,0.197
glyph32_U002E,glyph32,10000,70,7496,43,36512,ClassCap,72319,120,88468,TreeCheaper,72319,120,17,1.250
glyph32_U002E,glyph32,20000,70,10948,43,46386,ClassCap,72319,120,88468,TreeCheaper,72319,120,17,2.315
glyph32_U002F,glyph32,5000,84,2981,66,11709,ClassCap,78714,222,90054,TreeCheaper,78714,222,23,0.091
glyph32_U002F,glyph32,10000,84,7891,61,37598,ClassCap,78676,184,89940,TreeCheaper,78676,184,23,0.693
glyph32_U002F,glyph32,20000,84,15406,61,72555,ClassCap,78676,184,89940,TreeCheaper,78676,184,23,2.678
glyph32_U0030,glyph32,5000,2514,5000,2408,2286,ClassCap,1998767,10954,5792144,Shared,1998767,10954,1388,0.018
glyph32_U0030,glyph32,10000,2514,9924,2491,6851,ClassCap,1813598,11351,7022814,Shared,1819176,11535,1006,0.032
glyph32_U0030,glyph32,20000,2514,19627,2027,23013,ClassCap,1790752,9058,3395200,Shared,1801568,9396,651,0.681
glyph32_U0031,glyph32,5000,157,3104,133,9593,ClassCap,192180,445,227496,TreeCheaper,192180,445,51,0.081
glyph32_U0031,glyph32,10000,157,5256,122,22547,ClassCap,192018,407,227042,TreeCheaper,192018,407,47,0.307
glyph32_U0031,glyph32,20000,157,14669,116,75768,ClassCap,191970,359,226918,TreeCheaper,191970,359,48,6.407
glyph32_U0032,glyph32,5000,1773,4992,1755,3048,ClassCap,1320896,7798,4414117,Shared,1321056,7803,870,0.017
glyph32_U0032,glyph32,10000,1773,9763,1508,7766,ClassCap,1260500,6829,2396380,Shared,1265168,7033,435,0.027
glyph32_U0032,glyph32,20000,1773,19197,1444,24530,ClassCap,1248401,6200,2299526,Shared,1253425,6357,539,0.311
glyph32_U0033,glyph32,5000,2659,5000,2548,2247,ClassCap,2108174,11458,6022008,Shared,2108174,11458,1460,0.019
glyph32_U0033,glyph32,10000,2659,9917,2630,6721,ClassCap,1903217,11845,7121633,Shared,1909440,12054,1083,0.034
glyph32_U0033,glyph32,20000,2659,19726,2163,22175,ClassCap,1889484,9489,3566642,Shared,1898380,9767,672,0.743
glyph32_U0034,glyph32,5000,167,3051,129,9777,ClassCap,185099,432,251907,TreeCheaper,185099,432,47,0.083
glyph32_U0034,glyph32,10000,167,5177,119,22555,ClassCap,184941,398,251436,TreeCheaper,184941,398,44,0.311
glyph32_U0034,glyph32,20000,167,14761,113,75122,ClassCap,184893,350,251312,TreeCheaper,184893,350,45,6.008
glyph32_U0035,glyph32,5000,1828,4993,1787,3018,ClassCap,1406145,7952,4496913,Shared,1406785,7972,916,0.017
glyph32_U0035,glyph32,10000,1828,9757,1581,7793,ClassCap,1333228,7141,3109368,Shared,1339422,7383,528,0.028
glyph32_U0035,glyph32,20000,1828,18891,1481,26068,ClassCap,1317203,6399,2427184,Shared,1323379,6592,566,0.456
glyph32_U0036,glyph32,5000,2644,5000,2527,2258,ClassCap,2037530,11401,5817024,Shared,2037530,11401,1444,0.018
glyph32_U0036,glyph32,10000,2644,9936,2607,6721,ClassCap,1851820,11784,6821504,Shared,1857499,11976,1062,0.032
glyph32_U0036,glyph32,20000,2644,19717,2142,22304,ClassCap,1823718,9381,3436582,Shared,1832294,9649,654,0.836
glyph32_U0037,glyph32,5000,117,3534,97,15233,ClassCap,126221,330,143630,TreeCheaper,126221,330,38,0.162
glyph32_U0037,glyph32,10000,117,7129,90,31862,ClassCap,126171,280,143520,TreeCheaper,126171,280,36,0.767
glyph32_U0037,glyph32,20000,117,14267,87,63823,ClassCap,126163,272,143496,TreeCheaper,126163,272,33,4.877
glyph32_U0038,glyph32,5000,3405,5000,3325,1508,ClassCap,15002173,14789,194165728,TreeCheaper,15002173,14789,1004,0.019
glyph32_U0038,glyph32,10000,3405,9974,3368,6362,ClassCap,2519689,15261,8786250,Shared,2522020,15329,1672,0.035
glyph32_U0038,glyph32,20000,3405,19478,2866,15934,ClassCap,2406623,13268,5515090,Shared,2416318,13663,824,0.056
glyph32_U0039,glyph32,5000,2666,5000,2547,2264,ClassCap,2045594,11498,5912848,Shared,2045594,11498,1463,0.018
glyph32_U0039,glyph32,10000,2666,9921,2634,6752,ClassCap,1860001,11905,7049665,Shared,1866918,12126,1096,0.032
glyph32_U0039,glyph32,20000,2666,19746,2165,22174,ClassCap,1832070,9487,3495238,Shared,1841638,9786,654,0.841
glyph32_U003A,glyph32,5000,97,2762,52,12594,ClassCap,88927,143,142376,TreeCheaper,88927,143,18,0.105
glyph32_U003A,glyph32,10000,97,8279,52,40061,ClassCap,88927,143,142376,TreeCheaper,88927,143,19,1.953
glyph32_U003A,glyph32,20000,97,13102,52,54625,ClassCap,88927,143,142376,TreeCheaper,88927,143,18,3.765
glyph32_U003B,glyph32,5000,143,2710,122,8699,ClassCap,168464,413,198330,TreeCheaper,168464,413,44,0.049
glyph32_U003B,glyph32,10000,143,3723,108,49487,Quiesced,168509,334,198108,TreeCheaper,168509,334,45,0.555
glyph32_U003B,glyph32,20000,143,3723,108,49487,Quiesced,168509,334,198108,TreeCheaper,168509,334,45,0.558
glyph32_U003C,glyph32,5000,178,3095,156,9174,ClassCap,193360,571,236959,TreeCheaper,193360,571,56,0.061
glyph32_U003C,glyph32,10000,178,4646,147,31303,ClassCap,193139,474,236320,TreeCheaper,193139,474,61,0.265
glyph32_U003C,glyph32,20000,178,5723,143,58193,Quiesced,193127,462,236272,TreeCheaper,193127,462,58,1.320
glyph32_U003D,glyph32,5000,97,3764,54,11779,ClassCap,93055,148,159122,TreeCheaper,93055,148,19,0.112
glyph32_U003D,glyph32,10000,97,7609,54,27694,ClassCap,93055,148,159122,TreeCheaper,93055,148,20,0.470
glyph32_U003D,glyph32,20000,97,15130,54,66225,ClassCap,93055,148,159122,TreeCheaper,93055,148,20,2.979
glyph32_U003E,glyph32,5000,178,3088,156,9133,ClassCap,193360,571,242054,TreeCheaper,193360,571,57,0.062
glyph32_U003E,glyph32,10000,178,4658,147,31208,ClassCap,193139,474,241419,TreeCheaper,193139,474,62,0.288
glyph32_U003E,glyph32,20000,178,5727,143,58222,Quiesced,193127,462,241371,TreeCheaper,193127,462,59,1.421
glyph32_U003F,glyph32,5000,1928,4995,1879,2890,ClassCap,1537156,8267,4517539,Shared,1537796,8287,962,0.018
glyph32_U003F,glyph32,10000,1928,9759,1683,7579,ClassCap,1428604,7502,2796109,Shared,1432654,7677,560,0.029
glyph32_U003F,glyph32,20000,1928,18861,1570,25855,ClassCap,1416264,6694,2578624,Shared,1421768,6866,592,0.440
glyph32_U0040,glyph32,5000,3513,5000,3434,1378,ClassCap,15355560,15241,193557657,TreeCheaper,15355560,15241,849,0.019
glyph32_U0040,glyph32,10000,3513,9962,3445,6255,ClassCap,2642476,15567,8764926,Shared,2644076,15617,1730,0.035
glyph32_U0040,glyph32,20000,3513,19510,2993,15810,ClassCap,2517962,13782,5732667,Shared,2528996,14214,900,0.055
glyph32_U0041,glyph32,5000,164,3699,160,9718,ClassCap,186540,633,201372,TreeCheaper,186540,633,55,0.086
glyph32_U0041,glyph32,10000,164,6007,150,24717,ClassCap,185772,609,200016,TreeCheaper,185772,609,58,0.488
glyph32_U0041,glyph32,20000,164,13000,128,83169,ClassCap,175336,403,199644,TreeCheaper,175336,403,52,9.015
glyph32_U0042,glyph32,5000,1820,4990,1772,3044,ClassCap,1373452,7902,4378394,Shared,1374892,7947,903,0.017
glyph32_U0042,glyph32,10000,1820,9750,1541,7791,ClassCap,1295813,6988,2497895,Shared,1301106,7197,502,0.028
glyph32_U0042,glyph32,20000,1820,19002,1466,25611,ClassCap,1273865,6337,2325970,Shared,1279657,6518,561,0.525
glyph32_U0043,glyph32,5000,1807,4994,1770,3023,ClassCap,1346286,7954,4489242,Shared,1347726,7999,904,0.018
glyph32_U0043,glyph32,10000,1807,9756,1539,7797,ClassCap,1264435,7044,2955552,Shared,1270885,7294,510,0.028
glyph32_U0043,glyph32,20000,1807,19108,1469,25673,ClassCap,1247434,6411,2354144,Shared,1252522,6570,563,0.394
glyph32_U0044,glyph32,5000,939,4870,812,3915,ClassCap,683164,3644,1333323,Shared,685867,3743,276,0.014
glyph32_U0044,glyph32,10000,939,9371,752,13505,ClassCap,671657,3235,1177100,Shared,674953,3338,286,0.172
glyph32_U0044,glyph32,20000,939,18017,825,26661,ClassCap,658745,3622,1849651,Shared,659193,3636,284,0.237
glyph32_U0045,glyph32,5000,134,3532,83,15297,ClassCap,136750,226,186044,TreeCheaper,136750,226,29,0.140
glyph32_U0045,glyph32,10000,134,7147,83,31722,ClassCap,136750,226,186044,TreeCheaper,136750,226,30,0.686
glyph32_U0045,glyph32,20000,134,14804,83,64295,ClassCap,136750,226,186044,TreeCheaper,136750,226,29,4.178
glyph32_U0046,glyph32,5000,118,3185,72,14175,ClassCap,118089,196,161650,TreeCheaper,118089,196,25,0.120
glyph32_U0046,glyph32,10000,118,6855,72,29584,ClassCap,118089,196,161650,TreeCheaper,118089,196,26,0.627
glyph32_U0046,glyph32,20000,118,15018,72,60641,ClassCap,118089,196,161650,TreeCheaper,118089,196,25,3.548
glyph32_U0047,glyph32,5000,1854,4994,1801,2983,ClassCap,1419625,8009,4461279,Shared,1420905,8049,929,0.017
glyph32_U0047,glyph32,10000,1854,9758,1593,7743,ClassCap,1335235,7195,3051620,Shared,1341685,7445,536,0.028
glyph32_U0047,glyph32,20000,1854,18874,1511,26010,ClassCap,1321619,6537,2435532,Shared,1328243,6744,576,0.427
glyph32_U0048,glyph32,5000,118,3203,68,14394,ClassCap,130953,195,196284,TreeCheaper,130953,195,27,0.123
glyph32_U0048,glyph32,10000,118,6672,68,29750,ClassCap,130953,195,196284,TreeCheaper,130953,195,28,0.667
glyph32_U0048,glyph32,20000,118,14458,68,60454,ClassCap,130953,195,196284,TreeCheaper,130953,195,27,3.523
glyph32_U0049,glyph32,5000,122,3221,70,14631,ClassCap,131145,201,196284,TreeCheaper,131145,201,27,0.137
glyph32_U0049,glyph32,10000,122,6683,70,30069,ClassCap,131145,201,196284,TreeCheaper,131145,201,28,0.688
glyph32_U0049,glyph32,20000,122,14768,70,60868,ClassCap,131145,201,196284,TreeCheaper,131145,201,27,3.658
glyph32_U004A,glyph32,5000,982,4876,861,3864,ClassCap,744699,3799,1820828,Shared,748047,3923,301,0.026
glyph32_U004A,glyph32,10000,982,9412,795,13272,ClassCap,732531,3349,1299984,Shared,735123,3430,297,0.114
glyph32_U004A,glyph32,20000,982,17883,845,26409,ClassCap,704001,3649,1681033,Shared,703329,3628,303,0.154
glyph32_U004B,glyph32,5000,190,3750,171,10620,ClassCap,212906,649,249363,TreeCheaper,212906,649,61,0.099
glyph32_U004B,glyph32,10000,190,6285,160,26202,ClassCap,212249,612,248182,TreeCheaper,212249,612,60,0.487
glyph32_U004B,glyph32,20000,190,12678,154,55717,ClassCap,212149,512,247932,TreeCheaper,212149,512,65,3.564
glyph32_U004C,glyph32,5000,87,2669,55,12136,ClassCap,91012,151,112862,TreeCheaper,91012,151,20,0.092
glyph32_U004C,glyph32,10000,87,7930,55,39586,ClassCap,91012,151,112862,TreeCheaper,91012,151,21,1.737
glyph32_U004C,glyph32,20000,87,12209,55,52347,ClassCap,91012,151,112862,TreeCheaper,91012,151,21,3.318
glyph32_U004D,glyph32,5000,175,3654,159,10275,ClassCap,222058,594,253652,TreeCheaper,222058,594,63,0.091
glyph32_U004D,glyph32,10000,175,6024,147,25360,ClassCap,221521,553,252680,TreeCheaper,221521,553,59,0.444
glyph32_U004D,glyph32,20000,175,12092,142,53598,ClassCap,221441,473,252480,TreeCheaper,221441,473,64,3.008
glyph32_U004E,glyph32,5000,130,2645,104,8669,ClassCap,162681,334,197882,TreeCheaper,162681,334,42,0.060
glyph32_U004E,glyph32,10000,130,7446,93,34033,ClassCap,162631,284,197428,TreeCheaper,162631,284,41,0.785
glyph32_U004E,glyph32,20000,130,14581,91,67232,ClassCap,162627,280,197404,TreeCheaper,162627,280,39,5.002
glyph32_U004F,glyph32,5000,1707,4991,1685,3153,ClassCap,1261872,7581,4598407,Shared,1262512,7601,823,0.017
glyph32_U004F,glyph32,10000,1707,9760,1467,7985,ClassCap,1217303,6722,2940130,Shared,1222975,6938,425,0.028
glyph32_U004F,glyph32,20000,1707,19163,1378,25323,ClassCap,1202409,6057,2247554,Shared,1207113,6204,536,0.568
glyph32_U0050,glyph32,5000,957,4874,828,3899,ClassCap,702268,3683,1420622,Shared,704971,3782,284,0.015
glyph32_U0050,glyph32,10000,957,9367,765,13534,ClassCap,683369,3260,1212114,Shared,686345,3353,290,0.181
glyph32_U0050,glyph32,20000,957,17961,785,26760,ClassCap,662622,3407,1510603,Shared,662558,3405,264,0.245
glyph32_U0051,glyph32,5000,1994,4998,1931,2783,ClassCap,1561901,8708,4594672,Shared,1562701,8733,1051,0.018
glyph32_U0051,glyph32,10000,1994,9803,1823,7654,ClassCap,1454581,8307,3790476,Shared,1460883,8533,642,0.029
glyph32_U0051,glyph32,20000,1994,19369,1624,25189,ClassCap,1432778,7150,2663660,Shared,1439658,7365,637,1.196
glyph32_U0052,glyph32,5000,1444,4972,1445,3235,ClassCap,1046402,6383,3880286,Shared,1049063,6471,591,0.017
glyph32_U0052,glyph32,10000,1444,9859,1172,10711,ClassCap,1034815,4995,1911534,Shared,1038943,5124,341,0.122
glyph32_U0052,glyph32,20000,1444,18507,1128,26078,ClassCap,1031199,4882,1698574,Shared,1035167,5006,413,0.301
glyph32_U0053,glyph32,5000,2733,5000,2623,2225,ClassCap,2136248,11756,6283102,Shared,2136248,11756,1499,0.019
glyph32_U0053,glyph32,10000,2733,9943,2728,6607,ClassCap,1934388,12233,7292779,Shared,1939134,12391,1118,0.034
glyph32_U0053,glyph32,20000,2733,19715,2227,21798,ClassCap,1911519,9669,3591432,Shared,1920511,9950,665,0.606
glyph32_U0054,glyph32,5000,97,2882,62,13286,ClassCap,114537,178,142376,TreeCheaper,114537,178,25,0.112
glyph32_U0054,glyph32,10000,97,6089,62,27253,ClassCap,114537,178,142376,TreeCheaper,114537,178,26,0.592
glyph32_U0054,glyph32,20000,97,12720,62,55552,ClassCap,114537,178,142376,TreeCheaper,114537,178,25,3.759
glyph32_U0055,glyph32,5000,1779,4991,1758,3049,ClassCap,1382254,7838,4612101,Shared,1383854,7888,882,0.017
glyph32_U0055,glyph32,10000,1779,9745,1500,7810,ClassCap,1324873,6815,2952604,Shared,1330570,7056,458,0.027
glyph32_U0055,glyph32,20000,1779,19157,1443,24575,ClassCap,1313592,6291,2445549,Shared,1318872,6456,550,0.192
glyph32_U0056,glyph32,5000,121,2821,114,8160,ClassCap,132156,437,145436,TreeCheaper,132156,437,34,0.062
glyph32_U0056,glyph32,10000,121,6710,97,34680,ClassCap,126906,302,144664,TreeCheaper,126906,302,40,0.918
glyph32_U0056,glyph32,20000,121,11883,93,69839,ClassCap,126894,290,144616,TreeCheaper,126894,290,37,5.692
glyph32_U0057,glyph32,5000,204,3864,194,10887,ClassCap,235280,796,247760,TreeCheaper,235280,796,64,0.190
glyph32_U0057,glyph32,10000,204,6892,185,27866,ClassCap,235240,756,246656,TreeCheaper,235240,756,75,0.859
glyph32_U0057,glyph32,20000,204,14607,175,60183,ClassCap,235076,592,246376,TreeCheaper,235076,592,79,4.370
glyph32_U0058,glyph32,5000,201,4050,205,10197,ClassCap,232164,842,259364,TreeCheaper,232164,842,77,0.108
glyph32_U0058,glyph32,10000,201,7262,203,28325,ClassCap,239352,838,255208,TreeCheaper,239352,838,91,0.712
glyph32_U0058,glyph32,20000,201,12578,184,61261,ClassCap,239152,638,254768,TreeCheaper,239152,638,81,4.236
glyph32_U0059,glyph32,5000,151,3253,140,9522,ClassCap,180024,534,199710,TreeCheaper,180024,534,52,0.076
glyph32_U0059,glyph32,10000,151,5345,131,23234,ClassCap,179495,501,198772,TreeCheaper,179495,501,49,0.351
glyph32_U0059,glyph32,20000,151,13296,121,76692,ClassCap,179399,405,198524,TreeCheaper,179399,405,49,8.382
glyph32_U005A,glyph32,5000,148,2922,126,9221,ClassCap,168688,420,197882,TreeCheaper,168688,420,44,0.072
glyph32_U005A,glyph32,10000,148,7609,113,36344,ClassCap,168613,345,197428,TreeCheaper,168613,345,45,1.069
glyph32_U005A,glyph32,20000,148,14905,110,72238,ClassCap,168605,337,197404,TreeCheaper,168605,337,42,7.562
glyph32_U005B,glyph32,5000,105,1527,64,16687,Quiesced,99556,170,137576,TreeCheaper,99556,170,21,0.112
glyph32_U005B,glyph32,10000,105,1527,64,16687,Quiesced,99556,170,137576,TreeCheaper,99556,170,21,0.110
glyph32_U005B,glyph32,20000,105,1527,64,16687,Quiesced,99556,170,137576,TreeCheaper,99556,170,21,0.109
glyph32_U005C,glyph32,5000,84,2957,70,11752,ClassCap,78970,230,90150,TreeCheaper,78970,230,25,0.092
glyph32_U005C,glyph32,10000,84,7873,65,37505,ClassCap,78932,192,90036,TreeCheaper,78932,192,25,0.762
glyph32_U005C,glyph32,20000,84,15356,65,72321,ClassCap,78932,192,90036,TreeCheaper,78932,192,25,2.796
glyph32_U005D,glyph32,5000,105,1558,65,16993,Quiesced,104676,175,147816,TreeCheaper,104676,175,22,0.118
glyph32_U005D,glyph32,10000,105,1558,65,16993,Quiesced,104676,175,147816,TreeCheaper,104676,175,22,0.120
glyph32_U005D,glyph32,20000,105,1558,65,16993,Quiesced,104676,175,147816,TreeCheaper,104676,175,22,0.122
glyph32_U005E,glyph32,5000,125,3207,117,8188,ClassCap,132284,441,145660,TreeCheaper,132284,441,35,0.046
glyph32_U005E,glyph32,10000,125,6394,111,21381,ClassCap,132500,409,145580,TreeCheaper,132500,409,44,0.241
glyph32_U005E,glyph32,20000,125,15022,107,50010,ClassCap,132440,349,145400,TreeCheaper,132440,349,48,1.153
glyph32_U005F,glyph32,5000,72,3085,44,17277,ClassCap,68346,115,80447,TreeCheaper,68346,115,15,0.233
glyph32_U005F,glyph32,10000,72,5176,44,33484,ClassCap,68346,115,80447,TreeCheaper,68346,115,15,0.852
glyph32_U005F,glyph32,20000,72,10053,44,86033,ClassCap,68346,115,80447,TreeCheaper,68346,115,15,5.243
glyph32_U0060,glyph32,5000,85,3671,74,12657,ClassCap,78980,240,90160,TreeCheaper,78980,240,29,0.068
glyph32_U0060,glyph32,10000,85,7890,69,29135,ClassCap,78940,200,90060,TreeCheaper,78940,200,27,0.405
glyph32_U0060,glyph32,20000,85,12205,69,38445,ClassCap,78940,200,90060,TreeCheaper,78940,200,27,0.985
glyph32_U0061,glyph32,5000,2500,5000,2393,2274,ClassCap,2002564,10690,5481598,Shared,2002564,10690,1371,0.018
glyph32_U0061,glyph32,10000,2500,9912,2454,6862,ClassCap,1818237,10999,6566813,Shared,1823495,11173,1001,0.033
glyph32_U0061,glyph32,20000,2500,19635,2023,23144,ClassCap,1770444,8776,3370142,Shared,1780236,9082,642,0.739
glyph32_U0062,glyph32,5000,1822,4992,1779,3026,ClassCap,1373948,7964,4479103,Shared,1374748,7989,902,0.017
glyph32_U0062,glyph32,10000,1822,9753,1550,7796,ClassCap,1293214,7055,2959435,Shared,1299403,7292,514,0.028
glyph32_U0062,glyph32,20000,1822,18892,1477,26145,ClassCap,1277421,6452,2381798,Shared,1285133,6693,570,0.502
glyph32_U0063,glyph32,5000,1817,4994,1773,3016,ClassCap,1350163,7956,4425535,Shared,1351603,8001,910,0.017
glyph32_U0063,glyph32,10000,1817,9762,1547,7772,ClassCap,1264706,7067,2966684,Shared,1271156,7317,516,0.028
glyph32_U0063,glyph32,20000,1817,18864,1468,26104,ClassCap,1247466,6412,2340480,Shared,1253002,6585,567,0.411
glyph32_U0064,glyph32,5000,1819,4989,1770,3029,ClassCap,1366292,7934,4417564,Shared,1367572,7974,910,0.018
glyph32_U0064,glyph32,10000,1819,9753,1550,7807,ClassCap,1303213,7072,2964299,Shared,1309146,7301,511,0.028
glyph32_U0064,glyph32,20000,1819,18874,1464,26223,ClassCap,1280493,6393,2360102,Shared,1286669,6586,573,0.489
glyph32_U0065,glyph32,5000,1865,4993,1818,2965,ClassCap,1404233,8086,4444973,Shared,1405513,8126,940,0.018
glyph32_U0065,glyph32,10000,1865,9757,1611,7714,ClassCap,1334385,7275,3078420,Shared,1340323,7509,544,0.028
glyph32_U0065,glyph32,20000,1865,18830,1516,26118,ClassCap,1315835,6550,2409076,Shared,1322459,6757,579,0.442
glyph32_U0066,glyph32,5000,576,4781,447,6766,ClassCap,470479,1821,827370,Shared,471919,1866,162,0.084
glyph32_U0066,glyph32,10000,576,8800,456,14204,ClassCap,444028,1875,890457,Shared,444156,1879,162,0.122
glyph32_U0066,glyph32,20000,576,17965,526,40334,ClassCap,411885,2158,1995050,Shared,413165,2198,184,0.734
glyph32_U0067,glyph32,5000,2694,5000,2569,2275,ClassCap,2168768,11540,6118368,Shared,2168768,11540,1473,0.019
glyph32_U0067,glyph32,10000,2694,9935,2666,6733,ClassCap,1946917,11990,7235277,Shared,1954090,12219,1098,0.033
glyph32_U0067,glyph32,20000,2694,19546,2166,22553,ClassCap,1916140,9485,3610974,Shared,1927020,9825,658,0.499
glyph32_U0068,glyph32,5000,987,4881,875,3873,ClassCap,755043,3882,1707267,Shared,757367,3974,306,0.014
glyph32_U0068,glyph32,10000,987,9450,792,13396,ClassCap,738351,3341,1330590,Shared,741327,3434,298,0.182
glyph32_U0068,glyph32,20000,987,17970,807,26861,ClassCap,704846,3471,1515009,Shared,704174,3450,279,0.235
glyph32_U0069,glyph32,5000,141,3725,87,16090,ClassCap,154963,242,225833,TreeCheaper,154963,242,34,0.178
glyph32_U0069,glyph32,10000,141,7438,84,33099,ClassCap,154958,237,225798,TreeCheaper,154958,237,33,0.792
glyph32_U0069,glyph32,20000,141,15026,84,66171,ClassCap,154958,237,225798,TreeCheaper,154958,237,32,4.615
glyph32_U006A,glyph32,5000,568,4718,450,6745,ClassCap,464627,1828,803088,Shared,465875,1867,170,0.046
glyph32_U006A,glyph32,10000,568,8784,473,13812,ClassCap,440298,1958,988534,Shared,440650,1969,168,0.065
glyph32_U006A,glyph32,20000,568,17936,488,38413,ClassCap,402445,1956,1458692,Shared,402701,1964,182,0.577
glyph32_U006B,glyph32,5000,194,3764,174,10682,ClassCap,213034,653,249363,TreeCheaper,213034,653,61,0.095
glyph32_U006B,glyph32,10000,194,6313,163,26316,ClassCap,212377,616,248182,TreeCheaper,212377,616,60,0.478
glyph32_U006B,glyph32,20000,194,12726,157,55954,ClassCap,212277,516,247932,TreeCheaper,212277,516,65,3.603
glyph32_U006C,glyph32,5000,538,4789,432,6691,ClassCap,431247,1773,725848,Shared,432815,1822,162,0.063
glyph32_U006C,glyph32,10000,538,8892,437,13771,ClassCap,404486,1827,847648,Shared,404454,1826,149,0.081
glyph32_U006C,glyph32,20000,538,18272,526,39043,ClassCap,388525,2172,1966744,Shared,387469,2139,185,0.537
glyph32_U006D,glyph32,5000,1769,4992,1741,3053,ClassCap,1461183,7748,4668251,Shared,1463007,7805,877,0.017
glyph32_U006D,glyph32,10000,1769,9769,1519,7822,ClassCap,1390104,6884,2612359,Shared,1395210,7092,461,0.028
glyph32_U006D,glyph32,20000,1769,19157,1433,25091,ClassCap,1374357,6203,2489322,Shared,1379285,6357,555,0.602
glyph32_U006E,glyph32,5000,988,4882,876,3872,ClassCap,755043,3882,1707267,Shared,757367,3974,306,0.019
glyph32_U006E,glyph32,10000,988,9447,788,13401,ClassCap,738447,3344,1313950,Shared,741871,3451,301,0.187
glyph32_U006E,glyph32,20000,988,17964,797,26858,ClassCap,704314,3435,1517895,Shared,703930,3423,273,0.297
glyph32_U006F,glyph32,5000,1647,4994,1632,3231,ClassCap,1255759,7358,4591013,Shared,1257834,7418,783,0.019
glyph32_U006F,glyph32,10000,1647,9763,1391,8095,ClassCap,1208303,6402,2819074,Shared,1214118,6637,396,0.028
glyph32_U006F,glyph32,20000,1647,19026,1339,25459,ClassCap,1199044,5947,2237540,Shared,1202308,6049,538,0.531
glyph32_U0070,glyph32,5000,1820,4989,1770,3035,ClassCap,1361817,7954,4412599,Shared,1362457,7974,911,0.017
glyph32_U0070,glyph32,10000,1820,9757,1545,7802,ClassCap,1298216,7066,2970183,Shared,1303920,7283,512,0.027
glyph32_U0070,glyph32,20000,1820,18829,1463,26301,ClassCap,1276205,6414,2355494,Shared,1281901,6592,574,0.486
glyph32_U0071,glyph32,5000,1821,4992,1765,3030,ClassCap,1378281,7926,4481773,Shared,1379721,7971,903,0.017
glyph32_U0071,glyph32,10000,1821,9757,1546,7789,ClassCap,1298339,7065,2964555,Shared,1304272,7294,517,0.029
glyph32_U0071,glyph32,20000,1821,18824,1473,26295,ClassCap,1282765,6464,2385926,Shared,1290157,6695,574,0.497
glyph32_U0072,glyph32,5000,990,4883,879,3860,ClassCap,725501,3883,1703739,Shared,728086,3988,306,0.014
glyph32_U0072,glyph32,10000,990,9505,799,13154,ClassCap,709932,3349,1314264,Shared,712492,3429,295,0.149
glyph32_U0072,glyph32,20000,990,17944,806,26557,ClassCap,681702,3453,1423288,Shared,680710,3422,274,0.199
glyph32_U0073,glyph32,5000,2629,5000,2526,2234,ClassCap,2083536,11279,5875783,Shared,2083536,11279,1434,0.018
glyph32_U0073,glyph32,10000,2629,9931,2615,6674,ClassCap,1889853,11687,6859331,Shared,1895047,11859,1055,0.032
glyph32_U0073,glyph32,20000,2629,19727,2145,22198,ClassCap,1864938,9278,3481750,Shared,1872490,9514,663,0.620
glyph32_U0074,glyph32,5000,572,4784,441,6723,ClassCap,469743,1798,821930,Shared,471023,1838,165,0.073
glyph32_U0074,glyph32,10000,572,8777,460,14085,ClassCap,444122,1907,938547,Shared,443802,1897,168,0.089
glyph32_U0074,glyph32,20000,572,17596,484,40860,ClassCap,404315,1935,1016240,Shared,432013,1981,178,0.539
glyph32_U0075,glyph32,5000,990,4877,864,3868,ClassCap,758820,3815,1715849,Shared,762168,3939,306,0.014
glyph32_U0075,glyph32,10000,990,9410,800,13292,ClassCap,744019,3367,1346582,Shared,746867,3456,301,0.095
glyph32_U0075,glyph32,20000,990,17871,815,26468,ClassCap,710492,3506,1522539,Shared,709820,3485,286,0.140
glyph32_U0076,glyph32,5000,121,2821,114,8160,ClassCap,132156,437,145436,TreeCheaper,132156,437,34,0.059
glyph32_U0076,glyph32,10000,121,6721,103,34668,ClassCap,132056,337,144664,TreeCheaper,132056,337,43,0.880
glyph32_U0076,glyph32,20000,121,12250,98,69825,ClassCap,132040,321,144616,TreeCheaper,132040,321,39,5.150
glyph32_U0077,glyph32,5000,201,3688,193,10514,ClassCap,235120,791,247760,TreeCheaper,235120,791,63,0.105
glyph32_U0077,glyph32,10000,201,6195,181,26280,ClassCap,235080,751,246656,TreeCheaper,235080,751,74,0.577
glyph32_U0077,glyph32,20000,201,11140,170,54993,ClassCap,234912,583,246376,TreeCheaper,234912,583,77,3.613
glyph32_U0078,glyph32,5000,201,4081,200,10180,ClassCap,228058,828,260378,TreeCheaper,228058,828,75,0.108
glyph32_U0078,glyph32,10000,201,7311,202,28471,ClassCap,239352,838,255208,TreeCheaper,239352,838,91,0.718
glyph32_U0078,glyph32,20000,201,12694,178,61786,ClassCap,234002,603,254768,TreeCheaper,234002,603,78,4.281
glyph32_U0079,glyph32,5000,814,4808,700,3917,ClassCap,614027,3110,1263943,Shared,615888,3173,164,0.013
glyph32_U0079,glyph32,10000,814,9370,670,12769,ClassCap,611286,2818,1060386,Shared,611542,2826,238,0.052
glyph32_U0079,glyph32,20000,814,16560,679,24036,ClassCap,525250,2931,1307820,Shared,525373,2930,212,0.080
glyph32_U007A,glyph32,5000,147,2847,120,9092,ClassCap,158439,401,197882,TreeCheaper,158439,401,40,0.071
glyph32_U007A,glyph32,10000,147,7587,108,35641,ClassCap,158368,330,197428,TreeCheaper,158368,330,42,0.981
glyph32_U007A,glyph32,20000,147,14811,105,71008,ClassCap,158360,322,197404,TreeCheaper,158360,322,39,6.946
glyph32_U007B,glyph32,5000,1885,4994,1826,2970,ClassCap,1497598,8048,4413236,Shared,1499038,8093,942,0.018
glyph32_U007B,glyph32,10000,1885,9732,1598,7718,ClassCap,1386397,7145,3108031,Shared,1391434,7346,539,0.028
glyph32_U007B,glyph32,20000,1885,18852,1513,26101,ClassCap,1356723,6456,2486990,Shared,1361363,6601,568,0.413
glyph32_U007C,glyph32,5000,70,4327,46,15936,ClassCap,76543,128,97449,TreeCheaper,76543,128,20,0.273
glyph32_U007C,glyph32,10000,70,7269,45,24237,ClassCap,76447,125,96873,TreeCheaper,76447,125,18,0.498
glyph32_U007C,glyph32,20000,70,15492,45,55934,ClassCap,76447,125,96873,TreeCheaper,76447,125,18,1.981
glyph32_U007D,glyph32,5000,1877,4994,1819,2983,ClassCap,1497567,8048,4508877,Shared,1499007,8093,924,0.018
glyph32_U007D,glyph32,10000,1877,9739,1597,7717,ClassCap,1392039,7176,3101537,Shared,1396820,7369,537,0.028
glyph32_U007D,glyph32,20000,1877,18729,1502,26335,ClassCap,1361811,6460,2475950,Shared,1367379,6634,574,0.467
glyph32_U007E,glyph32,5000,1842,4983,1801,3017,ClassCap,1358868,8043,4459730,Shared,1360308,8088,942,0.017
glyph32_U007E,glyph32,10000,1842,9753,1563,7827,ClassCap,1280330,7098,2805624,Shared,1288070,7398,518,0.028
glyph32_U007E,glyph32,20000,1842,19130,1493,25522,ClassCap,1262343,6471,2388762,Shared,1268359,6659,570,0.287
